date,vlcc_1y_tc,vlcc_3y_tc,suezmax_1y_tc,suezmax_3y_tc,aframax_1y_tc,aframax_3y_tc,lr1_1y_tc,lr1_3y_tc,mr_1y_tc,mr_3y_tc,handy_tanker_1y_tc,handy_tanker_3y_tc,capesize_1y_tc,capesize_3y_tc,panamax_1y_tc,panamax_3y_tc,supramax_1y_tc,supramax_3y_tc,handysize_1y_tc,handysize_3y_tc,source
2025-03-07,44500,45000,35000,33000,32000,29500,24500,21500,21500,20000,18000,17000,25000,21500,13250,11500,12500,12500,10000,10000,intermodal
2025-03-21,44500,45000,35250,33000,32000,28500,24500,21500,21250,19250,18000,17000,24000,21500,14000,11750,12750,12500,10500,10000,intermodal
2025-04-04,47500,45000,35000,33000,30000,28000,24500,21500,21250,19250,18000,17000,22000,20500,13500,10500,12500,12750,10500,10500,intermodal
2025-04-11,47500,44250,35000,33000,30000,28000,0,0,21250,19250,18000,17000,21000,20000,13000,10000,11250,12250,10500,10500,intermodal
2025-04-25,50500,44250,35000,33000,30000,28000,24500,21500,21250,19250,18000,17000,22000,20500,11750,10000,11250,12250,10500,10500,intermodal
2025-05-09,51500,45000,35000,33000,32000,28250,24500,21500,20750,19250,18000,17000,22000,19500,12000,10000,11250,12250,10000,10500,intermodal
2025-05-16,51500,44250,35000,33000,32000,29250,24500,21500,21000,19250,18000,17000,22500,19750,12000,10000,11250,12250,10000,10500,intermodal
2025-05-23,48000,44250,35000,33000,32000,29250,24500,21500,21000,19250,18000,17000,21500,19250,11500,9500,11250,12250,10000,10500,intermodal
2025-06-06,48250,44250,35000,33000,32000,29250,24500,21500,21000,19250,18000,17000,22500,19250,11500,9500,11500,12000,10000,10500,intermodal
2025-06-13,46750,44250,35000,33000,32000,29250,24500,21500,20250,18500,18000,17000,26000,20000,11750,9750,11500,12000,10000,10500,intermodal
2025-06-20,47500,44250,35000,33000,33000,29250,26000,21500,20250,18500,18000,17000,22000,20250,11750,9750,11500,12000,10000,10500,intermodal
2025-07-04,48500,44250,35000,33000,33500,29250,24500,21500,20750,18500,18000,17000,24250,19500,12000,10250,11750,12250,10000,10500,intermodal
2025-07-11,45750,43750,34500,32000,32500,29250,24500,21500,20500,18250,17000,16000,23500,20500,12500,10750,12750,12250,10500,10500,intermodal
2025-07-18,45750,43750,34500,32000,32500,29250,24500,21500,20500,18250,17000,16000,26500,21500,13500,11000,12750,12250,10500,10500,intermodal
2025-07-25,45750,43750,34250,32000,31500,29250,24500,20500,20500,18250,17000,16000,29500,22000,13000,11000,12750,12250,10500,10500,intermodal
2025-08-15,45750,43750,34750,32000,32500,28750,24500,20500,20500,18250,16750,16000,29000,22250,13000,11000,12750,12250,10500,10500,intermodal
2025-09-05,48000,43000,39750,33000,32500,28750,24500,20500,21000,18750,17500,16000,26750,22000,14500,12000,12750,12250,10500,10500,intermodal
2025-09-12,49500,43000,42250,33500,33500,29250,24500,20500,21000,18750,17500,16000,27650,22250,15000,12000,14750,12250,11000,10500,intermodal
2025-09-19,42500,43500,43500,33750,35500,29250,24500,20500,21000,18750,17500,16000,28750,22750,15000,12000,15250,12250,11000,10500,intermodal
2025-10-03,52500,44000,43500,33750,36000,29250,24500,20500,21500,18750,18000,16000,26750,22500,14500,11750,15250,12250,11000,10500,intermodal
2025-10-10,52000,45750,43000,33750,36000,29750,25500,20500,22500,19000,18000,16000,27250,22250,15500,12000,14000,12250,11250,10500,intermodal
2025-10-17,54250,45750,44500,34000,36250,29750,25500,20500,23500,19000,18000,16000,26750,23250,15500,12000,14000,12250,11250,10500,intermodal
2025-11-07,62000,46250,44750,35750,40000,31500,26500,20500,23750,21000,19750,16000,27750,23750,15500,12000,13500,12250,11250,10500,intermodal
2025-11-14,62000,46250,44750,35750,40000,31500,26500,20500,23750,21000,19750,16000,27750,23750,15500,12000,14000,12250,11250,10500,intermodal
2025-11-21,63500,46250,44000,35500,40000,31500,26500,20500,23750,21000,19750,16000,28750,24250,15500,12000,14500,12250,11250,10500,intermodal
2025-12-05,64250,46250,44000,35000,40000,31500,26500,20500,23750,21000,20000,16000,32750,25500,15500,12000,15500,12250,11250,10500,intermodal
2025-12-12,64250,46250,44000,35000,40000,31500,26500,20500,23750,21000,20000,16000,30500,25000,15000,12000,15000,12250,11750,10500,intermodal
2025-12-19,65500,50500,46000,35000,40000,33000,26500,20500,23750,21000,20000,16000,30250,24750,14500,12000,14750,12250,11750,10500,intermodal
2026-03-06,130000,88500,85000,48000,66250,40000,42000,29000,31000,24000,21000,16750,28250,23250,16000,12500,16000,13000,13250,11000,intermodal
2026-03-13,126000,83500,81500,47000,62500,40000,40250,29000,36500,23750,22500,16750,28750,24250,16000,12500,16000,13000,13000,11000,intermodal
2026-03-20,125000,78250,76500,47000,57500,40000,39750,30000,36260,23750,22500,16750,29750,23500,16250,12750,15250,13000,12750,11000,intermodal
2026-04-03,125000,73500,82000,47000,73500,40500,39750,30000,36250,23750,28250,17500,29500,22750,16000,12500,15250,13000,12750,11000,intermodal
2026-04-17,125000,73500,76500,47000,60000,40500,39750,30000,36250,23750,28250,17500,34000,26000,16250,13000,15000,13000,11250,11000,intermodal
2026-04-24,117500,70750,68000,47000,62000,41500,39750,30000,36250,22000,28250,17500,34000,25250,16500,13250,15500,13250,11500,11000,intermodal
2026-05-08,120000,72500,75000,47000,67500,41500,39750,30000,34250,23750,28250,17500,36500,25750,17000,13750,15500,13250,11500,11000,intermodal
2026-05-22,116750,70750,66500,46000,61000,41500,37500,30000,31500,23500,27500,17500,36500,25750,18000,14000,17000,14000,12000,11000,intermodal
2026-06-05,116750,71500,66500,46000,55000,40000,37500,30000,29000,21500,25500,17500,37000,25500,17500,13500,17000,14000,12000,11000,intermodal
2026-06-12,117750,71500,65000,46000,55000,40000,37500,30000,29000,21500,25500,17500,36500,25250,17750,13750,17000,14000,12000,11000,intermodal
2026-06-19,117750,77500,71000,46000,52500,38750,35500,30000,28500,23500,24000,17500,36000,25000,17000,13750,17000,14000,12000,11000,intermodal
2026-07-03,117500,74000,71500,46500,55000,38750,35500,29750,26500,23500,22500,17750,37750,26500,17750,14000,17500,14000,13500,12000,intermodal
2026-07-10,118500,74000,75000,46500,53000,38750,35500,29750,27500,23500,22500,17750,38750,27250,17750,14000,17500,14000,13500,12000,intermodal
2026-07-17,118500,74000,74000,46500,53000,38750,35500,29750,27500,23500,22500,17750,37250,26750,17750,14000,17500,14000,13500,12000,intermodal
2026-07-24,118500,73500,74000,46500,53000,38750,35250,29750,27250,23500,22500,17750,38250,27250,17250,14000,17500,14000,13500,12000,intermodal
2026-07-31,118500,73500,75000,46500,59000,38750,35250,29750,29000,23500,22500,17750,38750,27500,17250,14000,17500,14000,13500,12000,intermodal
2026-08-14,117500,73500,75500,46500,59250,40250,35250,29750,29000,23500,22500,17750,40250,28250,18000,15000,17500,14000,13500,12000,intermodal
2026-08-21,119000,72500,78500,46500,57500,40500,34500,29750,29000,23500,22500,17750,41500,29750,18750,15000,17500,14000,13500,12000,intermodal
2026-08-28,131250,73250,92000,46500,63250,43250,34500,29750,29000,23500,22500,17750,42500,30250,19250,15000,19000,14000,13750,12000,intermodal
