date,cfr_62,cfr_65,port_stock_62,port_stock_65,inventories_mt,steel_production_mt,steel_inventories_mt
2018-07-03,64.09,,,,158.0,370.0,4.72
2018-07-17,63.42,,,,156.0,451.0,4.4
2018-07-19,63.91,,,,,,
2018-07-31,64.35,,,,156.0,451.0,4.1
2018-08-11,64.35,,,,154.0,451.0,4.1
2018-08-28,67.15,,,,151.0,533.0,4.1
2018-09-11,67.78,,,,150.0,533.0,4.2
2018-09-25,68.51,,,,149.0,617.0,4.1
2018-10-09,69.8,,,,146.0,617.0,4.1
2018-10-23,72.34,,,,144.0,699.0,4.2
2018-11-06,74.1,,,,142.0,699.0,3.6
2018-11-20,74.41,,,,141.0,782.0,3.1
2018-12-04,66.82,,,,138.0,782.0,2.9
2018-12-18,68.68,,,,137.0,857.0,2.8
2019-01-08,74.55,89.21,,,137.0,857.0,2.8
2019-01-22,74.58,88.73,,,141.0,928.0,3.7
2019-02-19,88.5,101.38,,,144.0,928.0,7.4
2019-03-05,86.4,99.02,,,146.0,928.0,9.1
2019-03-19,86.34,98.78,,,148.0,150.0,8.7
2019-04-02,89.53,102.44,,,148.0,150.0,8.1
2019-04-16,93.79,107.85,,,144.0,150.0,7.2
2019-04-30,93.24,106.82,,,144.0,150.0,7.2
2019-05-14,93.48,109.33,,,133.0,231.0,5.7
2019-05-28,99.41,115.6,,,128.0,315.0,5.2
2019-06-11,103.78,120.87,,,122.0,315.0,5.0
2019-06-25,108.73,123.08,,,117.0,405.0,5.3
2019-07-09,121.29,130.16,,,116.0,405.0,5.4
2019-07-23,119.73,127.63,,,118.0,492.0,5.6
2019-08-06,98.2,108.93,,,121.0,492.0,6.0
2019-08-20,92.46,102.05,,,123.0,577.0,6.0
2019-09-03,89.28,97.8,,,125.0,577.0,5.8
2019-09-17,94.57,102.68,,,125.0,665.0,5.2
2019-10-01,92.24,100.61,,,126.0,665.0,4.8
2019-10-15,92.19,99.21,,,130.0,665.0,4.9
2019-10-29,89.64,96.7,,,134.0,748.0,4.1
2019-11-12,81.09,91.97,,,132.0,748.0,3.5
2019-11-26,85.03,96.9,,,130.0,829.0,2.9
2019-12-10,92.06,104.31,,,130.0,829.0,2.9
2019-12-24,91.58,102.95,,,129.0,904.0,3.0
2020-01-07,93.7,106.68,,,130.0,904.0,3.1
2020-01-21,94.98,108.7,,,127.0,996.0,4.5
2020-02-04,81.73,97.8,,,127.0,996.0,4.5
2020-02-18,86.48,102.37,,,131.0,996.0,9.2
2020-03-03,87.3,102.15,,,127.0,996.0,11.5
2020-03-17,90.05,104.88,,,126.0,996.0,13.0
2020-03-31,88.02,103.75,,,121.0,155.0,12.4
2020-04-14,84.89,100.27,,,119.0,155.0,11.2
2020-04-28,83.56,100.0,,,118.0,234.0,10.4
2020-05-12,88.42,106.14,,,113.0,234.0,9.5
2020-05-26,92.17,108.63,,,110.0,319.0,8.2
2020-06-09,103.38,116.56,,,109.0,319.0,7.4
2020-06-23,102.46,115.23,,,108.0,412.0,7.2
2020-07-07,102.22,114.96,,,110.0,412.0,7.2
2020-07-21,108.45,120.14,,,112.0,499.0,7.6
2020-08-04,115.36,125.52,,,117.0,499.0,7.9
2020-08-18,123.23,130.65,,,117.0,593.0,7.8
2020-09-01,123.56,137.06,,,116.0,593.0,7.9
2020-09-15,127.99,140.73,,,119.0,593.0,8.0
2020-09-29,123.74,136.69,,,120.0,689.0,7.9
2020-10-13,121.22,132.94,,,124.0,689.0,7.7
2020-10-27,120.06,132.77,,,128.0,782.0,7.1
2020-11-10,120.83,133.18,,,131.0,782.0,6.1
2020-11-24,123.92,136.09,,,132.0,874.0,4.9
2020-12-08,146.43,158.91,,,129.0,874.0,4.2
2020-12-22,156.71,169.03,,,126.0,961.0,3.5
2021-01-05,166.04,184.33,,,127.0,961.0,3.4
2021-01-19,169.8,191.48,,,125.0,961.0,3.8
2021-02-02,148.07,171.6,,,126.0,1053.0,4.9
2021-02-16,162.79,186.54,,,126.0,1053.0,6.6
2021-03-02,172.98,196.62,,,129.0,1053.0,10.1
2021-03-16,167.24,191.88,,,131.0,175.0,11.6
2021-03-30,166.86,193.23,,,134.0,175.0,10.8
2021-04-13,171.02,201.43,,,134.0,175.0,9.8
2021-04-27,180.17,213.17,,,136.0,271.0,8.6
2021-05-11,219.8,253.43,,,133.0,271.0,8.0
2021-06-08,207.44,237.98,,,128.0,375.0,6.8
2021-06-22,212.96,243.52,,,125.0,473.0,6.8
2021-07-06,217.08,249.87,,,124.0,473.0,7.1
2021-07-14,216.93,249.26,1558.0,1808.0,116.75,,18.06
2021-07-19,219.43,253.02,1536.0,1763.0,117.45,,18.05
2021-07-20,219.19,252.99,,,129.0,563.0,7.4
2021-07-27,213.08,247.47,1436.0,1662.0,119.95,,18.02
2021-07-28,213.54,247.9,1446.0,1669.0,119.95,,18.02
2021-07-29,213.15,247.32,1465.0,1685.0,119.95,,18.02
2021-07-30,211.99,246.1,1376.0,1596.0,120.7,,17.98
2021-08-02,181.26,214.31,1343.0,1575.0,120.7,,17.98
2021-08-03,182.47,215.22,1355.0,1591.0,120.7,563.0,7.2
2021-08-04,182.31,214.66,1347.0,1594.0,120.7,,17.98
2021-08-05,173.63,205.44,1348.0,1595.0,120.7,,17.98
2021-08-06,172.35,202.6,1322.0,1577.0,118.46,,18.12
2021-08-09,166.2,196.06,1298.0,1563.0,118.46,,18.12
2021-08-10,165.77,196.29,1237.0,1512.0,118.46,,18.12
2021-08-11,168.56,199.11,1226.0,1510.0,118.46,,18.12
2021-08-12,164.96,195.41,1204.0,1506.0,118.46,,18.12
2021-08-13,165.33,195.74,1177.0,1495.0,118.65,,18.0
2021-08-16,165.97,196.49,1154.0,1488.0,118.65,,18.0
2021-08-17,164.73,195.21,1135.0,1477.0,118.65,649.0,7.1
2021-08-18,160.25,190.2,1122.0,1467.0,118.65,,18.0
2021-08-19,151.99,178.91,1114.0,1459.0,118.65,,18.0
2021-08-20,154.31,180.48,1040.0,1379.0,120.33,,17.91
2021-08-23,154.15,180.53,1050.0,1382.0,120.33,,17.91
2021-08-24,157.79,183.99,1050.0,1378.0,120.33,,17.91
2021-08-25,158.36,184.07,1050.0,1364.0,120.33,,17.91
2021-08-26,158.78,184.0,1043.0,1341.0,120.33,,17.91
2021-08-27,159.59,185.02,1049.0,1330.0,121.46,,17.72
2021-08-30,159.56,184.97,1077.0,1342.0,121.46,,17.72
2021-08-31,159.25,184.5,1083.0,1332.0,121.46,649.0,7.1
2021-09-01,142.99,162.92,1048.0,1283.0,121.46,,17.72
2021-09-02,140.51,160.77,1047.0,1269.0,121.46,,17.72
2021-09-03,145.07,165.56,1061.0,1273.0,122.55,,17.49
2021-09-06,134.19,154.4,1051.0,1264.0,122.55,,17.49
2021-09-07,138.75,159.33,1051.0,1262.0,122.55,,17.49
2021-09-08,134.69,155.44,1043.0,1254.0,122.55,,17.49
2021-09-09,133.07,154.07,1043.0,1263.0,122.55,,17.49
2021-09-10,131.76,152.51,1005.0,1235.0,129.62,,16.89
2021-09-13,127.57,149.07,1004.0,1242.0,129.62,,16.89
2021-09-14,126.79,149.14,928.0,1175.0,129.62,649.0,7.0
2021-09-15,123.49,146.17,926.0,1169.0,129.62,,16.89
2021-09-16,118.53,141.46,918.0,1159.0,129.62,,16.89
2021-09-17,114.55,137.43,844.0,1072.0,129.29,,16.44
2021-09-20,113.1,136.32,844.0,1072.0,129.29,,16.44
2021-09-21,112.94,136.2,844.0,1072.0,129.29,,16.44
2021-09-22,117.52,140.35,762.0,981.0,129.29,,16.44
2021-09-23,118.1,140.85,766.0,973.0,129.29,,16.44
2021-09-24,118.35,140.98,774.0,972.0,127.35,,15.83
2021-09-27,120.45,143.28,868.0,1055.0,127.35,,15.83
2021-09-28,119.17,142.42,867.0,1047.0,127.35,733.0,7.0
2021-09-29,119.37,142.54,863.0,1044.0,127.35,,15.83
2021-09-30,119.65,142.83,865.0,1038.0,130.78,,14.02
2021-10-01,115.47,137.97,865.0,1038.0,130.78,,14.02
2021-10-04,117.92,140.67,865.0,1038.0,130.78,,14.02
2021-10-05,117.71,140.46,865.0,1038.0,130.78,,14.02
2021-10-06,117.87,140.63,865.0,1038.0,130.78,,14.02
2021-10-07,118.25,141.0,865.0,1038.0,130.78,,14.02
2021-10-08,123.08,145.88,902.0,1062.0,130.78,,14.02
2021-10-11,131.71,153.92,911.0,1068.0,130.78,,14.02
2021-10-12,126.78,148.78,926.0,1082.0,130.78,733.0,6.3
2021-10-13,122.58,145.28,920.0,1071.0,130.78,,14.02
2021-10-14,124.0,147.45,911.0,1062.0,130.78,,14.02
2021-10-15,123.54,147.48,924.0,1075.0,137.82,,15.11
2021-10-18,123.65,147.95,920.0,1069.0,137.82,,15.11
2021-10-19,123.2,146.95,908.0,1054.0,137.82,,15.11
2021-10-20,123.08,146.76,895.0,1039.0,137.82,,15.11
2021-10-21,121.13,144.23,884.0,1028.0,137.82,,15.11
2021-10-22,121.52,144.74,869.0,1014.0,138.77,,13.68
2021-10-25,122.02,144.93,883.0,1031.0,138.77,,13.68
2021-10-26,122.15,144.28,871.0,1023.0,138.77,806.0,5.9
2021-10-28,121.66,143.44,857.0,1008.0,138.77,,13.68
2021-10-29,121.23,143.24,836.0,987.0,142.82,,13.58
2021-11-01,102.1,120.33,809.0,980.0,142.82,,13.58
2021-11-02,96.12,114.72,801.0,988.0,142.82,,13.58
2021-11-03,99.21,117.64,796.0,983.0,142.82,,13.58
2021-11-04,96.19,114.62,748.0,935.0,142.82,,13.58
2021-11-05,93.72,111.38,741.0,946.0,145.12,,13.61
2021-11-08,93.68,111.34,688.0,914.0,145.12,,13.61
2021-11-09,93.0,110.6,673.0,915.0,145.12,806.0,5.4
2021-11-10,90.7,106.45,667.0,905.0,145.12,,13.61
2021-11-11,94.08,109.42,642.0,876.0,145.12,,13.61
2021-11-12,92.1,107.43,642.0,861.0,146.12,,13.26
2021-11-15,91.56,107.06,640.0,883.0,146.12,,13.26
2021-11-16,91.99,107.36,622.0,866.0,146.12,,13.26
2021-11-17,91.78,107.08,603.0,854.0,146.12,,13.26
2021-11-18,90.56,106.02,593.0,844.0,146.12,,13.26
2021-11-19,92.64,108.1,587.0,843.0,147.33,,12.8
2021-11-22,93.57,109.03,596.0,850.0,147.33,,12.8
2021-11-23,94.76,109.96,614.0,865.0,147.33,877.0,4.9
2021-11-24,96.06,111.67,682.0,932.0,147.33,,12.8
2021-11-25,95.59,111.2,675.0,913.0,147.33,,12.8
2021-11-26,94.69,110.32,664.0,885.0,148.75,,12.53
2021-11-29,95.17,110.97,672.0,877.0,148.75,,12.53
2021-11-30,94.97,110.92,688.0,881.0,148.75,,12.53
2021-12-01,103.23,119.58,694.0,888.0,148.75,,12.53
2021-12-02,100.83,117.22,706.0,900.0,148.75,,12.53
2021-12-03,100.72,117.34,693.0,887.0,150.41,,11.65
2021-12-06,101.89,118.85,702.0,896.0,150.41,,11.65
2021-12-07,107.78,125.06,735.0,929.0,150.41,877.0,4.4
2021-12-08,107.74,125.36,743.0,937.0,150.41,,11.65
2021-12-09,105.45,122.58,738.0,932.0,150.41,,11.65
2021-12-10,105.17,122.71,728.0,922.0,150.57,,10.85
2021-12-13,108.93,127.14,755.0,949.0,150.57,,10.85
2021-12-14,107.56,126.05,753.0,947.0,150.57,,10.85
2021-12-15,107.79,126.59,748.0,942.0,150.57,,10.85
2021-12-16,110.11,128.69,763.0,957.0,150.57,,10.85
2021-12-17,111.79,130.54,773.0,967.0,152.72,,10.16
2021-12-20,114.03,133.2,799.0,993.0,152.72,,10.16
2021-12-21,114.55,133.92,813.0,1007.0,152.72,946.0,4.0
2021-12-22,113.99,133.66,827.0,1021.0,152.72,,10.16
2021-12-23,113.78,132.95,822.0,1015.0,152.72,,10.16
2021-12-24,114.22,134.23,842.0,1036.0,150.95,,9.78
2021-12-27,113.43,133.1,834.0,1028.0,150.95,,9.78
2021-12-28,112.71,132.38,818.0,1012.0,150.95,,9.78
2021-12-29,112.4,132.07,808.0,1002.0,150.95,,9.78
2021-12-30,112.72,132.34,805.0,999.0,150.95,,9.78
2022-01-04,122.09,145.25,813.0,1007.0,152.07,946.0,3.8
2022-01-05,124.21,148.15,828.0,1022.0,152.07,,9.58
2022-01-06,126.98,152.31,829.0,1023.0,152.07,,9.58
2022-01-07,126.73,152.4,858.0,1052.0,151.81,,9.76
2022-01-10,125.05,151.26,860.0,1054.0,151.81,,9.76
2022-01-11,127.62,154.67,865.0,1059.0,151.81,,9.76
2022-01-12,129.78,157.45,886.0,1078.0,151.81,,9.76
2022-01-13,127.79,154.96,887.0,1081.0,151.81,,9.76
2022-01-14,126.8,153.8,882.0,1076.0,152.64,,9.94
2022-01-17,125.65,152.11,861.0,1055.0,152.64,,9.94
2022-01-18,126.68,153.35,850.0,1044.0,152.64,1033.0,4.0
2022-01-19,128.08,155.08,874.0,1068.0,152.64,,9.94
2022-01-21,130.36,157.9,918.0,1111.0,150.08,,10.51
2022-01-24,129.21,156.75,930.0,1124.0,150.08,,10.51
2022-01-25,130.29,158.12,936.0,1130.0,150.08,,10.51
2022-01-26,130.5,158.54,946.0,1140.0,150.08,,10.51
2022-01-27,130.5,158.67,953.0,1147.0,150.08,,10.51
2022-01-28,131.39,159.55,968.0,1162.0,149.02,,12.11
2022-01-31,131.15,159.89,,,,,
2022-02-01,137.73,166.58,,,154.0,1033.0,4.9
2022-02-04,145.55,175.13,968.0,1162.0,149.02,,12.11
2022-02-07,148.4,177.87,1005.0,1198.0,149.02,,12.11
2022-02-08,148.93,178.1,1017.0,1211.0,149.02,,12.11
2022-02-09,146.71,175.24,987.0,1181.0,149.02,,12.11
2022-02-10,152.05,181.07,1003.0,1197.0,149.02,,12.11
2022-02-11,149.75,178.88,1010.0,1204.0,154.19,,12.11
2022-02-14,148.86,177.7,996.0,1190.0,154.19,,12.11
2022-02-15,142.15,171.53,922.0,1116.0,154.19,1033.0,7.0
2022-02-16,143.78,173.14,928.0,1122.0,154.19,,12.11
2022-02-17,141.11,170.65,900.0,1094.0,154.19,,16.52
2022-02-18,140.31,169.78,895.0,1089.0,155.39,,17.92
2022-02-21,142.94,172.2,894.0,1080.0,155.39,,17.92
2022-02-22,142.18,170.86,899.0,1084.0,155.39,,17.92
2022-02-23,142.17,170.84,919.0,1108.0,155.39,,17.92
2022-02-24,142.18,171.0,920.0,1113.0,155.39,,17.92
2022-02-25,141.56,170.29,916.0,1113.0,154.07,,19.28
2022-02-28,141.99,171.66,920.0,1122.0,154.07,,19.28
2022-03-01,145.97,173.58,938.0,1139.0,154.07,1033.0,8.7
2022-03-02,146.4,175.14,968.0,1174.0,154.07,,19.28
2022-03-03,154.43,185.17,1012.0,1219.0,154.07,,19.28
2022-03-04,152.9,183.07,1022.0,1129.0,153.64,,20.26
2022-03-07,161.1,191.61,1053.0,1260.0,153.64,,20.26
2022-03-08,160.98,191.36,1052.0,1258.0,153.64,,20.26
2022-03-09,158.87,188.87,1044.0,1255.0,153.64,,20.26
2022-03-10,158.31,188.59,1030.0,1227.0,153.64,,20.26
2022-03-11,154.31,184.27,1019.0,1214.0,153.24,,20.25
2022-03-14,148.45,178.11,1005.0,1198.0,153.24,,20.25
2022-03-15,143.23,173.05,988.0,1180.0,153.24,1033.0,9.2
2022-03-16,149.06,179.14,989.0,1178.0,153.24,,20.25
2022-03-17,148.67,178.52,998.0,1190.0,153.24,,20.25
2022-03-18,151.35,180.77,1022.0,1219.0,150.07,,20.16
2022-03-21,150.23,179.67,1022.0,1219.0,150.07,,20.16
2022-03-22,148.48,177.87,1017.0,1215.0,150.07,,20.16
2022-03-23,148.92,177.77,1012.0,1209.0,150.07,,20.16
2022-03-24,149.01,177.55,1014.0,1214.0,150.07,,20.16
2022-03-25,150.17,178.58,1021.0,1220.0,150.43,,20.16
2022-03-28,150.03,178.22,1066.0,1265.0,150.43,,20.16
2022-03-29,150.31,178.54,1053.0,1252.0,150.43,158.0,9.1
2022-03-30,150.88,179.03,1061.0,1254.0,150.43,,20.16
2022-03-31,150.84,179.02,1056.0,1245.0,150.43,,20.16
2022-04-01,159.98,183.29,1055.0,1239.0,149.35,,19.42
2022-04-06,160.07,184.01,1083.0,1262.0,149.35,,19.42
2022-04-07,156.64,180.76,1044.0,1217.0,149.35,,19.42
2022-04-08,155.5,179.67,1044.0,1216.0,147.4,,19.66
2022-04-11,153.18,177.19,1018.0,1190.0,147.4,,19.66
2022-04-12,155.83,179.53,1039.0,1212.0,147.4,158.0,9.1
2022-04-13,153.72,176.98,1020.0,1194.0,147.4,,19.66
2022-04-14,155.14,178.36,1018.0,1193.0,147.4,,19.66
2022-04-18,155.18,178.43,1070.0,1251.0,143.62,,19.59
2022-04-19,153.49,177.49,1062.0,1243.0,143.62,,19.59
2022-04-20,153.57,177.53,1058.0,1239.0,143.62,,19.59
2022-04-21,153.35,177.23,1058.0,1238.0,143.62,,19.59
2022-04-25,149.73,173.94,975.0,1150.0,142.69,,19.28
2022-04-26,150.39,174.67,975.0,1149.0,142.69,243.0,8.7
2022-04-27,150.52,175.0,979.0,1150.0,142.69,,19.28
2022-04-28,150.61,175.26,986.0,1156.0,142.69,,19.28
2022-04-29,150.77,175.85,1008.0,1177.0,140.09,,18.97
2022-05-03,143.56,167.73,1008.0,1177.0,140.09,,18.97
2022-05-04,142.8,167.27,1008.0,1177.0,140.09,,18.97
2022-05-05,145.2,169.48,1025.0,1194.0,140.09,,18.97
2022-05-06,138.44,162.57,999.0,1167.0,140.09,,19.12
2022-05-09,131.99,156.52,969.0,1136.0,140.09,,19.12
2022-05-10,130.27,154.24,938.0,1102.0,140.09,243.0,8.1
2022-05-11,134.2,157.99,960.0,1124.0,140.09,,19.12
2022-05-12,130.16,154.13,958.0,1122.0,140.09,,19.12
2022-05-13,130.93,154.81,968.0,1133.0,135.11,,18.88
2022-05-16,132.5,156.56,969.0,1136.0,135.11,,18.88
2022-05-17,131.58,155.93,972.0,1138.0,135.11,,18.88
2022-05-18,129.92,154.15,954.0,1123.0,135.11,,18.88
2022-05-19,131.03,155.18,962.0,1135.0,135.11,,18.88
2022-05-20,134.36,158.88,990.0,1167.0,130.84,,18.54
2022-05-23,134.29,158.65,1000.0,1179.0,130.84,,18.54
2022-05-24,133.1,157.39,979.0,1159.0,130.84,336.0,7.9
2022-05-25,133.34,157.66,991.0,1170.0,130.84,,18.54
2022-05-26,132.47,156.79,971.0,1149.0,130.84,,18.54
2022-05-27,133.41,157.72,998.0,1173.0,129.67,,18.42
2022-05-30,133.6,157.9,1004.0,1179.0,129.67,,18.42
2022-05-31,133.51,157.91,1028.0,1201.0,129.67,,18.42
2022-06-01,135.34,158.36,1009.0,1182.0,129.67,,18.42
2022-06-02,142.2,165.11,1046.0,1214.0,127.51,,17.96
2022-06-06,145.24,167.9,1031.0,1195.0,127.51,,17.96
2022-06-07,145.81,166.74,1035.0,1197.0,127.51,336.0,7.7
2022-06-08,145.88,166.84,1026.0,1184.0,127.51,,17.96
2022-06-09,143.82,164.68,1030.0,1188.0,127.51,,17.96
2022-06-10,142.37,163.3,1008.0,1166.0,123.71,,18.12
2022-06-13,139.53,160.36,991.0,1149.0,123.71,,18.12
2022-06-14,138.26,159.37,982.0,1136.0,123.71,,18.12
2022-06-15,135.47,156.58,975.0,1122.0,123.71,,18.12
2022-06-16,135.04,155.96,952.0,1095.0,123.71,,18.12
2022-06-17,131.38,152.06,925.0,1067.0,121.99,,18.41
2022-06-20,128.0,148.03,848.0,987.0,121.99,,18.41
2022-06-21,128.93,149.18,841.0,980.0,121.99,435.0,7.9
2022-06-22,127.02,147.15,837.0,976.0,121.99,,18.41
2022-06-23,129.32,149.41,805.0,945.0,121.99,,18.41
2022-06-24,128.53,148.06,818.0,960.0,121.35,,18.47
2022-06-27,129.68,149.37,829.0,971.0,121.35,,18.47
2022-06-28,130.28,149.86,874.0,1016.0,121.35,,18.47
2022-06-29,130.11,149.86,888.0,1039.0,121.35,,18.47
2022-06-30,130.0,149.74,872.0,1035.0,121.35,,18.47
2022-07-01,115.23,130.67,838.0,1001.0,122.0,,17.83
2022-07-04,109.94,124.81,826.0,994.0,122.0,,17.83
2022-07-05,113.42,127.93,806.0,976.0,122.0,435.0,7.7
2022-07-06,112.33,126.24,809.0,981.0,122.0,,17.83
2022-07-07,114.18,127.84,830.0,1002.0,122.0,,17.83
2022-07-08,113.76,127.36,836.0,1008.0,122.18,,17.19
2022-07-11,111.65,125.21,818.0,974.0,122.18,,17.19
2022-07-12,108.19,121.22,786.0,930.0,122.18,,17.19
2022-07-13,110.26,123.21,793.0,937.0,122.18,,17.19
2022-07-14,104.96,117.34,774.0,919.0,122.18,,17.19
2022-07-15,103.07,115.5,761.0,899.0,126.08,,16.58
2022-07-18,105.26,117.4,717.0,852.0,126.08,,16.58
2022-07-19,103.14,115.29,701.0,832.0,126.08,527.0,7.0
2022-07-20,104.1,115.64,700.0,830.0,126.08,,16.58
2022-07-21,103.36,115.51,681.0,811.0,126.08,,16.58
2022-07-22,104.46,116.62,687.0,814.0,127.81,,15.61
2022-07-25,105.01,117.36,719.0,843.0,127.81,,15.61
2022-07-26,106.35,118.77,725.0,853.0,127.81,,15.61
2022-07-27,106.47,118.84,761.0,894.0,127.81,,15.61
2022-07-28,107.55,119.81,798.0,930.0,127.81,,15.61
2022-07-29,107.22,119.6,798.0,928.0,131.39,,14.6
2022-08-01,114.86,127.47,810.0,940.0,131.39,,14.6
2022-08-02,114.74,127.15,801.0,920.0,131.39,527.0,6.2
2022-08-03,110.38,122.47,805.0,911.0,131.39,,14.6
2022-08-04,106.5,118.28,774.0,868.0,131.39,,14.6
2022-08-05,109.11,121.45,797.0,878.0,133.13,,13.75
2022-08-08,110.95,123.44,816.0,886.0,133.13,,13.75
2022-08-09,109.28,122.2,803.0,874.0,133.13,,13.75
2022-08-10,109.27,122.2,805.0,876.0,133.13,,13.75
2022-08-11,111.01,123.81,808.0,881.0,133.13,,13.75
2022-08-15,106.79,119.16,787.0,862.0,135.0,,13.15
2022-08-16,106.63,119.01,786.0,860.0,135.0,609.0,5.6
2022-08-17,104.59,116.89,763.0,840.0,135.0,,13.15
2022-08-18,104.72,117.17,749.0,828.0,135.0,,13.15
2022-08-19,104.21,116.65,763.0,842.0,135.07,,12.77
2022-08-22,104.37,116.93,763.0,843.0,135.07,,12.77
2022-08-23,104.92,117.53,774.0,870.0,135.07,,12.77
2022-08-24,105.15,117.76,774.0,884.0,135.07,,12.77
2022-08-25,104.96,117.6,775.0,901.0,135.07,,12.77
2022-08-26,105.38,118.05,775.0,900.0,135.07,,12.5
2022-08-29,105.12,117.78,763.0,903.0,135.07,,12.5
2022-08-30,104.49,117.14,736.0,875.0,135.07,609.0,5.2
2022-08-31,104.76,117.53,743.0,881.0,135.07,,12.5
2022-09-01,96.39,108.69,749.0,887.0,135.07,,12.5
2022-09-02,95.34,107.74,733.0,868.0,136.21,,12.56
2022-09-05,98.47,110.73,742.0,877.0,136.21,,12.56
2022-09-06,97.61,109.65,750.0,878.0,136.21,,12.56
2022-09-07,97.18,109.08,745.0,871.0,136.21,,12.56
2022-09-08,100.09,111.92,762.0,883.0,136.21,,12.56
2022-09-09,102.23,113.88,763.0,883.0,132.88,,12.32
2022-09-13,102.13,113.97,774.0,890.0,132.88,609.0,4.9
2022-09-14,100.51,112.36,765.0,881.0,132.88,,12.32
2022-09-15,100.58,112.51,775.0,886.0,132.88,,12.32
2022-09-16,99.06,110.99,762.0,862.0,133.24,,12.52
2022-09-19,98.63,110.56,764.0,854.0,133.24,,12.52
2022-09-20,98.33,110.33,780.0,878.0,133.24,,12.52
2022-09-22,98.96,111.13,767.0,867.0,133.24,,12.52
2022-09-23,98.91,110.99,766.0,867.0,128.15,,12.29
2022-09-26,98.43,110.52,759.0,858.0,128.15,,12.29
2022-09-27,98.61,110.89,753.0,880.0,128.15,693.0,4.8
2022-09-28,98.21,110.48,761.0,885.0,128.15,,12.29
2022-09-29,98.35,110.57,760.0,889.0,128.15,,12.29
2022-09-30,98.31,110.7,766.0,890.0,127.09,,11.45
2022-10-03,93.7,107.31,766.0,890.0,127.09,,11.45
2022-10-04,95.0,108.64,766.0,890.0,127.09,,11.45
2022-10-10,98.08,111.45,791.0,916.0,127.09,,11.45
2022-10-11,96.47,109.69,797.0,922.0,127.09,693.0,4.9
2022-10-12,96.03,109.52,764.0,901.0,127.09,,11.45
2022-10-13,94.9,108.24,708.0,905.0,127.09,,11.45
2022-10-17,94.6,107.51,687.0,914.0,126.55,,11.76
2022-10-25,93.88,106.54,669.0,939.0,125.82,693.0,4.6
2022-10-26,93.47,106.07,664.0,925.0,125.82,,12.41
2022-10-27,92.89,105.5,649.0,913.0,125.82,,12.41
2022-10-28,92.59,105.21,618.0,880.0,126.17,,10.9
2022-10-31,92.43,104.95,586.0,857.0,126.17,,10.9
2022-11-02,82.12,92.9,596.0,864.0,126.17,,10.9
2022-11-03,83.32,94.01,591.0,859.0,126.17,,10.9
2022-11-04,86.97,97.76,612.0,875.0,128.73,,10.32
2022-11-07,87.01,98.15,615.0,869.0,128.73,,10.32
2022-11-08,88.37,98.98,631.0,871.0,128.73,781.0,4.1
2022-11-09,88.68,99.31,625.0,849.0,128.73,,10.32
2022-11-10,87.24,98.25,626.0,847.0,128.73,,10.32
2022-11-11,90.47,101.27,636.0,850.0,128.73,,9.73
2022-11-14,91.59,102.33,655.0,853.0,128.73,,9.73
2022-11-15,92.45,103.26,665.0,846.0,128.73,,9.73
2022-11-16,93.43,104.4,672.0,849.0,128.73,,9.73
2022-11-18,93.9,104.81,698.0,856.0,130.2,,9.15
2022-11-21,92.76,103.73,676.0,837.0,130.2,,9.15
2022-11-22,92.18,103.06,683.0,853.0,130.2,861.0,3.7
2022-11-23,92.43,103.39,680.0,862.0,130.2,,9.15
2022-11-24,92.51,103.64,683.0,872.0,130.2,,9.15
2022-11-25,93.06,104.15,708.0,898.0,131.54,,8.88
2022-11-28,93.01,104.18,699.0,894.0,131.54,,8.88
2022-11-29,93.27,104.45,724.0,909.0,131.54,,8.88
2022-11-30,93.25,104.43,711.0,886.0,131.54,,8.88
2022-12-01,102.94,115.52,720.0,888.0,131.54,,8.88
2022-12-02,106.59,119.66,735.0,904.0,129.43,,8.83
2022-12-05,108.72,121.84,758.0,927.0,129.43,,8.83
2022-12-06,108.41,121.44,750.0,919.0,129.43,861.0,3.6
2022-12-07,106.71,119.73,751.0,919.0,129.43,,8.83
2022-12-08,109.22,122.55,750.0,919.0,129.43,,8.83
2022-12-09,111.28,124.83,777.0,946.0,130.44,,8.88
2022-12-12,109.56,122.84,782.0,950.0,130.44,,8.88
2022-12-13,109.41,122.6,762.0,931.0,130.44,,8.88
2022-12-14,109.38,122.56,754.0,922.0,130.44,,8.88
2022-12-15,111.17,124.41,766.0,935.0,130.44,,8.88
2022-12-16,111.07,124.37,767.0,936.0,130.63,,8.71
2022-12-19,109.46,122.8,764.0,944.0,130.63,,8.71
2022-12-20,110.12,123.42,750.0,919.0,130.63,935.0,3.6
2022-12-21,110.95,124.13,773.0,942.0,130.63,,8.71
2022-12-22,110.93,124.43,776.0,945.0,130.63,,8.71
2022-12-23,110.86,124.31,772.0,940.0,130.01,,8.91
2022-12-26,107.35,114.9,774.0,943.0,130.01,,8.91
2022-12-27,111.25,124.71,789.0,958.0,130.01,,8.91
2022-12-28,111.31,124.86,782.0,951.0,130.01,,8.91
2022-12-29,111.15,124.53,785.0,954.0,130.01,,8.91
2022-12-30,111.28,124.8,801.0,970.0,128.47,,9.36
2023-01-03,117.14,130.78,798.0,967.0,128.47,935.0,3.7
2023-01-04,116.05,129.97,791.0,960.0,128.47,,9.36
2023-01-05,116.2,130.35,787.0,956.0,128.47,,9.36
2023-01-06,118.68,132.81,789.0,958.0,127.87,,9.99
2023-01-09,118.03,132.02,776.0,945.0,127.87,,9.99
2023-01-10,120.0,134.01,780.0,949.0,127.87,,9.99
2023-01-11,121.5,135.57,785.0,954.0,127.87,,9.99
2023-01-12,122.03,136.08,803.0,972.0,127.87,,9.99
2023-01-13,123.59,137.69,806.0,975.0,130.19,,11.07
2023-01-16,120.51,134.57,798.0,966.0,130.19,,11.07
2023-01-17,121.02,135.08,796.0,964.0,130.19,935.0,4.5
2023-01-18,121.37,135.46,799.0,968.0,130.19,,11.07
2023-01-19,122.25,136.36,800.0,969.0,130.19,,11.07
2023-01-20,123.08,137.24,801.0,970.0,128.43,,12.6
2023-01-23,123.23,137.39,801.0,970.0,128.43,,12.6
2023-01-24,123.01,137.17,801.0,970.0,128.43,,12.6
2023-01-25,122.82,136.98,801.0,970.0,128.43,,12.6
2023-01-26,122.97,137.15,801.0,970.0,128.43,,12.6
2023-01-27,124.19,138.42,801.0,970.0,128.43,,12.6
2023-01-30,123.44,137.61,839.0,1007.0,128.43,,12.6
2023-01-31,123.37,137.48,835.0,1003.0,128.43,1013.0,5.2
2023-02-01,126.4,141.49,820.0,989.0,128.43,,12.6
2023-02-02,124.64,139.91,806.0,974.0,128.43,,12.6
2023-02-03,125.56,140.86,812.0,981.0,135.31,,18.09
2023-02-06,124.25,139.5,814.0,983.0,135.31,,18.09
2023-02-07,122.27,137.4,823.0,992.0,135.31,,18.09
2023-02-08,122.7,137.98,806.0,975.0,135.31,,18.09
2023-02-09,124.67,139.76,824.0,993.0,135.31,,18.09
2023-02-10,125.38,140.42,819.0,988.0,136.09,,19.42
2023-02-13,122.99,137.92,819.0,988.0,136.09,,19.42
2023-02-14,124.05,138.98,814.0,982.0,136.09,1013.0,7.8
2023-02-15,124.42,139.36,820.0,989.0,136.09,,19.42
2023-02-16,124.85,139.73,835.0,1004.0,136.09,,19.42
2023-02-17,125.55,140.6,844.0,1012.0,137.11,,19.88
2023-02-20,126.19,141.24,851.0,1019.0,137.11,,19.88
2023-02-21,127.02,142.02,867.0,1036.0,137.11,,19.88
2023-02-23,126.76,141.69,865.0,1034.0,137.11,,19.88
2023-02-24,126.13,141.05,865.0,1034.0,138.11,,19.48
2023-02-28,125.75,140.63,855.0,1023.0,138.11,1013.0,8.4
2023-03-01,126.73,141.02,871.0,1040.0,138.11,,19.48
2023-03-02,127.1,141.34,874.0,1042.0,138.11,,19.48
2023-03-03,126.17,140.56,879.0,1047.0,136.26,,19.65
2023-03-06,125.19,139.57,873.0,1042.0,136.26,,19.65
2023-03-07,127.4,141.92,882.0,1051.0,136.26,,19.65
2023-03-08,127.37,141.91,861.0,1030.0,136.26,,19.65
2023-03-09,128.08,142.89,864.0,1032.0,136.26,,19.65
2023-03-10,129.04,144.07,872.0,1040.0,134.06,,18.89
2023-03-13,130.8,145.89,891.0,1060.0,134.06,,18.89
2023-03-14,131.01,146.58,890.0,1060.0,134.06,1013.0,8.2
2023-03-15,131.19,146.83,882.0,1051.0,134.06,,18.89
2023-03-16,129.62,145.14,883.0,1052.0,134.06,,18.89
2023-03-17,130.67,146.26,876.0,1045.0,133.12,,18.18
2023-03-20,128.3,143.84,852.0,1020.0,133.12,,18.18
2023-03-21,127.53,142.95,852.0,1020.0,133.12,,18.18
2023-03-22,126.23,141.81,855.0,1024.0,133.12,,18.18
2023-03-23,126.12,141.69,859.0,1018.0,133.12,,18.18
2023-03-24,126.18,141.7,845.0,1014.0,132.5,,17.84
2023-03-27,126.36,141.87,843.0,1012.0,132.5,,17.84
2023-03-28,126.52,142.01,845.0,1014.0,132.5,169.0,7.8
2023-03-29,126.92,142.39,856.0,1024.0,132.5,,17.84
2023-03-30,127.07,142.48,858.0,1027.0,132.5,,17.84
2023-03-31,127.06,142.44,882.0,1050.0,131.02,,17.31
2023-04-03,122.27,137.99,852.0,1023.0,131.02,,17.31
2023-04-04,120.32,136.01,837.0,1006.0,131.02,,17.31
2023-04-06,119.6,134.45,847.0,1016.0,131.02,,17.31
2023-04-10,119.72,134.87,834.0,1002.0,127.87,,17.08
2023-04-11,121.43,136.79,898.0,,137.0,169.0,7.7
2023-04-13,119.38,134.31,844.0,1013.0,127.87,,17.08
2023-04-14,119.41,134.35,838.0,1007.0,125.77,,16.87
2023-04-17,119.48,134.44,835.0,1003.0,125.77,,16.87
2023-04-18,120.25,135.16,836.0,1005.0,125.77,,16.87
2023-04-19,120.19,135.12,857.0,1026.0,125.77,,16.87
2023-04-20,119.53,134.37,835.0,1004.0,125.77,,16.87
2023-04-21,117.41,132.26,801.0,970.0,126.95,,16.39
2023-04-25,116.01,130.8,761.0,930.0,126.95,262.0,7.3
2023-04-26,116.17,130.97,771.0,940.0,126.95,,16.39
2023-04-27,116.16,130.87,787.0,955.0,126.95,,16.39
2023-04-28,116.14,130.84,772.0,940.0,125.16,,15.86
2023-05-02,105.09,120.27,829.0,940.0,125.16,,15.86
2023-05-03,104.5,119.44,829.0,940.0,125.16,,15.86
2023-05-04,102.77,117.55,822.0,934.0,125.16,,15.86
2023-05-05,102.33,116.55,811.0,923.0,125.16,,15.86
2023-05-08,107.73,121.71,812.0,923.0,125.16,262.0,6.7
2023-05-09,105.2,118.57,805.0,917.0,125.16,,15.86
2023-05-10,106.32,119.73,804.0,916.0,125.16,,15.86
2023-05-11,103.08,116.43,790.0,902.0,125.16,,15.86
2023-05-12,103.68,117.2,807.0,919.0,122.43,,14.89
2023-05-15,107.09,120.69,821.0,933.0,122.43,,14.89
2023-05-16,107.07,120.66,831.0,943.0,122.43,,14.89
2023-05-17,108.53,122.27,829.0,940.0,122.43,,14.89
2023-05-18,107.83,121.57,,,,,
2023-05-19,107.07,120.73,824.0,935.0,124.38,,14.08
2023-05-22,106.33,120.0,809.0,921.0,124.38,,14.08
2023-05-23,105.39,119.02,799.0,911.0,124.38,354.0,6.1
2023-05-24,103.91,117.51,778.0,890.0,124.38,,14.08
2023-05-25,103.93,117.48,770.0,881.0,124.38,,14.08
2023-05-26,104.91,118.41,771.0,883.0,124.39,,13.55
2023-05-29,105.12,118.59,772.0,884.0,124.39,,13.55
2023-05-30,105.17,118.53,802.0,914.0,124.39,,13.55
2023-05-31,105.07,118.5,804.0,916.0,124.39,,13.55
2023-06-01,104.6,117.15,762.0,931.0,124.39,,13.55
2023-06-02,106.38,118.94,776.0,944.0,123.66,,12.89
2023-06-05,107.44,120.34,789.0,957.0,123.66,,12.89
2023-06-06,108.55,120.89,793.0,961.0,123.66,354.0,5.6
2023-06-07,109.99,121.22,788.0,957.0,123.66,,12.89
2023-06-08,111.82,123.67,791.0,959.0,123.66,,12.89
2023-06-09,113.75,125.54,805.0,973.0,122.58,,12.23
2023-06-12,111.13,122.38,794.0,962.0,122.58,,12.23
2023-06-13,113.08,123.89,811.0,980.0,122.58,,12.23
2023-06-14,113.42,124.44,811.0,980.0,122.58,,12.23
2023-06-15,113.67,124.67,805.0,984.0,122.58,,12.23
2023-06-16,113.8,124.91,807.0,986.0,124.65,,11.84
2023-06-19,114.2,125.26,820.0,988.0,124.65,,11.84
2023-06-20,113.47,124.92,818.0,986.0,124.65,445.0,5.4
2023-06-21,112.63,124.12,810.0,980.0,124.65,,11.84
2023-06-26,112.33,123.61,807.0,975.0,124.65,,11.84
2023-06-27,112.8,124.26,821.0,989.0,124.65,,11.84
2023-06-28,112.78,124.21,824.0,992.0,124.65,,11.84
2023-06-29,112.66,124.2,837.0,1006.0,124.65,,11.84
2023-06-30,112.57,124.28,836.0,1005.0,123.56,,11.97
2023-07-03,110.05,122.87,843.0,1011.0,123.56,,11.97
2023-07-04,110.44,123.22,832.0,1001.0,123.56,445.0,5.4
2023-07-05,111.19,124.1,830.0,999.0,123.56,,11.97
2023-07-06,111.69,124.77,831.0,1000.0,123.56,,11.97
2023-07-07,109.53,122.59,835.0,1004.0,122.56,,12.1
2023-07-10,106.64,119.75,825.0,993.0,122.56,,12.1
2023-07-11,108.18,121.42,811.0,979.0,122.56,,12.1
2023-07-17,112.5,125.9,829.0,997.0,121.37,,12.2
2023-07-18,113.24,126.85,839.0,1007.0,121.37,536.0,5.5
2023-07-19,112.63,126.14,841.0,1010.0,121.37,,12.2
2023-07-20,113.55,127.27,848.0,1016.0,121.37,,12.2
2023-07-21,113.11,126.79,846.0,1014.0,122.04,,12.11
2023-07-24,112.8,126.51,855.0,1023.0,122.04,,12.11
2023-07-25,113.33,126.93,856.0,1025.0,122.04,,12.11
2023-07-26,113.31,126.91,866.0,1035.0,122.04,,12.11
2023-07-27,112.83,126.42,861.0,1030.0,122.04,,12.11
2023-07-28,112.45,126.01,841.0,1010.0,120.98,,12.04
2023-07-31,112.46,125.93,831.0,999.0,120.98,,12.04
2023-08-01,108.03,121.58,828.0,997.0,120.98,536.0,5.5
2023-08-02,105.86,119.3,829.0,998.0,120.98,,12.04
2023-08-03,103.21,116.58,822.0,998.0,120.98,,12.04
2023-08-04,104.22,117.45,809.0,978.0,119.76,,12.43
2023-08-07,103.79,116.7,794.0,963.0,119.76,,12.43
2023-08-08,103.23,116.28,794.0,963.0,119.76,,12.43
2023-08-09,104.03,116.85,789.0,958.0,119.76,,12.43
2023-08-10,103.64,116.31,782.0,951.0,119.76,,12.43
2023-08-11,104.87,117.53,785.0,954.0,116.35,,12.73
2023-08-14,103.47,116.15,784.0,952.0,116.35,,12.73
2023-08-15,103.85,116.59,790.0,959.0,116.35,536.0,5.8
2023-08-16,103.87,116.64,790.0,959.0,116.35,,12.73
2023-08-17,106.54,119.29,792.0,961.0,116.35,,12.73
2023-08-18,107.25,119.89,812.0,981.0,117.34,,12.58
2023-08-21,107.46,119.77,813.0,981.0,117.34,,12.58
2023-08-22,108.63,120.94,824.0,993.0,117.34,,12.58
2023-08-23,109.51,121.82,833.0,1002.0,117.34,,12.58
2023-08-24,109.17,121.48,841.0,1009.0,117.34,,12.58
2023-08-25,109.55,121.8,856.0,1024.0,117.11,,12.41
2023-08-28,109.28,121.53,856.0,1025.0,117.11,,12.41
2023-08-29,109.23,121.5,832.0,1001.0,117.11,627.0,5.6
2023-08-30,109.33,121.48,839.0,1008.0,117.11,,12.41
2023-08-31,109.4,121.25,868.0,1037.0,117.11,,12.41
2023-09-01,116.27,127.63,874.0,1042.0,118.22,,12.39
2023-09-04,117.08,128.68,868.0,1037.0,118.22,,12.39
2023-09-05,117.54,128.0,868.0,1037.0,118.22,,12.39
2023-09-06,118.85,128.57,879.0,1048.0,118.22,,12.39
2023-09-07,117.07,126.95,869.0,1037.0,118.22,,12.39
2023-09-08,116.43,126.15,860.0,1028.0,115.67,,12.19
2023-09-12,120.93,130.23,,,116.0,627.0,5.6
2023-09-13,121.13,130.51,873.0,1042.0,115.67,,12.19
2023-09-14,121.98,131.31,882.0,1051.0,115.67,,12.19
2023-09-15,123.37,132.54,896.0,1064.0,115.42,,11.89
2023-09-18,122.68,131.85,902.0,1070.0,115.42,,11.89
2023-09-19,121.92,131.09,890.0,1059.0,115.42,,11.89
2023-09-20,122.54,131.8,911.0,1080.0,115.42,,11.89
2023-09-21,120.9,130.1,907.0,1075.0,115.42,,11.89
2023-09-22,121.97,131.17,921.0,1090.0,112.55,,11.6
2023-09-25,120.66,129.71,911.0,1079.0,112.55,,11.6
2023-09-26,120.41,129.46,903.0,1071.0,112.55,713.0,5.2
2023-09-27,120.67,129.52,894.0,1063.0,112.55,,11.6
2023-09-28,120.77,129.62,894.0,1062.0,112.55,,11.6
2023-09-29,120.79,129.56,894.0,1062.0,112.55,,11.6
2023-10-02,120.49,129.92,894.0,1062.0,112.55,,11.6
2023-10-03,119.02,128.3,894.0,1062.0,112.55,,11.6
2023-10-04,118.05,127.3,894.0,1062.0,112.55,,11.6
2023-10-05,117.8,126.75,894.0,1062.0,112.55,,11.6
2023-10-06,117.56,126.51,894.0,1062.0,112.55,,11.6
2023-10-09,116.14,124.85,893.0,1062.0,112.55,,11.6
2023-10-10,115.01,123.42,881.0,1050.0,112.55,713.0,5.0
2023-10-11,116.43,124.96,871.0,1040.0,112.55,,11.6
2023-10-12,117.73,126.23,898.0,1067.0,112.55,,11.6
2023-10-13,117.36,125.86,896.0,1065.0,105.56,,12.13
2023-10-16,119.1,127.93,896.0,1065.0,105.56,,12.13
2023-10-17,119.21,128.21,902.0,1071.0,105.56,,12.13
2023-10-18,118.35,127.31,896.0,1065.0,105.56,,12.13
2023-10-19,119.09,127.96,894.0,1062.0,105.56,,12.13
2023-10-20,117.33,126.18,887.0,1056.0,105.01,,11.46
2023-10-23,117.29,126.07,871.0,1040.0,105.01,,11.46
2023-10-24,118.18,127.02,,,105.0,795.0,4.7
2023-10-25,118.41,127.25,874.0,1043.0,105.01,,11.46
2023-10-26,118.3,127.14,888.0,1057.0,105.01,,11.46
2023-10-27,118.88,127.66,896.0,1065.0,105.75,,10.94
2023-10-30,118.97,127.81,909.0,1078.0,105.75,,10.94
2023-10-31,118.91,127.88,907.0,1076.0,105.75,,10.94
2023-11-01,123.92,133.52,918.0,1087.0,105.75,,10.94
2023-11-02,124.99,134.6,913.0,1082.0,105.75,,10.94
2023-11-03,125.39,135.14,912.0,1081.0,107.55,,10.42
2023-11-06,126.08,135.72,927.0,1096.0,107.55,,10.42
2023-11-07,125.26,134.76,927.0,1096.0,107.55,795.0,4.1
2023-11-08,126.91,136.51,929.0,1099.0,107.55,,10.42
2023-11-09,127.14,137.03,916.0,1085.0,107.55,,10.42
2023-11-10,128.31,138.48,918.0,1087.0,110.75,,10.02
2023-11-13,129.24,139.54,925.0,1094.0,110.75,,10.02
2023-11-14,129.26,139.35,943.0,1112.0,110.75,,10.02
2023-11-15,130.28,140.41,941.0,1110.0,110.75,,10.02
2023-11-16,130.58,140.68,930.0,1098.0,110.75,,10.02
2023-11-20,130.35,140.73,936.0,1105.0,109.85,,9.8
2023-11-21,130.96,141.55,940.0,1109.0,109.85,875.0,3.7
2023-11-22,131.4,142.71,946.0,1114.0,109.85,,9.8
2023-11-23,131.13,142.38,939.0,1108.0,109.85,,9.8
2023-11-24,131.23,142.57,940.0,1108.0,110.49,,9.6
2023-11-27,130.86,142.05,940.0,1109.0,110.49,,9.6
2023-11-28,130.33,141.49,936.0,1105.0,110.49,,9.6
2023-11-29,130.4,141.6,934.0,1103.0,110.49,,9.6
2023-11-30,130.46,141.76,937.0,1106.0,110.49,,9.6
2023-12-01,132.6,144.91,938.0,1107.0,112.08,,9.8
2023-12-04,130.38,142.71,935.0,1104.0,112.08,,9.8
2023-12-05,130.6,143.05,924.0,1093.0,112.08,875.0,3.6
2023-12-06,133.05,145.36,914.0,1083.0,112.08,,9.8
2023-12-07,134.87,147.17,956.0,1125.0,112.08,,9.8
2023-12-08,136.21,148.39,963.0,1032.0,115.1,,9.6
2023-12-11,135.79,147.79,949.0,1117.0,115.1,,9.6
2023-12-12,136.43,148.43,962.0,1130.0,115.1,,9.6
2023-12-13,135.16,146.79,960.0,1028.0,115.1,,9.6
2023-12-14,135.42,146.95,966.0,1135.0,115.1,,9.6
2023-12-15,135.24,146.76,963.0,1132.0,113.39,,9.63
2023-12-18,134.33,145.86,947.0,1116.0,113.39,,9.63
2023-12-19,134.46,146.02,945.0,1114.0,113.39,952.0,3.5
2023-12-20,135.02,146.39,949.0,1118.0,113.39,,9.63
2023-12-21,136.05,147.38,964.0,1132.0,113.39,,9.63
2023-12-22,136.17,147.55,977.0,1146.0,115.62,,9.55
2023-12-27,136.67,148.05,990.0,1159.0,115.62,,9.55
2023-12-28,136.3,147.69,988.0,1156.0,115.62,,9.55
2024-01-03,143.6,154.74,1004.0,1173.0,116.83,,9.51
2024-01-05,140.31,151.28,1004.0,1172.0,119.31,,9.78
2024-01-08,139.66,150.52,993.0,1162.0,119.31,,9.78
2024-01-09,139.45,150.24,1000.0,1169.0,119.31,952.0,3.9
2024-01-12,134.18,145.72,987.0,1156.0,122.85,,9.96
2024-01-15,132.88,144.5,973.0,1142.0,122.85,,9.96
2024-01-16,133.7,145.3,973.0,1142.0,122.85,,9.96
2024-01-17,131.99,143.62,966.0,1132.0,122.85,,9.96
2024-01-18,133.63,145.23,960.0,1132.0,122.85,,9.96
2024-01-19,133.96,145.53,960.0,1129.0,123.27,,10.26
2024-01-22,133.62,145.02,967.0,1136.0,123.27,,10.26
2024-01-23,134.54,146.2,972.0,1141.0,123.27,1019.0,4.2
2024-01-26,135.31,146.93,984.0,1153.0,124.62,,10.48
2024-01-29,135.55,147.13,989.0,1157.0,124.62,,10.48
2024-01-30,135.27,146.83,987.0,1155.0,124.62,,10.48
2024-01-31,135.13,146.71,980.0,1149.0,124.62,,10.48
2024-02-01,132.37,145.79,975.0,1145.0,124.62,,10.48
2024-02-02,128.0,141.3,972.0,1140.0,126.26,,10.68
2024-02-05,127.71,140.61,970.0,1139.0,126.26,,10.68
2024-02-06,126.63,139.6,970.0,1139.0,126.26,1019.0,5.0
2024-02-15,129.68,142.75,970.0,1139.0,126.26,,10.68
2024-02-16,130.36,143.42,970.0,1139.0,126.26,,10.68
2024-02-19,128.51,141.41,972.0,1141.0,126.26,,10.68
2024-02-20,125.93,138.72,948.0,1162.0,126.26,1019.0,5.6
2024-02-21,125.27,138.04,930.0,1099.0,126.26,,10.68
2024-02-22,125.38,138.11,921.0,1089.0,126.26,,10.68
2024-02-23,125.53,138.23,917.0,1086.0,132.64,,11.16
2024-02-26,124.65,137.33,900.0,1068.0,132.64,,11.16
2024-02-27,124.97,137.63,900.0,1068.0,132.64,,11.16
2024-02-28,124.82,137.55,898.0,1066.0,132.64,,11.16
2024-02-29,124.86,137.48,887.0,1056.0,132.64,,11.16
2024-03-01,114.66,127.41,866.0,1035.0,135.47,,12.17
2024-03-04,117.03,129.78,868.0,1037.0,135.47,,12.17
2024-03-05,116.06,128.61,863.0,1032.0,135.47,1019.0,8.1
2024-03-06,116.99,129.27,860.0,1029.0,135.47,,12.17
2024-03-07,118.13,130.25,858.0,1027.0,135.47,,12.17
2024-03-08,116.93,129.03,846.0,1014.0,138.06,,13.9
2024-03-11,111.34,123.42,815.0,984.0,138.06,,13.9
2024-03-12,112.39,124.66,810.0,978.0,138.06,,13.9
2024-03-13,110.05,122.21,796.0,964.0,138.06,,13.9
2024-03-14,108.71,120.87,787.0,955.0,138.06,,13.9
2024-03-18,108.51,120.72,765.0,934.0,139.15,,16.75
2024-03-19,109.83,122.03,776.0,944.0,139.15,1019.0,8.3
2024-03-20,109.43,121.62,773.0,942.0,139.15,,16.75
2024-03-21,110.88,123.27,784.0,952.0,139.15,,16.75
2024-03-22,110.39,122.7,782.0,951.0,139.69,,18.35
2024-03-25,110.47,122.81,784.0,953.0,139.69,,18.35
2024-03-26,109.75,122.15,778.0,947.0,139.69,,18.35
2024-03-27,109.47,121.87,771.0,939.0,139.69,,18.35
2024-03-28,109.53,122.34,767.0,936.0,139.69,,18.35
2024-03-29,101.95,121.35,752.0,921.0,140.18,,18.15
2024-04-01,101.99,114.06,758.0,927.0,140.18,,18.15
2024-04-02,102.35,114.4,810.0,922.0,142.0,168.0,7.9
2024-04-03,100.34,112.39,744.0,913.0,140.18,,18.15
2024-04-08,103.61,115.66,762.0,930.0,140.18,,18.15
2024-04-09,105.97,118.04,775.0,945.0,140.18,,18.15
2024-04-10,105.36,117.44,777.0,945.0,140.18,,18.15
2024-04-11,106.41,118.51,778.0,945.0,140.18,,18.15
2024-04-12,108.49,120.85,787.0,955.0,140.68,,16.25
2024-04-16,107.48,119.99,786.0,955.0,140.68,168.0,7.4
2024-04-17,110.42,122.91,813.0,981.0,140.68,,16.25
2024-04-18,111.18,123.66,827.0,996.0,140.68,,16.25
2024-04-19,110.89,123.33,826.0,996.0,141.54,,15.23
2024-04-22,110.84,123.28,823.0,992.0,141.54,,15.23
2024-04-23,109.83,122.28,820.0,988.0,141.54,,15.23
2024-04-24,111.09,123.57,839.0,1007.0,141.54,,15.23
2024-04-26,111.14,123.56,837.0,1006.0,143.46,,14.38
2024-04-29,110.99,123.36,835.0,1004.0,143.46,,14.38
2024-04-30,110.91,123.47,,,145.0,257.0,6.8
2024-05-06,119.64,133.78,908.0,1019.0,143.46,,14.38
2024-05-07,118.58,132.87,907.0,1019.0,143.46,,14.38
2024-05-08,115.79,130.44,896.0,1007.0,143.46,,14.38
2024-05-10,116.67,131.79,887.0,998.0,142.71,,13.65
2024-05-13,117.29,132.69,891.0,1003.0,142.71,,13.65
2024-05-14,116.05,131.41,886.0,997.0,142.71,257.0,6.3
2024-05-15,115.35,130.68,884.0,996.0,142.71,,13.65
2024-05-16,116.85,132.16,891.0,1003.0,142.71,,13.65
2024-05-17,117.21,132.58,893.0,1004.0,143.98,,12.97
2024-05-20,117.73,133.02,897.0,1009.0,143.98,,12.97
2024-05-21,118.62,133.99,900.0,1011.0,143.98,,12.97
2024-05-22,119.1,134.18,903.0,1015.0,143.98,,12.97
2024-05-23,118.12,133.2,899.0,1012.0,143.98,,12.97
2024-05-24,118.37,133.41,901.0,1013.0,144.4,,12.48
2024-05-27,118.04,133.25,899.0,1011.0,144.4,,12.48
2024-05-28,117.72,132.93,895.0,1007.0,144.4,344.0,6.1
2024-05-29,117.83,133.05,893.0,1005.0,144.4,,12.48
2024-05-30,117.54,132.78,886.0,998.0,144.4,,12.48
2024-06-03,109.98,124.79,815.0,984.0,144.55,,12.38
2024-06-04,107.5,122.74,808.0,976.0,144.55,,12.38
2024-06-05,106.79,122.29,806.0,975.0,144.55,,12.38
2024-06-06,108.65,123.87,808.0,976.0,144.55,,12.38
2024-06-07,108.7,123.45,809.0,977.0,145.45,,12.49
2024-06-11,105.38,120.61,,,147.0,344.0,5.7
2024-06-13,106.98,122.28,773.0,942.0,145.45,,12.49
2024-06-14,107.46,122.54,779.0,948.0,145.23,,12.71
2024-06-17,106.55,121.58,777.0,945.0,145.23,,12.71
2024-06-19,107.35,122.54,789.0,958.0,145.23,,12.71
2024-06-20,107.15,122.49,786.0,955.0,145.23,,12.71
2024-06-25,106.05,121.5,765.0,934.0,145.1,439.0,5.8
2024-06-27,106.49,121.83,768.0,936.0,145.1,,12.63
2024-07-01,110.08,125.59,777.0,946.0,145.44,,12.81
2024-07-08,109.24,125.1,792.0,960.0,146.04,,12.84
2024-07-09,110.05,125.88,788.0,957.0,146.04,439.0,5.9
2024-07-10,107.28,122.83,773.0,942.0,146.04,,12.84
2024-07-11,108.91,124.54,786.0,954.0,146.04,,12.84
2024-07-12,109.05,124.79,786.0,954.0,146.22,,12.94
2024-07-15,109.42,125.16,789.0,958.0,146.22,,12.94
2024-07-16,108.72,124.4,786.0,955.0,146.22,,12.94
2024-07-17,107.48,123.26,771.0,940.0,146.22,,12.94
2024-07-18,107.71,123.51,775.0,944.0,146.22,,12.94
2024-07-19,107.2,123.07,775.0,938.0,147.59,,12.86
2024-07-22,106.79,122.61,767.0,936.0,147.59,,12.86
2024-07-23,105.93,121.74,754.0,922.0,147.59,531.0,5.9
2024-07-24,105.96,121.7,751.0,920.0,147.59,,12.86
2024-07-25,105.75,121.53,741.0,910.0,147.59,,12.86
2024-07-26,106.12,121.91,744.0,913.0,149.05,,12.88
2024-07-29,106.09,121.84,742.0,911.0,149.05,,12.88
2024-07-30,105.84,121.62,733.0,902.0,149.05,,12.88
2024-07-31,105.94,121.83,738.0,907.0,149.05,,12.88
2024-08-01,102.8,117.8,743.0,912.0,149.05,,12.88
2024-08-05,103.71,118.7,749.0,918.0,147.29,,12.83
2024-08-06,102.66,117.58,743.0,912.0,147.29,531.0,5.8
2024-08-07,101.36,116.27,735.0,904.0,147.29,,12.83
2024-08-08,100.14,115.06,724.0,893.0,147.29,,12.83
2024-08-09,101.49,116.41,722.0,891.0,146.68,,12.61
2024-08-12,100.06,114.96,714.0,883.0,146.68,,12.61
2024-08-13,99.37,114.13,704.0,873.0,146.68,,12.61
2024-08-14,97.64,112.41,699.0,868.0,146.68,,12.61
2024-08-15,96.28,110.98,686.0,855.0,146.68,,12.61
2024-08-16,95.55,110.23,686.0,849.0,147.16,,12.3
2024-08-19,96.86,111.31,689.0,857.0,147.16,,12.3
2024-08-20,97.18,111.46,690.0,859.0,147.16,614.0,5.5
2024-08-21,98.38,112.77,696.0,865.0,147.16,,12.3
2024-08-22,97.89,112.46,686.0,855.0,147.16,,12.3
2024-08-23,97.6,111.97,683.0,852.0,147.13,,11.87
2024-08-26,98.6,112.96,693.0,861.0,147.13,,11.87
2024-08-27,98.83,113.2,695.0,863.0,147.13,,11.87
2024-08-28,98.73,113.1,695.0,863.0,147.13,,11.87
2024-08-29,98.74,113.1,700.0,869.0,147.13,,11.87
2024-08-30,98.7,113.1,698.0,866.0,150.47,,11.15
2024-09-02,96.6,109.69,678.0,846.0,150.47,,11.15
2024-09-03,93.42,106.26,669.0,838.0,150.47,614.0,4.8
2024-09-04,92.53,105.21,662.0,830.0,150.47,,11.15
2024-09-05,91.26,103.65,651.0,820.0,150.47,,11.15
2024-09-09,91.77,104.12,657.0,826.0,150.72,,10.65
2024-09-10,91.1,103.43,654.0,823.0,150.72,,10.65
2024-09-11,92.48,104.8,658.0,827.0,150.72,,10.65
2024-09-12,93.72,106.05,665.0,834.0,150.72,,10.65
2024-09-17,92.18,104.63,,,149.0,691.0,3.8
2024-09-18,91.53,104.0,642.0,811.0,150.72,,9.91
2024-09-19,92.27,104.76,656.0,825.0,150.72,,9.91
2024-09-20,91.97,104.42,650.0,819.0,150.0,,9.58
2024-09-23,91.38,103.84,626.0,794.0,150.0,,9.58
2024-09-24,92.6,105.2,643.0,812.0,150.0,,9.58
2024-09-25,92.9,105.46,655.0,823.0,150.0,,9.58
2024-09-30,93.83,106.79,,,,,
2024-10-01,108.24,122.18,,,146.0,691.0,3.2
2024-10-15,106.3,121.09,,,146.0,691.0,3.2
2024-10-29,104.07,119.05,,,148.0,768.0,3.0
2024-11-12,101.76,117.32,,,150.0,768.0,2.9
2024-11-26,102.24,117.47,725.0,894.0,148.86,851.0,3.0
2024-11-27,102.4,117.59,731.0,900.0,148.86,,18.02
2024-11-28,102.39,117.56,730.0,899.0,148.86,,18.02
2024-11-29,102.44,117.54,736.0,904.0,147.3,,18.02
2024-12-02,105.41,119.44,742.0,911.0,147.3,,18.02
2024-12-03,105.91,120.05,747.0,916.0,147.3,,18.02
2024-12-04,106.14,120.29,748.0,917.0,147.3,,18.02
2024-12-05,104.74,118.95,738.0,907.0,147.3,,18.02
2024-12-06,104.22,118.5,736.0,905.0,145.84,,18.02
2024-12-09,105.69,120.02,741.0,910.0,145.84,,18.02
2024-12-10,105.76,120.16,746.0,915.0,145.84,851.0,3.1
2024-12-11,105.14,119.58,745.0,914.0,145.84,,18.02
2024-12-12,106.17,120.62,749.0,918.0,145.84,,18.02
2024-12-13,105.06,119.51,745.0,914.0,146.66,,18.02
2024-12-16,105.66,120.15,743.0,912.0,146.66,,18.02
2024-12-17,105.45,119.84,742.0,910.0,146.66,,18.02
2024-12-18,104.68,119.1,731.0,899.0,146.66,,18.02
2024-12-19,104.25,118.66,725.0,894.0,146.66,,18.02
2024-12-20,100.63,114.92,720.0,889.0,145.85,,18.02
2024-12-23,101.29,115.64,722.0,891.0,145.85,,18.02
2024-12-24,101.09,115.46,725.0,893.0,145.85,,18.02
2024-12-27,98.84,113.22,718.0,887.0,144.99,,18.02
2024-12-30,100.6,114.88,722.0,891.0,144.99,,18.02
2024-12-31,100.97,115.24,722.0,891.0,144.99,,18.02
2025-01-02,101.38,115.64,724.0,893.0,144.99,,18.02
2025-01-03,98.83,113.01,714.0,883.0,145.22,,18.02
2025-01-07,97.42,111.63,710.0,879.0,145.22,929.0,2.9
2025-01-08,97.36,111.57,711.0,880.0,145.22,,18.02
2025-01-09,97.82,111.92,714.0,883.0,145.22,,18.02
2025-01-10,97.9,111.99,714.0,883.0,146.33,,18.02
2025-01-13,98.92,113.09,720.0,889.0,146.33,,18.02
2025-01-15,99.97,114.13,729.0,898.0,146.33,,18.02
2025-01-16,101.02,115.2,737.0,906.0,146.33,,18.02
2025-01-17,101.57,115.74,744.0,913.0,146.63,,18.02
2025-01-20,101.53,115.67,746.0,915.0,146.63,,18.02
2025-01-21,101.79,115.87,,,146.0,1005.0,3.1
2025-01-22,101.42,115.51,750.0,919.0,146.63,,18.02
2025-01-23,101.44,115.53,750.0,919.0,146.63,,18.02
2025-01-24,101.59,115.76,752.0,921.0,145.28,,18.02
2025-02-04,105.55,119.28,,,146.0,1005.0,3.4
2025-02-05,104.43,118.17,751.0,919.0,145.28,,18.02
2025-02-06,106.35,120.11,756.0,925.0,145.28,,18.02
2025-02-07,106.72,120.44,761.0,930.0,149.91,,18.02
2025-02-10,107.34,121.08,765.0,934.0,149.91,,18.02
2025-02-11,106.41,120.15,762.0,931.0,149.91,,18.02
2025-02-12,107.81,121.54,769.0,938.0,149.91,,18.02
2025-02-13,106.99,120.65,766.0,935.0,149.91,,18.02
2025-02-14,106.79,120.28,763.0,932.0,149.96,,18.02
2025-02-17,106.46,119.95,760.0,929.0,149.96,,18.02
2025-02-18,106.9,120.46,765.0,933.0,149.96,1005.0,5.5
2025-02-19,106.9,120.47,767.0,936.0,149.96,,18.02
2025-02-20,107.65,121.22,772.0,941.0,149.96,,18.02
2025-02-21,107.6,121.08,779.0,948.0,149.18,,18.02
2025-02-24,107.57,121.08,770.0,939.0,149.18,,18.02
2025-02-25,107.1,120.5,765.0,934.0,149.18,,18.02
2025-02-26,107.09,120.42,762.0,930.0,149.18,,18.02
2025-02-27,107.03,120.31,758.0,928.0,149.18,,18.02
2025-02-28,106.9,120.13,758.0,927.0,148.16,,18.02
2025-03-03,100.9,114.08,741.0,909.0,148.16,,18.02
2025-03-04,101.87,114.93,737.0,906.0,148.16,1005.0,6.2
2025-03-05,100.8,113.77,731.0,899.0,148.16,,18.02
2025-03-06,101.25,114.37,730.0,898.0,148.16,,18.02
2025-03-07,101.28,114.4,733.0,902.0,142.97,,18.02
2025-03-10,101.05,114.19,730.0,899.0,142.97,,18.02
2025-03-11,101.64,114.75,731.0,900.0,142.97,,18.02
2025-03-12,101.76,114.84,726.0,894.0,142.97,,18.02
2025-03-13,102.85,115.91,730.0,898.0,142.97,,18.02
2025-03-14,103.75,116.62,737.0,906.0,141.17,,18.02
2025-03-17,102.65,115.57,731.0,899.0,141.17,,18.02
2025-03-18,102.8,115.71,731.0,899.0,141.17,166.0,6.3
2025-03-19,101.99,114.9,721.0,889.0,141.17,,18.02
2025-03-20,102.1,115.0,722.0,890.0,141.17,,18.02
2025-03-21,101.82,114.73,720.0,889.0,141.44,,18.02
2025-03-24,102.5,115.41,734.0,903.0,141.44,,18.02
2025-03-25,102.2,115.13,730.0,899.0,141.44,,18.02
2025-03-26,102.4,115.34,732.0,901.0,141.44,,18.02
2025-03-27,102.45,115.4,736.0,904.0,141.44,,18.02
2025-03-28,102.43,115.3,735.0,904.0,142.02,,18.02
2025-03-31,102.04,114.97,723.0,892.0,142.02,,18.02
2025-04-01,103.88,116.8,734.0,903.0,142.02,166.0,6.1
2025-04-02,103.77,116.77,733.0,902.0,142.02,,18.02
2025-04-03,102.88,116.0,730.0,899.0,142.02,,18.02
2025-04-07,99.54,112.69,722.0,891.0,142.02,,18.02
2025-04-08,97.44,110.46,704.0,873.0,142.02,,18.02
2025-04-09,97.27,110.18,698.0,867.0,142.02,,18.02
2025-04-10,98.98,111.89,707.0,876.0,142.02,,18.02
2025-04-11,99.0,111.69,709.0,877.0,140.62,,18.02
2025-04-14,99.57,112.24,709.0,877.0,140.62,,18.02
2025-04-15,99.99,112.58,715.0,883.0,140.62,166.0,5.8
2025-04-16,99.68,112.28,714.0,882.0,140.62,,18.02
2025-04-17,99.55,112.17,711.0,880.0,140.62,,18.02
2025-04-18,99.3,111.98,701.0,870.0,137.84,,18.02
2025-04-21,100.1,112.67,708.0,877.0,137.84,,18.02
2025-04-22,99.8,112.45,713.0,882.0,137.84,,18.02
2025-04-23,100.23,112.91,718.0,887.0,137.84,,18.02
2025-04-24,100.05,112.71,716.0,885.0,137.84,,18.02
2025-04-25,99.85,112.47,713.0,881.0,139.94,,18.02
2025-04-29,99.85,112.5,,,134.0,259.0,5.2
2025-04-30,99.76,112.31,771.0,883.0,139.94,,18.02
2025-05-06,98.5,110.24,770.0,882.0,139.94,,18.02
2025-05-07,99.35,110.6,772.0,883.0,139.94,,18.02
2025-05-08,97.93,109.14,765.0,876.0,139.94,,18.02
2025-05-09,98.25,109.44,766.0,878.0,139.66,,18.02
2025-05-12,100.49,111.65,775.0,887.0,139.66,,18.02
2025-05-13,100.05,111.19,773.0,885.0,139.66,259.0,4.9
2025-05-14,101.8,112.87,784.0,896.0,139.66,,18.02
2025-05-15,101.2,112.25,786.0,898.0,139.66,,18.02
2025-05-16,100.6,111.7,783.0,894.0,139.4,,18.02
2025-05-19,100.2,111.33,780.0,892.0,139.4,,18.02
2025-05-20,100.11,111.14,776.0,888.0,139.4,,18.02
2025-05-21,100.2,111.16,777.0,888.0,139.4,,18.02
2025-05-22,99.86,110.8,775.0,887.0,139.4,,18.02
2025-05-23,99.56,110.49,771.0,883.0,137.73,,18.02
2025-05-26,99.4,110.33,760.0,872.0,137.73,,18.02
2025-05-27,99.21,110.14,755.0,867.0,137.73,259.0,4.9
2025-05-28,99.08,110.04,754.0,866.0,137.73,,18.02
2025-05-29,99.15,110.11,757.0,869.0,137.73,,18.02
2025-05-30,99.12,109.99,751.0,863.0,136.24,,18.02
2025-06-03,95.25,105.25,688.0,857.0,136.24,,18.02
2025-06-04,96.24,105.74,691.0,860.0,136.24,,18.02
2025-06-05,95.67,104.97,690.0,859.0,136.24,,18.02
2025-06-06,96.26,105.54,695.0,863.0,136.09,,18.02
2025-06-09,95.56,104.91,691.0,860.0,136.09,,18.02
2025-06-10,95.3,104.76,688.0,857.0,136.09,345.0,4.0
2025-06-11,95.8,105.25,693.0,862.0,136.09,,18.02
2025-06-12,95.4,104.83,687.0,855.0,136.09,,18.02
2025-06-13,95.1,104.53,684.0,852.0,137.22,,18.02
2025-06-16,95.05,104.5,685.0,854.0,137.22,,18.02
2025-06-17,94.42,103.89,682.0,850.0,137.22,,18.02
2025-06-18,94.17,103.67,675.0,843.0,137.22,,18.02
2025-06-19,94.33,103.81,674.0,843.0,137.22,,18.02
2025-06-20,94.7,104.24,676.0,844.0,136.78,,18.02
2025-06-23,94.74,104.32,676.0,845.0,136.78,,18.02
2025-06-24,94.45,104.06,667.0,836.0,136.78,432.0,3.8
2025-06-25,94.3,104.05,667.0,836.0,136.78,,18.02
2025-06-26,94.45,104.2,668.0,836.0,136.78,,18.02
2025-06-27,94.55,104.28,671.0,840.0,136.92,,18.02
2025-06-30,94.47,104.29,670.0,838.0,136.92,,18.02
2025-07-01,93.35,104.01,665.0,834.0,136.92,,18.02
2025-07-02,95.25,106.01,672.0,841.0,136.92,,18.02
2025-07-03,96.35,107.27,681.0,850.0,136.92,,18.02
2025-07-04,95.89,107.06,687.0,856.0,137.13,,18.02
2025-07-07,95.25,107.08,686.0,855.0,137.13,,18.02
2025-07-08,95.53,108.01,687.0,856.0,137.13,432.0,3.7
2025-07-09,95.58,108.12,689.0,858.0,137.13,,18.02
2025-07-10,97.6,110.54,698.0,867.0,137.13,,18.02
2025-07-11,97.8,111.01,703.0,871.0,136.16,,18.02
2025-07-14,97.9,111.4,704.0,873.0,136.16,,18.02
2025-07-15,97.45,111.45,716.0,885.0,136.16,,18.02
2025-07-16,97.95,112.11,718.0,887.0,136.16,,18.02
2025-07-17,98.44,112.55,726.0,895.0,136.16,,18.02
2025-07-18,98.37,112.55,727.0,896.0,133.39,,18.02
2025-07-21,99.49,113.66,740.0,908.0,133.39,,18.02
2025-07-22,100.15,114.36,754.0,923.0,133.39,515.0,3.7
2025-07-23,99.85,114.13,749.0,918.0,133.39,,18.02
2025-07-24,100.01,114.28,744.0,913.0,133.39,,18.02
2025-07-25,99.55,113.87,744.0,913.0,131.84,,18.02
2025-07-28,99.1,113.49,739.0,907.0,131.84,,18.02
2025-07-29,99.3,113.77,745.0,913.0,131.84,,18.02
2025-07-30,99.2,113.7,741.0,909.0,131.84,,18.02
2025-07-31,99.12,113.67,736.0,905.0,131.84,,18.02
2025-08-01,99.65,115.14,737.0,905.0,130.48,,18.02
2025-08-04,101.04,117.41,740.0,909.0,130.48,,18.02
2025-08-05,101.91,118.25,742.0,911.0,130.48,515.0,3.8
2025-08-06,101.25,117.81,741.0,910.0,130.48,,18.02
2025-08-07,101.7,119.19,741.0,910.0,130.48,,18.02
2025-08-08,101.7,119.41,739.0,908.0,129.27,,18.02
2025-08-11,102.6,120.05,742.0,911.0,129.27,,18.02
2025-08-12,103.26,120.97,746.0,915.0,129.27,,18.02
2025-08-13,102.79,119.91,745.0,914.0,129.27,,18.02
2025-08-14,101.91,119.23,743.0,912.0,129.27,,18.02
2025-08-15,101.84,118.99,739.0,907.0,130.67,,18.02
2025-08-18,101.63,118.68,738.0,906.0,130.67,,18.02
2025-08-19,101.45,118.8,734.0,902.0,130.67,594.0,4.1
2025-08-20,101.26,118.64,732.0,901.0,130.67,,18.02
2025-08-21,101.49,118.84,733.0,902.0,130.67,,18.02
2025-08-22,101.2,118.53,732.0,901.0,130.19,,18.02
2025-08-25,101.9,119.44,740.0,909.0,130.19,,18.02
2025-08-26,101.65,119.22,734.0,903.0,130.19,,18.02
2025-08-27,101.75,119.32,734.0,900.0,130.19,,18.02
2025-08-28,101.9,119.47,739.0,907.0,130.19,,18.02
2025-08-29,101.81,119.48,737.0,906.0,129.17,,18.02
2025-09-01,101.71,118.25,721.0,890.0,129.17,,18.02
2025-09-02,102.55,119.19,725.0,894.0,129.17,594.0,4.4
2025-09-03,103.34,120.0,731.0,900.0,129.17,,18.02
2025-09-04,104.67,121.35,739.0,908.0,129.17,,18.02
2025-09-05,104.75,121.71,737.0,905.0,129.53,,18.02
2025-09-08,105.25,122.24,740.0,909.0,129.53,,18.02
2025-09-09,106.75,123.79,749.0,917.0,129.53,,18.02
2025-09-10,106.37,123.26,750.0,918.0,129.53,,18.02
2025-09-11,105.4,122.22,743.0,912.0,129.53,,18.02
2025-09-12,105.7,122.76,744.0,913.0,130.41,,10.76
2025-09-15,105.5,122.45,742.0,911.0,130.41,,10.76
2025-09-16,105.72,122.83,746.0,915.0,130.41,672.0,4.7
2025-09-17,105.45,122.71,749.0,919.0,130.41,,10.76
2025-09-18,105.27,122.29,748.0,917.0,130.41,,10.76
2025-09-19,105.7,122.27,755.0,924.0,129.91,,10.78
2025-09-22,105.8,122.41,756.0,925.0,129.91,,10.78
2025-09-23,105.69,122.24,753.0,922.0,129.91,,10.78
2025-09-24,105.7,122.15,754.0,923.0,129.91,,10.78
2025-09-25,105.6,122.05,755.0,924.0,129.91,,10.78
2025-09-26,105.32,121.81,749.0,920.0,129.37,,10.72
2025-09-29,105.3,121.87,747.0,916.0,129.37,,10.72
2025-09-30,105.29,121.89,802.0,914.0,129.37,672.0,4.7
2025-10-01,103.91,118.69,802.0,914.0,129.37,,10.72
2025-10-02,104.0,118.67,802.0,914.0,129.37,,10.72
2025-10-03,104.04,118.71,802.0,914.0,129.37,,10.72
2025-10-09,104.91,119.66,747.0,916.0,129.37,,11.52
2025-10-13,107.3,122.01,747.0,914.0,130.16,,11.52
2025-10-14,105.49,120.2,787.0,,133.0,672.0,4.7
2025-10-15,105.68,120.28,726.0,895.0,130.16,,11.52
2025-10-16,105.43,119.85,722.0,891.0,130.16,,11.52
2025-10-17,104.87,119.15,720.0,889.0,129.31,,11.5
2025-10-20,104.92,119.19,719.0,888.0,129.31,,11.5
2025-10-21,104.94,119.12,722.0,891.0,129.31,,11.5
2025-10-22,105.15,119.4,726.0,894.0,129.31,,11.5
2025-10-23,105.35,119.78,729.0,898.0,129.31,,11.5
2025-10-24,105.2,119.52,725.0,894.0,131.2,,11.32
2025-10-27,105.66,119.94,736.0,904.0,131.2,,11.32
2025-10-28,105.75,120.01,,,134.0,746.0,4.6
2025-10-29,105.95,120.24,749.0,918.0,131.2,,11.32
2025-10-30,105.84,120.13,750.0,919.0,131.2,,11.32
2025-10-31,105.83,120.04,747.0,916.0,132.33,,11.05
2025-11-03,105.65,118.27,736.0,906.0,132.33,,11.05
2025-11-04,104.16,116.24,731.0,900.0,132.33,,11.05
2025-11-05,104.33,116.41,729.0,898.0,132.33,,11.05
2025-11-06,104.81,116.78,733.0,902.0,132.33,,11.05
2025-11-07,102.59,114.48,725.0,893.0,135.31,,10.89
2025-11-10,103.29,115.28,730.0,899.0,135.31,,10.89
2025-11-11,102.83,114.86,730.0,899.0,135.31,746.0,4.4
2025-11-12,103.73,115.83,740.0,909.0,135.31,,10.89
2025-11-13,103.69,115.77,742.0,911.0,135.31,,10.89
2025-11-14,103.6,115.69,744.0,913.0,138.09,,10.58
2025-11-17,104.6,116.7,752.0,921.0,138.09,,10.58
2025-11-18,104.5,116.53,756.0,925.0,138.09,,10.58
2025-11-19,104.5,116.43,760.0,929.0,138.09,,10.58
2025-11-20,104.35,116.29,757.0,926.0,138.09,,10.58
2025-11-21,104.33,116.28,760.0,928.0,137.45,,10.2
2025-11-24,104.65,116.62,763.0,931.0,137.45,,10.2
2025-11-25,104.8,116.75,766.0,935.0,137.45,818.0,4.1
2025-11-26,104.9,116.85,766.0,935.0,137.45,,10.2
2025-11-27,104.9,116.85,770.0,938.0,137.45,,10.2
2025-11-28,104.84,116.79,763.0,932.0,138.61,,9.88
2025-12-01,106.91,119.09,765.0,932.0,138.61,,9.88
2025-12-02,107.4,119.6,764.0,933.0,138.61,,9.88
2025-12-03,107.85,119.96,765.0,934.0,138.61,,9.88
2025-12-05,107.12,119.12,756.0,925.0,139.82,,9.58
2025-12-08,106.05,118.02,750.0,919.0,139.82,,9.58
2025-12-09,105.95,117.89,748.0,917.0,139.82,818.0,3.7
2025-12-10,106.54,118.48,749.0,918.0,139.82,,9.58
2025-12-11,105.75,117.68,743.0,911.0,139.82,,9.58
2025-12-12,106.05,118.12,743.0,911.0,141.0,,9.27
2025-12-15,105.77,118.0,735.0,903.0,141.0,,9.27
2025-12-16,106.25,118.42,747.0,916.0,141.0,,9.27
2025-12-17,106.75,118.91,750.0,919.0,141.0,,9.27
2025-12-18,107.26,119.47,761.0,930.0,141.0,,9.27
2025-12-19,107.25,119.54,769.0,934.0,141.73,,9.01
2025-12-22,107.22,119.54,771.0,936.0,141.73,,9.01
2025-12-23,107.15,119.49,765.0,930.0,141.73,,9.01
2025-12-24,107.05,119.39,776.0,926.0,141.73,,9.01
2025-12-25,99.9,119.82,771.0,921.0,141.73,,9.01
2025-12-29,107.3,119.71,787.0,936.0,145.26,,8.64
2025-12-30,107.3,119.72,780.0,930.0,145.26,,8.64
2026-01-05,105.97,121.41,774.0,899.0,145.26,,8.64
2026-01-06,106.64,122.26,777.0,886.0,145.26,892.0,2.8
2026-01-07,108.85,124.35,787.0,895.0,145.26,,8.64
2026-01-08,107.85,123.31,780.0,896.0,145.26,,8.64
2026-01-09,108.34,123.71,778.0,899.0,147.03,,8.72
2026-01-12,108.89,124.17,782.0,912.0,147.03,,8.72
2026-01-13,108.19,123.32,780.0,905.0,147.03,,8.72
2026-01-14,108.0,123.08,781.0,912.0,147.03,,8.72
2026-01-15,107.39,122.53,776.0,912.0,147.03,,8.72
2026-01-16,106.92,122.17,776.0,910.0,148.76,,8.71
2026-01-19,106.09,121.38,804.0,899.0,148.76,,8.71
2026-01-20,105.79,121.09,733.0,898.0,148.76,961.0,2.8
2026-01-21,105.39,120.78,741.0,894.0,148.76,,8.71
2026-01-22,105.65,120.97,747.0,895.0,148.76,,8.71
2026-01-23,105.87,121.23,747.0,898.0,150.41,,8.84
2026-01-26,105.62,120.96,742.0,898.0,150.41,,8.84
2026-01-27,105.7,121.16,741.0,900.0,150.41,,8.84
2026-01-28,105.5,120.94,741.0,900.0,150.41,,8.84
2026-01-29,105.7,121.15,748.0,901.0,150.41,,8.84
2026-01-30,105.62,121.03,743.0,899.0,153.18,,9.0
2026-02-02,102.65,119.26,734.0,893.0,153.18,,9.0
2026-02-03,101.75,118.45,721.0,883.0,153.18,961.0,3.0
2026-02-04,102.5,119.51,726.0,868.0,153.18,,9.0
2026-02-05,100.9,117.95,723.0,823.0,153.18,,9.0
2026-02-06,99.58,116.96,722.0,826.0,154.84,,9.56
2026-02-09,100.25,118.01,719.0,851.0,154.84,,9.56
2026-02-10,100.64,118.1,720.0,852.0,154.84,,9.56
2026-02-11,100.29,117.92,718.0,850.0,154.84,,9.56
2026-02-12,100.05,117.72,718.0,848.0,154.84,,9.56
2026-02-13,98.7,116.28,714.0,840.0,152.93,,10.42
2026-02-16,98.6,116.17,714.0,840.0,152.93,,10.42
2026-02-17,98.35,115.91,,,161.0,961.0,3.7
2026-02-19,98.25,115.8,714.0,840.0,152.93,,10.42
2026-02-20,98.2,115.83,714.0,840.0,152.93,,10.42
2026-02-23,98.46,115.99,714.0,840.0,152.93,,10.42
2026-02-24,98.65,116.28,710.0,840.0,152.93,,10.42
2026-02-25,99.03,116.61,710.0,847.0,152.93,,10.42
2026-02-26,99.05,116.62,713.0,845.0,152.93,,10.42
2026-02-27,99.06,116.55,715.0,862.0,166.39,,13.73
2026-03-02,100.07,118.4,716.0,870.0,166.39,,13.73
2026-03-03,99.62,118.25,719.0,874.0,166.39,961.0,5.0
2026-03-04,99.6,118.2,715.0,873.0,166.39,,13.73
2026-03-05,101.01,119.44,718.0,872.0,166.39,,13.73
2026-03-06,102.2,120.88,724.0,877.0,154.8,,14.76
2026-03-09,103.22,122.25,734.0,888.0,154.8,,14.76
2026-03-10,103.8,123.06,730.0,890.0,154.8,,14.76
2026-03-11,104.1,123.25,728.0,892.0,154.8,,14.76
2026-03-12,106.67,125.58,728.0,892.0,154.8,,14.76
2026-03-13,106.72,125.21,732.0,890.0,155.41,,15.16
2026-03-16,106.42,124.95,747.0,904.0,155.41,,15.16
2026-03-17,107.1,125.69,755.0,907.0,155.41,160.0,5.9
2026-03-18,106.3,125.14,754.0,907.0,155.41,,15.16
2026-03-19,106.31,125.22,754.0,905.0,155.41,,15.16
2026-03-20,106.74,125.72,758.0,915.0,156.39,,15.16
2026-03-23,106.7,125.63,763.0,920.0,156.39,,15.16
2026-03-24,106.6,125.53,766.0,924.0,156.39,,15.16
2026-03-25,105.98,124.92,752.0,924.0,156.39,,15.16
2026-03-26,106.39,125.27,759.0,953.0,156.39,,15.16
2026-03-27,106.35,125.2,755.0,953.0,155.78,,14.65
2026-03-30,106.39,125.19,739.0,958.0,155.78,,14.65
2026-03-31,106.38,125.16,730.0,953.0,155.78,160.0,5.9
2026-04-01,107.49,124.73,731.0,954.0,155.78,,14.65
2026-04-02,107.67,125.14,731.0,951.0,155.78,,14.65
2026-04-03,107.01,124.54,721.0,940.0,155.48,,14.36
2026-04-07,107.97,126.07,728.0,938.0,155.48,,14.36
2026-04-08,107.15,125.34,733.0,930.0,155.48,,14.36
2026-04-09,105.13,123.25,722.0,921.0,155.48,,14.36
2026-04-10,105.47,123.43,720.0,920.0,153.19,,13.96
2026-04-13,106.27,124.48,725.0,925.0,153.19,,13.96
2026-04-14,105.33,123.62,709.0,916.0,153.19,160.0,5.8
2026-04-15,105.82,124.09,713.0,920.0,153.19,,13.96
2026-04-16,106.95,124.97,722.0,935.0,153.19,,13.96
2026-04-17,106.7,124.63,720.0,928.0,152.58,,13.47
2026-04-20,107.28,125.13,728.0,936.0,152.58,,13.47
2026-04-21,107.25,125.06,718.0,934.0,152.58,,13.47
2026-04-22,107.35,125.0,722.0,937.0,152.58,,13.47
2026-04-23,107.1,124.77,721.0,935.0,152.58,,13.47
2026-04-24,107.15,124.76,722.0,937.0,151.17,,12.84
2026-04-27,107.25,124.87,719.0,934.0,151.17,,12.84
2026-04-28,107.1,124.71,713.0,929.0,151.17,248.0,5.4
2026-04-29,107.17,124.8,720.0,940.0,151.17,,12.84
2026-04-30,107.18,124.82,725.0,946.0,151.17,,12.84
2026-05-04,108.96,124.96,783.0,946.0,151.17,,12.84
2026-05-05,109.14,125.14,783.0,946.0,151.17,,12.84
2026-05-06,110.89,127.65,798.0,961.0,151.17,,12.23
2026-05-07,111.34,127.79,798.0,962.0,151.17,,12.23
2026-05-08,110.99,127.49,796.0,960.0,149.85,,12.22
2026-05-11,111.91,128.34,796.0,960.0,149.85,,12.22
2026-05-12,110.91,127.31,797.0,952.0,149.85,248.0,5.2
2026-05-13,111.48,127.88,800.0,951.0,149.85,,12.22
2026-05-14,111.23,127.61,800.0,949.0,149.85,,12.22
2026-05-15,110.5,126.86,796.0,944.0,148.76,,11.7
2026-05-18,110.0,126.42,793.0,939.0,148.76,,11.7
2026-05-19,109.66,126.28,791.0,940.0,148.76,,11.7
2026-05-20,109.39,126.05,789.0,938.0,148.76,,11.7
2026-05-21,108.9,125.62,781.0,931.0,148.76,,11.7
2026-05-22,109.0,125.68,780.0,926.0,148.09,,11.48
2026-05-25,109.09,125.79,781.0,927.0,148.09,,11.48
2026-05-26,108.8,125.52,776.0,922.0,148.09,331.0,4.8
2026-05-27,108.85,125.54,774.0,920.0,148.09,,11.48
2026-05-28,108.75,125.44,771.0,917.0,148.09,,11.48
2026-05-29,108.82,125.49,774.0,920.0,147.95,,11.29
2026-06-01,104.75,121.22,741.0,910.0,147.95,,11.29
2026-06-02,105.3,121.87,742.0,911.0,147.95,,11.29
2026-06-03,103.72,120.48,729.0,899.0,147.95,,11.29
2026-06-04,101.61,118.38,723.0,889.0,147.95,,11.29
2026-06-05,101.91,118.2,721.0,867.0,148.39,,11.18
2026-06-08,100.65,116.53,716.0,866.0,148.39,,11.18
2026-06-09,101.13,117.06,715.0,866.0,148.39,331.0,4.8
2026-06-10,101.65,117.63,719.0,876.0,148.39,,11.18
2026-06-11,101.43,117.42,711.0,871.0,148.39,,11.18
2026-06-12,101.5,117.48,709.0,865.0,149.35,,11.19
2026-06-15,102.09,118.1,706.0,866.0,149.35,,11.19
2026-06-17,100.6,116.66,678.0,842.0,149.35,,11.19
2026-06-18,100.55,116.66,678.0,841.0,149.35,,11.19
2026-06-22,100.3,116.56,670.0,840.0,149.35,,11.2
2026-06-23,99.85,116.38,669.0,838.0,149.35,416.0,4.7
2026-06-24,100.05,116.46,669.0,836.0,149.35,,11.2
2026-06-25,99.95,116.21,665.0,832.0,149.35,,11.2
2026-06-26,100.26,116.52,670.0,837.0,148.66,,11.6
2026-06-29,100.2,116.44,670.0,835.0,148.66,,11.6
2026-06-30,100.2,116.37,672.0,836.0,148.66,,11.6
2026-07-01,97.63,113.39,660.0,824.0,148.66,,11.6
2026-07-02,98.34,114.07,664.0,828.0,148.66,,11.6
2026-07-03,97.99,113.74,662.0,823.0,148.3,,11.97
2026-07-06,98.23,114.02,662.0,825.0,148.3,,11.97
2026-07-07,98.04,113.85,662.0,823.0,148.3,416.0,4.9
2026-07-08,99.03,114.73,667.0,830.0,148.3,,11.97
2026-07-09,98.65,114.35,669.0,831.0,148.3,,11.97
2026-07-10,98.8,114.64,675.0,833.0,147.16,,12.02
2026-07-13,98.44,114.28,675.0,832.0,147.16,,12.02
2026-07-14,99.4,115.26,689.0,845.0,147.16,,12.02
2026-07-15,99.45,115.29,690.0,846.0,147.16,,12.02
2026-07-16,99.3,115.18,688.0,844.0,147.16,,12.02
2026-07-17,99.38,115.26,691.0,847.0,145.13,,12.09
2026-07-20,99.0,114.91,688.0,847.0,145.13,,12.09
2026-07-21,98.53,114.51,680.0,843.0,145.13,500.0,4.9
2026-07-22,97.93,114.05,672.0,842.0,145.13,,12.09
2026-07-23,98.23,114.43,671.0,848.0,145.13,,12.09
2026-07-24,98.25,114.43,664.0,846.0,144.92,,12.18
2026-07-27,98.2,114.4,660.0,845.0,144.92,,12.18
2026-07-28,98.11,114.32,659.0,844.0,144.92,,12.18
2026-07-29,98.2,114.4,649.0,842.0,144.92,,12.18
2026-07-30,98.0,114.23,630.0,822.0,144.92,,12.18
2026-07-31,98.0,114.27,630.0,822.0,146.81,,12.28
2026-08-03,93.64,110.37,620.0,811.0,146.81,,12.28
2026-08-04,93.65,110.15,629.0,814.0,146.81,500.0,5.0
2026-08-05,94.1,110.76,642.0,822.0,146.81,,12.28
2026-08-07,94.7,111.4,662.0,830.0,146.39,,12.28
2026-08-10,94.8,111.5,664.0,829.0,146.39,,12.28
2026-08-11,95.34,112.01,668.0,833.0,146.39,,12.28
2026-08-12,95.35,111.98,668.0,833.0,146.39,,12.28
2026-08-13,95.14,111.76,668.0,833.0,146.39,,12.28
2026-08-14,95.5,112.02,672.0,849.0,146.78,,12.36
2026-08-18,95.6,111.94,677.0,841.0,146.78,577.0,5.1
2026-08-19,95.36,111.68,676.0,836.0,146.78,,
2026-08-20,95.31,111.66,691.0,832.0,146.78,,
2026-08-21,95.33,111.66,670.0,833.0,145.54,,
2026-08-24,95.9,112.24,674.0,837.0,145.54,,
2026-08-25,95.7,112.02,674.0,836.0,145.54,,
2026-08-26,96.0,112.29,697.0,838.0,,,
2026-09-01,99.5,114.91,706.0,848.0,155.0,577.0,4.9
2026-09-02,97.55,112.93,701.0,840.0,,,
2026-09-03,99.35,114.77,678.0,845.0,,,
2026-09-04,99.65,114.97,678.0,,,,
