date,capesize_1y_avg,panamax_1y_avg,supramax_1y_avg,handysize_1y_avg,vlcc_1y,suezmax_1y,aframax_1y
1970-01-01,,4271.0,,,,,
1970-02-01,,5257.0,,,,,
1970-03-01,,5339.0,,,,,
1970-04-01,,6242.0,,,,,
1970-05-01,,6982.0,,,,,
1970-06-01,,6899.0,,,,,
1970-07-01,,7146.0,,,,,
1970-08-01,,8624.0,,,,,
1970-09-01,,7310.0,,,,,
1970-10-01,,7064.0,,,,,
1970-11-01,,6735.0,,,,,
1970-12-01,,6325.0,,,,,
1971-01-01,,5782.0,,,,,
1971-02-01,,5010.0,,,,,
1971-03-01,,5010.0,,,,,
1971-04-01,,4271.0,,,,,
1971-05-01,,4107.0,,,,,
1971-06-01,,2711.0,,,,,
1971-07-01,,2218.0,,,,,
1971-08-01,,2464.0,,,,,
1971-09-01,,2464.0,,,,,
1971-10-01,,2464.0,,,,,
1971-11-01,,2628.0,,,,,
1971-12-01,,2546.0,,,,,
1972-01-01,,3285.0,,,,,
1972-02-01,,2546.0,,,,,
1972-03-01,,2793.0,,,,,
1972-04-01,,2628.0,,,,,
1972-05-01,,2464.0,,,,,
1972-06-01,,2464.0,,,,,
1972-07-01,,3203.0,,,,,
1972-08-01,,3121.0,,,,,
1972-09-01,,3696.0,,,,,
1972-10-01,,4928.0,,,,,
1972-11-01,,4435.0,,,,,
1972-12-01,,5175.0,,,,,
1973-01-01,,5585.0,,,,,
1973-02-01,,5585.0,,,,,
1973-03-01,,6407.0,,,,,
1973-04-01,,6735.0,,,,,
1973-05-01,,6899.0,,,,,
1973-06-01,,7392.0,,,,,
1973-07-01,,7557.0,,,,,
1973-08-01,,8542.0,,,,,
1973-09-01,,9199.0,,,,,
1973-10-01,,10267.0,,,,,
1973-11-01,,9364.0,,,,,
1973-12-01,,9856.0,,,,,
1974-01-01,,8871.0,,,,,
1974-02-01,,8132.0,,,,,
1974-03-01,,9281.0,,,,,
1974-04-01,,9035.0,,,,,
1974-05-01,,8542.0,,,,,
1974-06-01,,8789.0,,,,,
1974-07-01,,7967.0,,,,,
1974-08-01,,7064.0,,,,,
1974-09-01,,6982.0,,,,,
1974-10-01,,7803.0,,,,,
1974-11-01,,8378.0,,,,,
1974-12-01,,8049.0,,,,,
1975-01-01,,6571.0,,,,,
1975-02-01,,5750.0,,,,,
1975-03-01,,5175.0,,,,,
1975-04-01,,3696.0,,,,,
1975-05-01,,3368.0,,,,,
1975-06-01,,3368.0,,,,,
1975-07-01,,3285.0,,,,,
1975-08-01,,3039.0,,,,,
1975-09-01,,3285.0,,,,,
1975-10-01,,3532.0,,,,,
1975-11-01,,3614.0,,,,,
1975-12-01,,3614.0,,,,,
1976-01-01,,2957.0,,,,,
1976-02-01,,2628.0,,,,,
1976-03-01,,3121.0,,,,,
1976-04-01,,3943.0,,,,,
1976-05-01,,4600.0,,,,,
1976-06-01,,4928.0,,,,,
1976-07-01,,4600.0,,,,,
1976-08-01,,4600.0,,,,,
1976-09-01,,4682.0,,,,,
1976-10-01,,4764.0,,,,,
1976-11-01,,4600.0,,,,,
1976-12-01,,4271.0,,,,,
1977-01-26,5550.0,4550.0,,,,,
1977-02-23,5150.0,4200.0,,,,,
1977-03-30,4750.0,4000.0,,,,,
1977-04-27,4550.0,3900.0,,,,,
1977-05-25,4850.0,3700.0,,,,,
1977-06-29,4350.0,3700.0,,,,,
1977-07-27,3550.0,3350.0,,,,,
1977-08-31,3150.0,2950.0,,,,,
1977-09-28,2950.0,2950.0,,,,,
1977-10-26,3550.0,3150.0,,,,,
1977-11-30,3750.0,3250.0,,,,,
1977-12-28,3750.0,3450.0,,,,,
1978-01-25,3550.0,3350.0,,,,,
1978-02-22,3550.0,3450.0,,,,,
1978-03-29,3950.0,3550.0,,,,,
1978-04-26,4150.0,3900.0,,,,,
1978-05-31,4350.0,4350.0,,,,,
1978-06-28,4350.0,4550.0,,,,,
1978-07-26,4350.0,4200.0,,,,,
1978-08-30,4550.0,4550.0,,,,,
1978-09-27,5150.0,5100.0,,,,,
1978-10-25,5920.0,5450.0,,,,,
1978-11-29,6500.0,5750.0,,,,,
1978-12-27,6300.0,5650.0,,,,,
1979-01-31,7100.0,5665.0,,,,,
1979-02-28,7300.0,6050.0,,,,,
1979-03-28,8300.0,6650.0,,,,,
1979-04-25,8700.0,7400.0,,,,,
1979-05-30,10650.0,8550.0,,,,,
1979-06-27,13815.0,10600.0,,,,,
1979-07-25,15800.0,11150.0,,,,,
1979-08-29,15400.0,10950.0,,,,,
1979-09-26,15600.0,10950.0,,,,,
1979-10-31,15800.0,11150.0,,,,,
1979-11-28,16600.0,11500.0,,,,,
1979-12-26,15800.0,11150.0,,,,,
1980-01-30,15800.0,11350.0,,,,,
1980-02-27,16400.0,11850.0,,,,,
1980-03-26,17350.0,12550.0,,,,,
1980-04-30,17750.0,13250.0,,,,,
1980-05-28,17750.0,13050.0,,,,,
1980-06-25,17350.0,13050.0,,,,,
1980-07-30,16400.0,12350.0,,,,,
1980-08-27,16200.0,12050.0,,,,,
1980-09-24,16200.0,12050.0,,,,,
1980-10-29,16200.0,12050.0,,,,,
1980-11-26,16800.0,12850.0,,,,,
1980-12-31,17750.0,14350.0,,,,,
1981-01-28,16800.0,14000.0,,,,,
1981-02-25,16800.0,14250.0,,,,,
1981-03-25,15800.0,14350.0,,,,,
1981-04-29,14800.0,12850.0,,,,,
1981-05-27,12850.0,12350.0,,,,,
1981-06-24,11850.0,12850.0,,,,,
1981-07-29,11850.0,11850.0,,,,,
1981-08-26,10850.0,11350.0,,,,,
1981-09-30,9850.0,9800.0,,,,,
1981-10-28,8900.0,8900.0,,,,,
1981-11-25,7700.0,8400.0,,,,,
1981-12-30,7300.0,7900.0,,,,,
1982-01-27,4950.0,7100.0,,,,,
1982-02-24,4950.0,6450.0,,,,,
1982-03-31,5900.0,6450.0,,,,,
1982-04-28,5900.0,6100.0,,,,,
1982-05-26,5550.0,6450.0,,,,,
1982-06-30,4950.0,5450.0,,,,,
1982-07-28,3950.0,4550.0,,,,,
1982-08-25,3950.0,4150.0,,,,,
1982-09-29,4950.0,3750.0,,,,,
1982-10-27,4950.0,4350.0,,,,,
1982-11-24,4950.0,4250.0,,,,,
1982-12-29,4550.0,4200.0,,,,,
1983-01-26,5350.0,4240.0,,,,,
1983-02-23,5550.0,4560.0,,,,,
1983-03-30,5700.0,4875.0,,,,,
1983-04-27,5900.0,5080.0,,,,,
1983-05-25,5900.0,5460.0,,,,,
1983-06-29,5350.0,5750.0,,,,,
1983-07-27,4750.0,4800.0,,,,,
1983-08-31,5900.0,5350.0,,,,,
1983-09-28,6700.0,6000.0,,,,,
1983-10-26,6700.0,5500.0,,,,,
1983-11-30,6700.0,5500.0,,,,,
1983-12-28,7100.0,5750.0,,,,,
1984-01-25,7300.0,6000.0,,,,,
1984-02-29,7900.0,6025.0,,,,,
1984-03-28,8900.0,6500.0,,,,,
1984-04-25,9850.0,6575.0,,,,,
1984-05-30,10050.0,6600.0,,,,,
1984-06-27,9450.0,6200.0,,,,,
1984-07-25,8700.0,5700.0,,,,,
1984-08-29,8900.0,6300.0,,,,,
1984-09-26,8900.0,7000.0,,,,,
1984-10-31,8900.0,7000.0,,,,,
1984-11-28,8700.0,7000.0,,,,,
1984-12-26,8100.0,7000.0,,,,,
1985-01-30,7700.0,6900.0,,,,,
1985-02-27,7300.0,6725.0,,,,,
1985-03-27,7500.0,6500.0,,,,,
1985-04-24,7500.0,6500.0,,,,,
1985-05-29,7100.0,6475.0,,,,,
1985-06-26,6900.0,6250.0,,,,,
1985-07-31,5900.0,5570.0,,,,,
1985-08-28,5900.0,4750.0,,,,,
1985-09-25,5900.0,4750.0,,,,,
1985-10-30,5900.0,4950.0,,,,,
1985-11-27,5550.0,5000.0,,,,,
1985-12-25,5550.0,5000.0,,,,,
1986-01-08,5530.0,5000.0,,,,,
1986-01-15,5530.0,5000.0,,,,,
1986-01-22,5530.0,5000.0,,,,,
1986-01-29,5530.0,5000.0,,,,,
1986-02-05,5530.0,4500.0,,,,,
1986-02-12,5530.0,4500.0,,,,,
1986-02-19,5330.0,4500.0,,,,,
1986-02-26,5330.0,4500.0,,,,,
1986-03-05,5130.0,4400.0,,,,,
1986-03-12,5130.0,4400.0,,,,,
1986-03-19,5130.0,4400.0,,,,,
1986-03-26,5130.0,4400.0,,,,,
1986-04-02,5130.0,4400.0,,,,,
1986-04-09,5130.0,4400.0,,,,,
1986-04-16,4930.0,4200.0,,,,,
1986-04-23,4930.0,4200.0,,,,,
1986-04-30,4930.0,4200.0,,,,,
1986-05-07,4930.0,4100.0,,,,,
1986-05-14,4930.0,4200.0,,,,,
1986-05-21,5130.0,4300.0,,,,,
1986-05-28,5330.0,4400.0,,,,,
1986-06-04,5330.0,4400.0,,,,,
1986-06-11,5330.0,4400.0,,,,,
1986-06-18,5330.0,4300.0,,,,,
1986-06-25,5130.0,4000.0,,,,,
1986-07-02,5130.0,4000.0,,,,,
1986-07-09,5130.0,3500.0,,,,,
1986-07-16,4930.0,3500.0,,,,,
1986-07-23,4930.0,3500.0,,,,,
1986-07-30,4930.0,3500.0,,,,,
1986-08-06,4930.0,3500.0,,,,,
1986-08-13,4930.0,3500.0,,,,,
1986-08-20,5130.0,3700.0,,,,,
1986-08-27,5920.0,4000.0,,,,,
1986-09-03,5920.0,4500.0,,,,,
1986-09-10,6320.0,4700.0,,,,,
1986-09-17,6320.0,4800.0,,,,,
1986-09-24,7110.0,5000.0,,,,,
1986-10-01,6320.0,5000.0,,,,,
1986-10-08,6320.0,5000.0,,,,,
1986-10-15,5920.0,4800.0,,,,,
1986-10-22,5920.0,4800.0,,,,,
1986-10-29,5920.0,4600.0,,,,,
1986-11-05,5920.0,4600.0,,,,,
1986-11-12,5330.0,4600.0,,,,,
1986-11-19,5330.0,4600.0,,,,,
1986-11-26,5330.0,4600.0,,,,,
1986-12-03,5330.0,4500.0,,,,,
1986-12-10,5130.0,4500.0,,,,,
1986-12-17,5130.0,4500.0,,,,,
1986-12-24,5130.0,4500.0,,,,,
1987-01-07,5130.0,4500.0,,,,,
1987-01-14,5920.0,4500.0,,,,,
1987-01-21,5920.0,4700.0,,,,,
1987-01-28,5920.0,4700.0,,,,,
1987-02-04,5920.0,4500.0,,,,,
1987-02-11,5530.0,4500.0,,,,,
1987-02-18,5530.0,4500.0,,,,,
1987-02-25,5530.0,4750.0,,,,,
1987-03-04,5130.0,5000.0,,,,,
1987-03-11,5130.0,5300.0,,,,,
1987-03-18,5330.0,5500.0,,,,,
1987-03-25,5530.0,5700.0,,,,,
1987-04-01,6320.0,6000.0,,,,,
1987-04-08,6320.0,6000.0,,,,,
1987-04-15,6320.0,6000.0,,,,,
1987-04-22,6510.0,6000.0,,,,,
1987-04-29,6710.0,6500.0,,,,,
1987-05-06,6910.0,7000.0,,,,,
1987-05-13,6910.0,7000.0,,,,,
1987-05-20,7110.0,7000.0,,,,,
1987-05-27,7110.0,7000.0,,,,,
1987-06-03,7110.0,6750.0,,,,,
1987-06-10,7110.0,6500.0,,,,,
1987-06-17,7110.0,6250.0,,,,,
1987-06-24,7110.0,6000.0,,,,,
1987-07-01,7110.0,6000.0,,,,,
1987-07-08,7110.0,6250.0,,,,,
1987-07-15,7110.0,6500.0,,,,,
1987-07-22,7890.0,6800.0,,,,,
1987-07-29,8880.0,7000.0,,,,,
1987-08-05,9870.0,7500.0,,,,,
1987-08-12,9870.0,8000.0,,,,,
1987-08-19,10070.0,8000.0,,,,,
1987-08-26,10260.0,8000.0,,,,,
1987-09-02,10260.0,8000.0,,,,,
1987-09-09,10260.0,7800.0,,,,,
1987-09-16,9870.0,7500.0,,,,,
1987-09-23,9870.0,7500.0,,,,,
1987-09-30,9870.0,7500.0,,,,,
1987-10-07,10260.0,7750.0,,,,,
1987-10-14,10260.0,7750.0,,,,,
1987-10-21,10660.0,8500.0,,,,,
1987-10-28,11050.0,9000.0,,,,,
1987-11-04,11250.0,9000.0,,,,,
1987-11-11,11250.0,9000.0,,,,,
1987-11-18,11250.0,8500.0,,,,,
1987-11-25,11250.0,8500.0,,,,,
1987-12-02,11450.0,9000.0,,,,,
1987-12-09,11450.0,9000.0,,,,,
1987-12-16,11640.0,8750.0,,,,,
1987-12-23,11640.0,8800.0,,,,,
1987-12-30,11640.0,8800.0,,,,,
1988-01-06,11840.0,9250.0,,,,,
1988-01-13,12830.0,10500.0,,,,,
1988-01-20,12830.0,10500.0,,,,,
1988-01-27,12830.0,10500.0,,,,,
1988-02-03,12830.0,11000.0,,,,,
1988-02-10,13820.0,11500.0,,,,,
1988-02-17,13820.0,11500.0,,,,,
1988-02-24,15000.0,12000.0,,,,,
1988-03-02,15000.0,13000.0,,,,,
1988-03-09,15000.0,13250.0,,,,,
1988-03-16,15790.0,13500.0,,,,,
1988-03-23,16780.0,13500.0,,,,,
1988-04-06,16780.0,13500.0,,,,,
1988-04-13,15790.0,13500.0,,,,,
1988-04-20,15790.0,13500.0,,,,,
1988-04-27,15790.0,13500.0,,,,,
1988-05-04,15790.0,12500.0,,,,,
1988-05-11,15790.0,12500.0,,,,,
1988-05-18,15790.0,12500.0,,,,,
1988-05-25,15390.0,12000.0,,,,,
1988-06-01,15390.0,12000.0,,,,,
1988-06-08,15390.0,12000.0,,,,,
1988-06-15,15390.0,11500.0,,,,,
1988-06-22,15000.0,11500.0,,,,,
1988-06-29,15000.0,11000.0,,,,,
1988-07-06,15000.0,11000.0,,,,,
1988-07-13,15000.0,11000.0,,,,,
1988-07-20,15000.0,11500.0,,,,,
1988-07-27,14610.0,11500.0,,,,,
1988-08-03,14610.0,11500.0,,,,,
1988-08-10,14610.0,11500.0,,,,,
1988-08-17,14610.0,11750.0,,,,,
1988-08-24,14610.0,12000.0,,,,,
1988-08-31,14610.0,12000.0,,,,,
1988-09-07,14800.0,12000.0,,,,,
1988-09-14,14800.0,12000.0,,,,,
1988-09-21,14800.0,11750.0,,,,,
1988-09-28,14800.0,11750.0,,,,,
1988-10-05,14800.0,11500.0,,,,,
1988-10-12,14800.0,11500.0,,,,,
1988-10-19,14800.0,11500.0,,,,,
1988-10-26,14800.0,11500.0,,,,,
1988-11-02,14800.0,11750.0,,,,,
1988-11-09,14800.0,12000.0,,,,,
1988-11-16,14800.0,12500.0,,,,,
1988-11-23,14800.0,12500.0,,,,,
1988-11-30,15000.0,12500.0,,,,,
1988-12-07,15790.0,12000.0,,,,,
1988-12-14,15790.0,12000.0,,,,,
1988-12-21,15790.0,12000.0,,,,,
1988-12-28,15790.0,12000.0,,,,,
1989-01-04,15790.0,13000.0,,,,,
1989-01-11,15990.0,13500.0,,,,,
1989-01-18,16380.0,13500.0,,,,,
1989-01-25,16380.0,13500.0,,,,,
1989-02-01,16380.0,13500.0,,,,,
1989-02-08,16380.0,13500.0,,,,,
1989-02-15,16380.0,13500.0,,,,,
1989-02-22,16380.0,13500.0,,,,,
1989-03-01,16380.0,13500.0,,,,,
1989-03-08,16380.0,13500.0,,,,,
1989-03-15,16580.0,13600.0,,,,,
1989-03-29,16780.0,13600.0,,,,,
1989-04-05,16780.0,13600.0,,,,,
1989-04-12,16780.0,13600.0,,,,,
1989-04-19,16780.0,13600.0,,,,,
1989-04-26,16780.0,13600.0,,,,,
1989-05-03,16970.0,13600.0,,,,,
1989-05-10,16970.0,13700.0,,,,,
1989-05-17,16970.0,13700.0,,,,,
1989-05-24,16780.0,13700.0,,,,,
1989-05-31,16780.0,13000.0,,,,,
1989-06-07,16780.0,12500.0,,,,,
1989-06-14,16780.0,12500.0,,,,,
1989-06-21,16780.0,12500.0,,,,,
1989-06-28,16780.0,12500.0,,,,,
1989-07-05,16780.0,12500.0,,,,,
1989-07-12,16780.0,12500.0,,,,,
1989-07-19,16780.0,13000.0,,,,,
1989-07-26,16780.0,13000.0,,,,,
1989-08-02,16780.0,13000.0,,,,,
1989-08-09,16780.0,13000.0,,,,,
1989-08-16,16780.0,13100.0,,,,,
1989-08-23,17760.0,13100.0,,,,,
1989-08-30,17760.0,13100.0,,,,,
1989-09-06,17760.0,13000.0,,,,,
1989-09-13,17760.0,13000.0,,,,,
1989-09-20,17760.0,12900.0,,,,,
1989-09-27,16780.0,12750.0,,,,,
1989-10-04,16780.0,12750.0,,,,,
1989-10-11,16780.0,12750.0,,,,,
1989-10-18,16780.0,12800.0,,,,,
1989-10-25,16780.0,13000.0,,,,,
1989-11-01,16780.0,13000.0,,,,,
1989-11-08,16970.0,13250.0,,,,,
1989-11-15,16970.0,13500.0,,,,,
1989-11-22,17760.0,13500.0,,,,,
1989-11-29,17760.0,13340.0,,,,,
1989-12-06,17570.0,13340.0,,,,,
1989-12-13,17370.0,13340.0,,,,,
1989-12-20,17370.0,13340.0,,,,,
1989-12-27,17370.0,13340.0,,,,,
1990-01-03,19540.0,13500.0,,,,,
1990-01-10,19539.5,13500.0,,,,,
1990-01-17,19539.5,13500.0,,,,,
1990-01-24,19539.5,13500.0,,,,,
1990-01-31,19539.5,13250.0,,,,,
1990-02-07,19539.5,13000.0,,,,,
1990-02-14,19539.5,13000.0,,,,,
1990-02-21,19539.5,13000.0,,,,,
1990-02-28,19539.5,13000.0,,,,,
1990-03-07,19539.5,13250.0,,,,,
1990-03-14,19539.5,13000.0,,,,,
1990-03-21,19539.5,12750.0,,,,,
1990-03-28,19539.5,12500.0,,,,,
1990-04-04,19539.5,12250.0,,,,,
1990-04-18,19095.4,12000.0,,,,,
1990-04-25,19095.4,11750.0,,,,,
1990-05-02,18207.2,11750.0,,,,,
1990-05-09,18207.2,11750.0,,,,,
1990-05-16,18207.2,11750.0,,,,,
1990-05-23,18207.2,11750.0,,,,,
1990-05-30,18207.2,11500.0,,,,,
1990-06-06,18207.2,11250.0,,,,,
1990-06-13,17763.2,11000.0,,,,,
1990-06-20,17763.2,10000.0,,,,,
1990-06-27,17763.2,9500.0,,,,,
1990-07-04,17319.1,9500.0,,,,,
1990-07-11,16653.0,9500.0,,,,,
1990-07-18,16653.0,9500.0,,,,,
1990-07-25,16653.0,9750.0,,,,,
1990-08-01,16653.0,9750.0,,,,,
1990-08-08,16653.0,9750.0,,,,,
1990-08-15,16653.0,9750.0,,,,,
1990-08-22,15542.8,9750.0,,,,,
1990-08-29,15542.8,9500.0,,,,,
1990-09-05,15542.8,9500.0,,,,,
1990-09-12,15542.8,9500.0,,,,,
1990-09-19,15542.8,9500.0,,,,,
1990-09-26,15098.7,9500.0,,,,,
1990-10-03,15098.7,9250.0,,,,,
1990-10-10,14432.6,9000.0,,,,,
1990-10-17,14432.6,9000.0,,,,,
1990-10-24,13988.5,9000.0,,,,,
1990-10-31,13988.5,9000.0,,,,,
1990-11-07,13988.5,8750.0,,,,,
1990-11-14,13988.5,8750.0,,,,,
1990-11-21,13988.5,8500.0,,,,,
1990-11-28,13988.5,8500.0,,,,,
1990-12-05,13988.5,8750.0,,,,,
1990-12-12,13988.5,8750.0,,,,,
1990-12-19,13988.5,8750.0,,,,,
1990-12-26,13988.5,9000.0,,,,,
1991-01-02,13988.5,9000.0,,,,,
1991-01-09,13988.5,8750.0,,,,,
1991-01-16,13988.5,8750.0,,,,,
1991-01-23,13988.5,8750.0,,,,,
1991-01-30,13988.5,8750.0,,,,,
1991-02-06,13988.5,9000.0,,,,,
1991-02-13,14432.6,9250.0,,,,,
1991-02-20,14432.6,9250.0,,,,,
1991-02-27,14432.6,9750.0,,,,,
1991-03-06,14432.6,10250.0,,,,,
1991-03-13,14432.6,10500.0,,,,,
1991-03-20,14432.6,10500.0,,,,,
1991-03-27,14432.6,10500.0,,,,,
1991-04-03,14432.6,10250.0,,,,,
1991-04-10,14432.6,10250.0,,,,,
1991-04-17,14432.6,10250.0,,,,,
1991-04-24,15542.8,10500.0,,,,,
1991-05-01,15542.8,10500.0,,,,,
1991-05-08,15542.8,10750.0,,,,,
1991-05-15,16653.0,11000.0,,,,,
1991-05-22,16653.0,11250.0,,,,,
1991-05-29,17319.1,11500.0,,,,,
1991-06-05,18651.3,11500.0,,,,,
1991-06-12,18651.3,11500.0,,,,,
1991-06-19,18651.3,12500.0,,,,,
1991-06-26,18651.3,12500.0,,,,,
1991-07-03,18651.3,12500.0,,,,,
1991-07-10,18651.3,12250.0,,,,,
1991-07-17,18651.3,12250.0,,,,,
1991-07-24,18651.3,12250.0,,,,,
1991-07-31,18651.3,12250.0,,,,,
1991-08-07,18651.3,12500.0,,,,,
1991-08-14,18651.3,12750.0,,,,,
1991-08-21,18651.3,13000.0,,,,,
1991-08-28,18651.3,13000.0,,,,,
1991-09-04,18651.3,13000.0,,,,,
1991-09-11,18651.3,13000.0,,,,,
1991-09-18,18873.4,13000.0,,,,,
1991-09-25,18873.4,13000.0,,,,,
1991-10-02,18873.4,13000.0,,,,,
1991-10-09,18873.4,13000.0,,,,,
1991-10-16,18873.4,13000.0,,,,,
1991-10-23,18873.4,13250.0,,,,,
1991-10-30,19095.4,13250.0,,,,,
1991-11-06,19317.4,13250.0,,,,,
1991-11-13,19317.4,13250.0,,,,,
1991-11-20,19317.4,13000.0,,,,,
1991-11-27,19317.4,12750.0,,,,,
1991-12-04,19095.4,12750.0,,,,,
1991-12-11,18873.4,12750.0,,,,,
1991-12-18,18207.2,12500.0,,,,,
1991-12-25,18207.2,14000.0,,,,,
1992-01-01,18207.2,12250.0,,,,,
1992-01-08,18207.2,12250.0,,,,,
1992-01-15,18207.2,12250.0,,,,,
1992-01-22,18207.2,12000.0,,,,,
1992-01-29,17763.2,11750.0,,,,,
1992-02-05,17319.1,11750.0,,,,,
1992-02-12,16653.0,11750.0,,,,,
1992-02-19,15986.8,11500.0,,,,,
1992-02-26,15986.8,11500.0,,,,,
1992-03-04,15098.7,10750.0,,,,,
1992-03-11,14210.5,10500.0,,,,,
1992-03-18,13322.4,10250.0,,,,,
1992-03-25,13322.4,10250.0,,,,,
1992-04-01,13322.4,10000.0,,,,,
1992-04-08,12878.3,10000.0,,,,,
1992-04-15,12878.3,10000.0,,,,,
1992-04-22,12878.3,10000.0,,,,,
1992-04-29,12878.3,10000.0,,,,,
1992-05-06,12434.2,10000.0,,,,,
1992-05-13,12434.2,10250.0,,,,,
1992-05-20,12434.2,10250.0,,,,,
1992-05-27,11990.1,10250.0,,,,,
1992-06-03,11990.1,10000.0,,,,,
1992-06-10,11990.1,10000.0,,,,,
1992-06-17,11990.1,10000.0,,,,,
1992-06-24,11546.1,9750.0,,,,,
1992-07-01,11324.0,9750.0,,,,,
1992-07-08,11324.0,9500.0,,,,,
1992-07-15,11324.0,9250.0,,,,,
1992-07-22,11324.0,9250.0,,,,,
1992-07-29,11102.0,9250.0,,,,,
1992-08-05,11102.0,9250.0,,,,,
1992-08-12,11102.0,9250.0,,,,,
1992-08-19,11102.0,9250.0,,,,,
1992-08-26,11324.0,9250.0,,,,,
1992-09-02,11324.0,9250.0,,,,,
1992-09-09,11324.0,9000.0,,,,,
1992-09-16,11324.0,9000.0,,,,,
1992-09-23,11324.0,9000.0,,,,,
1992-09-30,11324.0,8750.0,,,,,
1992-10-07,11324.0,8750.0,,,,,
1992-10-14,11324.0,8750.0,,,,,
1992-10-21,10879.9,8750.0,,,,,
1992-10-28,10879.9,9000.0,,,,,
1992-11-04,10879.9,9000.0,,,,,
1992-11-11,10435.9,9000.0,,,,,
1992-11-18,10435.9,9250.0,,,,,
1992-11-25,10657.9,9250.0,,,,,
1992-12-02,10657.9,9250.0,,,,,
1992-12-09,10657.9,9250.0,,,,,
1992-12-16,10657.9,9250.0,,,,,
1992-12-23,10657.9,9250.0,,,,,
1992-12-30,10657.9,9250.0,,,,,
1993-01-06,10657.9,9250.0,,,,,
1993-01-13,10657.9,9250.0,,,,,
1993-01-20,10879.9,9250.0,,,,,
1993-01-27,11102.0,9250.0,,,,,
1993-02-03,11102.0,9000.0,,,,,
1993-02-10,11102.0,9000.0,,,,,
1993-02-17,11768.1,9500.0,,,,,
1993-02-24,11768.1,9750.0,,,,,
1993-03-03,11768.1,10000.0,,,,,
1993-03-10,11990.1,10250.0,,,,,
1993-03-17,12434.2,10250.0,,,,,
1993-03-24,12656.3,10500.0,,,,,
1993-03-31,12656.3,10500.0,,,,,
1993-04-07,12656.3,10500.0,,,,,
1993-04-14,12656.3,10500.0,,,,,
1993-04-21,13322.4,10750.0,,,,,
1993-04-28,13322.4,10750.0,,,,,
1993-05-05,13544.4,11000.0,,,,,
1993-05-12,13988.5,11000.0,,,,,
1993-05-19,13988.5,11250.0,,,,,
1993-05-26,15764.8,11500.0,,,,,
1993-06-02,15764.8,11500.0,,,,,
1993-06-09,15764.8,11500.0,,,,,
1993-06-16,15764.8,11250.0,,,,,
1993-06-23,15764.8,11000.0,,,,,
1993-06-30,15542.8,10750.0,,,,,
1993-07-07,15320.7,10750.0,,,,,
1993-07-14,15320.7,10750.0,,,,,
1993-07-21,14654.6,10750.0,,,,,
1993-07-28,14432.6,10750.0,,,,,
1993-08-04,14210.5,10750.0,,,,,
1993-08-11,14210.5,10900.0,,,,,
1993-08-18,14210.5,11250.0,,,,,
1993-08-25,14210.5,11250.0,,,,,
1993-09-01,14210.5,11250.0,,,,,
1993-09-08,14210.5,11250.0,,,,,
1993-09-15,14876.6,11500.0,,,,,
1993-09-22,15000.0,11500.0,,,,,
1993-09-29,15000.0,11500.0,,,,,
1993-10-06,15000.0,11250.0,,,,,
1993-10-13,14500.0,11250.0,,,,,
1993-10-20,14250.0,11000.0,,,,,
1993-10-27,14000.0,10750.0,,,,,
1993-11-03,14000.0,10750.0,,,,,
1993-11-10,14000.0,10750.0,,,,,
1993-11-17,13850.0,10250.0,,,,,
1993-11-24,13500.0,10000.0,,,,,
1993-12-01,13250.0,9750.0,,,,,
1993-12-08,12750.0,9500.0,,,,,
1993-12-15,12250.0,9500.0,,,,,
1993-12-22,12000.0,9500.0,,,,,
1993-12-29,12000.0,9500.0,,,,,
1994-01-05,11750.0,9500.0,,,,,
1994-01-12,11500.0,9600.0,,,,,
1994-01-19,11500.0,9750.0,,,,,
1994-01-26,11500.0,9750.0,,,,,
1994-02-02,11250.0,9500.0,,,,,
1994-02-09,11000.0,9400.0,,,,,
1994-02-16,11000.0,9250.0,,,,,
1994-02-23,11000.0,9250.0,,,,,
1994-03-02,10750.0,9000.0,,,,,
1994-03-09,10500.0,9000.0,,,,,
1994-03-16,10500.0,9000.0,,,,,
1994-03-23,11000.0,9000.0,,,,,
1994-03-30,11250.0,9250.0,,,,,
1994-04-06,11250.0,9250.0,,,,,
1994-04-13,11500.0,9250.0,,,,,
1994-04-20,12500.0,9250.0,,,,,
1994-04-27,13000.0,9500.0,,,,,
1994-05-04,13000.0,9500.0,,,,,
1994-05-11,13250.0,9750.0,,,,,
1994-05-18,13500.0,9750.0,,,,,
1994-05-25,13500.0,9750.0,,,,,
1994-06-01,13750.0,9600.0,,,,,
1994-06-08,13750.0,9500.0,,,,,
1994-06-15,13750.0,9500.0,,,,,
1994-06-22,13750.0,9500.0,,,,,
1994-06-29,13750.0,9500.0,,,,,
1994-07-06,13750.0,9500.0,,,,,
1994-07-13,13750.0,9500.0,,,,,
1994-07-20,14250.0,9500.0,,,,,
1994-07-27,14250.0,9750.0,,,,,
1994-08-03,14500.0,10000.0,,,,,
1994-08-10,15250.0,10000.0,,,,,
1994-08-17,15250.0,10000.0,,,,,
1994-08-24,15250.0,10000.0,,,,,
1994-08-31,15500.0,9750.0,,,,,
1994-09-07,16000.0,9750.0,,,,,
1994-09-14,16250.0,10000.0,,,,,
1994-09-21,16250.0,10250.0,,,,,
1994-09-28,16250.0,10500.0,,,,,
1994-10-05,16500.0,10750.0,,,,,
1994-10-12,16500.0,11000.0,,,,,
1994-10-19,16500.0,11250.0,,,,,
1994-10-26,16500.0,11500.0,,,,,
1994-11-02,16500.0,11250.0,,,,,
1994-11-09,16750.0,11000.0,,,,,
1994-11-16,16750.0,11000.0,,,,,
1994-11-23,16750.0,11500.0,,,,,
1994-11-30,16750.0,11750.0,,,,,
1994-12-07,17000.0,12000.0,,,,,
1994-12-14,17000.0,12250.0,,,,,
1994-12-21,17000.0,12250.0,,,,,
1994-12-28,17000.0,12250.0,,,,,
1995-01-04,17000.0,12500.0,,,,,
1995-01-11,17000.0,12750.0,,,,,
1995-01-18,17000.0,12750.0,,,,,
1995-01-25,17000.0,12750.0,,,,,
1995-02-01,17000.0,12750.0,,,,,
1995-02-08,17000.0,12750.0,,,,,
1995-02-15,17000.0,12750.0,,,,,
1995-02-22,17000.0,13000.0,,,,,
1995-03-01,17000.0,13000.0,,,,,
1995-03-08,17750.0,13250.0,,,,,
1995-03-15,18000.0,13500.0,,,,,
1995-03-22,18500.0,14000.0,,,,,
1995-03-29,22000.0,15000.0,,,,,
1995-04-05,22000.0,15000.0,,,,,
1995-04-12,22500.0,15000.0,,,,,
1995-04-19,22000.0,15000.0,,,,,
1995-04-26,22000.0,15000.0,,,,,
1995-05-03,22000.0,15500.0,,,,,
1995-05-10,22000.0,15750.0,,,,,
1995-05-17,22000.0,15500.0,,,,,
1995-05-24,22000.0,15000.0,,,,,
1995-05-31,21500.0,14900.0,,,,,
1995-06-07,21500.0,14900.0,,,,,
1995-06-14,21500.0,14900.0,,,,,
1995-06-21,20000.0,14350.0,,,,,
1995-06-28,19500.0,14350.0,,,,,
1995-07-05,19500.0,14350.0,,,,,
1995-07-12,19500.0,14350.0,,,,,
1995-07-19,19500.0,14350.0,,,,,
1995-07-26,20000.0,14500.0,,,,,
1995-08-02,20000.0,14500.0,,,,,
1995-08-09,20500.0,15000.0,,,,,
1995-08-16,20500.0,15550.0,,,,,
1995-08-23,20500.0,15500.0,,,,,
1995-08-30,20500.0,15500.0,,,,,
1995-09-06,20500.0,15500.0,,,,,
1995-09-13,20500.0,15750.0,,,,,
1995-09-20,20500.0,15750.0,,,,,
1995-09-27,20500.0,15750.0,,,,,
1995-10-04,19000.0,15500.0,,,,,
1995-10-11,18500.0,15000.0,,,,,
1995-10-18,18500.0,14750.0,,,,,
1995-10-25,18500.0,14500.0,,,,,
1995-11-01,18000.0,13500.0,,,,,
1995-11-08,17500.0,13250.0,,,,,
1995-11-15,17750.0,13250.0,,,,,
1995-11-22,17750.0,13250.0,,,,,
1995-11-29,17750.0,13000.0,,,,,
1995-12-06,17250.0,13000.0,,,,,
1995-12-13,16750.0,13000.0,,,,,
1995-12-20,16250.0,12900.0,,,,,
1995-12-27,16250.0,12850.0,,,,,
1996-01-03,15750.0,12800.0,,,,,
1996-01-10,15750.0,12750.0,,,,,
1996-01-17,15750.0,12750.0,,,,,
1996-01-24,15500.0,12650.0,,,,,
1996-01-31,15500.0,12600.0,,,,,
1996-02-07,15250.0,12500.0,,,,,
1996-02-14,15000.0,12400.0,,,,,
1996-02-21,14750.0,12400.0,,,,,
1996-02-28,14000.0,12250.0,,,,,
1996-03-06,14000.0,12000.0,,,,,
1996-03-13,14000.0,11750.0,,,,,
1996-03-20,14000.0,11750.0,,,,,
1996-03-27,14000.0,11750.0,,,,,
1996-04-03,14000.0,11500.0,,,,,
1996-04-10,14000.0,11500.0,,,,,
1996-04-17,14400.0,11500.0,,,,,
1996-04-24,14400.0,11500.0,,,,,
1996-05-01,14400.0,11500.0,,,,,
1996-05-08,14400.0,11250.0,,,,,
1996-05-15,14400.0,11250.0,,,,,
1996-05-22,14400.0,11000.0,,,,,
1996-05-29,14400.0,11000.0,,,,,
1996-06-05,14400.0,11000.0,,,,,
1996-06-12,14400.0,11000.0,,,,,
1996-06-19,13500.0,10750.0,,,,,
1996-06-26,13500.0,10600.0,,,,,
1996-07-03,13500.0,10600.0,,,,,
1996-07-10,13500.0,10000.0,,,,,
1996-07-17,13500.0,10000.0,,,,,
1996-07-24,13500.0,9800.0,,,,,
1996-07-31,13500.0,9800.0,,,,,
1996-08-07,13500.0,10000.0,,,,,
1996-08-14,13000.0,10000.0,,,,,
1996-08-21,12800.0,9800.0,,,,,
1996-08-28,13000.0,9750.0,,,,,
1996-09-04,13000.0,9750.0,,,,,
1996-09-11,13000.0,9750.0,,,,,
1996-09-18,12500.0,9500.0,,,,,
1996-09-25,12000.0,9500.0,,,,,
1996-10-02,12000.0,9500.0,,,,,
1996-10-09,12000.0,9500.0,,,,,
1996-10-16,12000.0,9500.0,,,,,
1996-10-23,12000.0,9500.0,,,,,
1996-10-30,12000.0,9750.0,,,,,
1996-11-06,12000.0,10000.0,,,,,
1996-11-13,12500.0,10500.0,,,,,
1996-11-20,12750.0,10250.0,,,,,
1996-11-27,12750.0,10250.0,,,,,
1996-12-04,12750.0,10250.0,,,,,
1996-12-11,13000.0,10250.0,,,,,
1996-12-18,13000.0,10750.0,,,,,
1996-12-25,13000.0,10750.0,,,,,
1997-01-01,13000.0,10750.0,,,,,
1997-01-08,13000.0,11000.0,,,,,
1997-01-15,14000.0,11250.0,,,,,
1997-01-22,14000.0,10750.0,,,,,
1997-01-29,14000.0,10500.0,,,,,
1997-02-05,14000.0,10600.0,,,,,
1997-02-12,14000.0,11500.0,,,,,
1997-02-19,14000.0,11250.0,,,,,
1997-02-26,14000.0,11500.0,,,,,
1997-03-05,14000.0,11250.0,,,,,
1997-03-12,14250.0,11500.0,,,,,
1997-03-19,14250.0,11750.0,,,,,
1997-03-26,14250.0,11750.0,,,,,
1997-04-02,14500.0,11750.0,,,,,
1997-04-09,14500.0,11500.0,,,,,
1997-04-16,14500.0,11350.0,,,,,
1997-04-23,14500.0,10900.0,,,,,
1997-04-30,14500.0,10750.0,,,,,
1997-05-07,14500.0,10750.0,,,,,
1997-05-14,14500.0,10750.0,,,,,
1997-05-21,14500.0,10750.0,,,,,
1997-05-28,14500.0,10750.0,,,,,
1997-06-04,14500.0,10500.0,,,,,
1997-06-11,14500.0,10500.0,,,,,
1997-06-18,14500.0,10350.0,,,,,
1997-06-25,15000.0,10350.0,,,,,
1997-07-02,15500.0,10350.0,,,,,
1997-07-09,15750.0,10500.0,,,,,
1997-07-16,15750.0,10500.0,,,,,
1997-07-23,16000.0,10500.0,,,,,
1997-07-30,16000.0,10500.0,,,,,
1997-08-06,16000.0,11000.0,,,,,
1997-08-13,16000.0,11000.0,,,,,
1997-08-20,16500.0,11250.0,,,,,
1997-08-27,17000.0,11250.0,,,,,
1997-09-03,17000.0,11400.0,,,,,
1997-09-10,17000.0,11350.0,,,,,
1997-09-17,17000.0,11250.0,,,,,
1997-09-24,17000.0,11250.0,,,,,
1997-10-01,17000.0,11250.0,,,,,
1997-10-08,17500.0,11350.0,,,,,
1997-10-15,17500.0,11500.0,,,,,
1997-10-22,17500.0,11250.0,,,,,
1997-10-29,17000.0,11250.0,,,,,
1997-11-05,17000.0,11250.0,,,,,
1997-11-12,16500.0,10800.0,,,,,
1997-11-19,16250.0,10000.0,,,,,
1997-11-26,16000.0,10000.0,,,,,
1997-12-03,16000.0,10000.0,,,,,
1997-12-10,15500.0,10000.0,,,,,
1997-12-17,15500.0,10000.0,,,,,
1997-12-24,15500.0,10000.0,,,,,
1997-12-31,15500.0,10000.0,,,,,
1998-01-07,15250.0,9850.0,,,,,
1998-01-14,15250.0,9500.0,,,,,
1998-01-21,15250.0,9250.0,,,,,
1998-01-28,14750.0,8500.0,,,,,
1998-02-04,14500.0,8250.0,,,,,
1998-02-11,14500.0,8100.0,,,,,
1998-02-18,14000.0,8250.0,,,,,
1998-02-25,14000.0,8500.0,,,,,
1998-03-04,14000.0,8750.0,,,,,
1998-03-11,14000.0,8900.0,,,,,
1998-03-18,13750.0,8900.0,,,,,
1998-03-25,13500.0,8500.0,,,,,
1998-04-01,13500.0,8100.0,,,,,
1998-04-08,13500.0,8500.0,,,,,
1998-04-15,13500.0,8000.0,,,,,
1998-04-22,13500.0,8000.0,,,,,
1998-04-29,13500.0,8000.0,,,,,
1998-05-06,13500.0,8000.0,,,,,
1998-05-13,13500.0,8000.0,,,,,
1998-05-20,13000.0,7900.0,,,,,
1998-05-27,12000.0,7750.0,,,,,
1998-06-03,11500.0,7600.0,,,,,
1998-06-10,11000.0,7400.0,,,,,
1998-06-17,11000.0,7300.0,,,,,
1998-06-24,11000.0,7150.0,,,,,
1998-07-01,10000.0,7150.0,,,,,
1998-07-08,10000.0,7100.0,,,,,
1998-07-15,10000.0,7100.0,,,,,
1998-07-22,10000.0,7000.0,,,,,
1998-07-29,9500.0,7000.0,,,,,
1998-08-05,9500.0,7000.0,,,,,
1998-08-12,9500.0,6900.0,,,,,
1998-08-19,9500.0,6950.0,,,,,
1998-08-26,9750.0,6850.0,,,,,
1998-09-02,10000.0,6850.0,,,,,
1998-09-09,11000.0,7100.0,,,,,
1998-09-16,11000.0,7100.0,,,,,
1998-09-23,11000.0,7100.0,,,,,
1998-09-30,11000.0,7100.0,,,,,
1998-10-07,11000.0,7250.0,,,,,
1998-10-14,11000.0,7250.0,,,,,
1998-10-21,11000.0,7300.0,,,,,
1998-10-28,10750.0,7500.0,,,,,
1998-11-04,10500.0,7350.0,,,,,
1998-11-11,10500.0,7350.0,,,,,
1998-11-18,10500.0,7400.0,,,,,
1998-11-25,10500.0,7400.0,,,,,
1998-12-02,10500.0,7400.0,,,,,
1998-12-09,10250.0,7150.0,,,,,
1998-12-16,10250.0,7150.0,,,,,
1998-12-23,10250.0,6750.0,,,,,
1998-12-30,10250.0,6750.0,,,,,
1999-01-06,10250.0,6750.0,,,,,
1999-01-13,9500.0,6750.0,,,,,
1999-01-20,9000.0,6750.0,,,,,
1999-01-27,9000.0,6750.0,,,,,
1999-02-03,9000.0,6750.0,,,,,
1999-02-10,9000.0,6500.0,,,,,
1999-02-17,9000.0,6300.0,,,,,
1999-02-24,9000.0,6300.0,,,,,
1999-03-03,9000.0,6300.0,,,,,
1999-03-10,9000.0,7500.0,,,,,
1999-03-17,9000.0,7500.0,,,,,
1999-03-24,9000.0,7500.0,,,,,
1999-03-31,9000.0,7500.0,,,,,
1999-04-07,9000.0,7250.0,,,,,
1999-04-14,9000.0,7250.0,,,,,
1999-04-21,9000.0,7250.0,,,,,
1999-04-28,9000.0,7500.0,,,,,
1999-05-05,9200.0,7500.0,,,,,
1999-05-12,9200.0,7500.0,,,,,
1999-05-19,9200.0,7750.0,,,,,
1999-05-26,9200.0,7750.0,,,,,
1999-06-02,9000.0,7750.0,,,,,
1999-06-09,9000.0,8000.0,,,,,
1999-06-16,9000.0,8000.0,,,,,
1999-06-23,8800.0,8000.0,,,,,
1999-06-30,8800.0,8150.0,,,,,
1999-07-07,8900.0,8150.0,,,,,
1999-07-14,9250.0,8150.0,,,,,
1999-07-21,9250.0,8250.0,,,,,
1999-07-28,9250.0,8500.0,,,,,
1999-08-04,9350.0,8500.0,,,,,
1999-08-11,11000.0,8650.0,,,,,
1999-08-18,11000.0,8650.0,,,,,
1999-08-25,12000.0,8750.0,,,,,
1999-09-01,12000.0,8750.0,,,,,
1999-09-08,12250.0,8750.0,,,,,
1999-09-15,12250.0,8900.0,,,,,
1999-09-22,12250.0,9000.0,,,,,
1999-09-29,12250.0,9000.0,,,,,
1999-10-06,12250.0,9500.0,,,,,
1999-10-13,14000.0,9500.0,,,,,
1999-10-20,14000.0,9700.0,,,,,
1999-10-27,14500.0,10500.0,,,,,
1999-11-03,14500.0,10500.0,,,,,
1999-11-10,14500.0,10400.0,,,,,
1999-11-17,14750.0,10250.0,,,,,
1999-11-24,14750.0,10250.0,,,,,
1999-12-01,14750.0,10250.0,,,,,
1999-12-08,14900.0,10250.0,,,,,
1999-12-15,14900.0,10100.0,,,,,
1999-12-22,14900.0,10100.0,,,,,
1999-12-29,14900.0,10200.0,,,,,
2000-01-05,14900.0,10100.0,,,,,
2000-01-12,14900.0,10100.0,,,,,
2000-01-19,14750.0,10200.0,,,,,
2000-01-26,14750.0,10200.0,,,,,
2000-02-02,14750.0,10400.0,,,,,
2000-02-09,14750.0,10500.0,,,,,
2000-02-16,14750.0,10750.0,,,,,
2000-02-23,15500.0,10600.0,,,,,
2000-03-01,16000.0,10900.0,,,,,
2000-03-08,16750.0,11500.0,,,,,
2000-03-15,16750.0,11500.0,,,,,
2000-03-22,17000.0,11500.0,,,,,
2000-03-29,17000.0,11600.0,,,,,
2000-04-05,17000.0,11600.0,,,,,
2000-04-12,17000.0,11600.0,,,,,
2000-04-19,17000.0,11600.0,,,,,
2000-04-26,17000.0,11500.0,,,,,
2000-05-03,16500.0,11500.0,,,,,
2000-05-10,16500.0,11500.0,,,,,
2000-05-17,16500.0,11400.0,,,,,
2000-05-24,16500.0,11000.0,,,,,
2000-05-31,16500.0,11000.0,,,,,
2000-06-07,16500.0,10900.0,,,,,
2000-06-14,16250.0,10900.0,,,,,
2000-06-21,16500.0,11000.0,,,,,
2000-06-28,16500.0,11000.0,,,,,
2000-07-05,16500.0,11000.0,,,,,
2000-07-12,16500.0,11000.0,,,,,
2000-07-19,16500.0,11200.0,,,,,
2000-07-26,16500.0,11200.0,,,,,
2000-08-02,18500.0,11200.0,,,,,
2000-08-09,18500.0,11500.0,,,,,
2000-08-16,18500.0,11600.0,,,,,
2000-08-23,18500.0,11600.0,,,,,
2000-08-30,18500.0,11750.0,,,,,
2000-09-06,18500.0,11750.0,,,,,
2000-09-13,18500.0,11750.0,,,,,
2000-09-20,18500.0,12000.0,,,,,
2000-09-27,18500.0,11800.0,,,,,
2000-10-04,18500.0,11750.0,,,,,
2000-10-11,18500.0,11750.0,,,,,
2000-10-18,18500.0,11600.0,,,,,
2000-10-25,18500.0,11600.0,,,,,
2000-11-01,18500.0,11600.0,,,,,
2000-11-08,18500.0,11200.0,,,,,
2000-11-15,18500.0,11000.0,,,,,
2000-11-22,18250.0,10800.0,,,,,
2000-11-29,17700.0,10500.0,,,,,
2000-12-06,17700.0,10500.0,,,,,
2000-12-13,17250.0,10500.0,,,,,
2000-12-20,16750.0,10500.0,,,,,
2000-12-27,16750.0,10500.0,,,,,
2001-01-03,16750.0,10500.0,,,,,
2001-01-10,16750.0,10500.0,,,,,
2001-01-17,16750.0,10750.0,,,,,
2001-01-24,16250.0,10750.0,,,,,
2001-01-31,15750.0,10700.0,,,,,
2001-02-07,15500.0,10700.0,,,,,
2001-02-14,15750.0,10700.0,,,,,
2001-02-21,15500.0,10700.0,,,,,
2001-02-28,15000.0,10800.0,,,,,
2001-03-07,14500.0,10750.0,,,,,
2001-03-14,14000.0,10750.0,,,,,
2001-03-21,14000.0,10750.0,,,,,
2001-03-28,13800.0,10750.0,,,,,
2001-04-04,13800.0,10750.0,,,,,
2001-04-11,13800.0,10750.0,,,,,
2001-04-18,13800.0,10900.0,,,,,
2001-04-25,14500.0,10900.0,,,,,
2001-05-02,14500.0,10000.0,,,,,
2001-05-09,15000.0,9900.0,,,,,
2001-05-16,15500.0,10500.0,,,,,
2001-05-23,16750.0,10500.0,,,,,
2001-05-30,15650.0,10400.0,,,,,
2001-06-06,15650.0,10200.0,,,,,
2001-06-13,15550.0,10200.0,,,,,
2001-06-20,15550.0,10250.0,,,,,
2001-06-27,15550.0,10250.0,,,,,
2001-07-04,15500.0,9750.0,,,,,
2001-07-11,15250.0,9750.0,,,,,
2001-07-18,14750.0,9500.0,,,,,
2001-07-25,14000.0,9250.0,,,,,
2001-08-01,13750.0,8900.0,,,,,
2001-08-08,13750.0,8850.0,,,,,
2001-08-15,12000.0,8750.0,,,,,
2001-08-22,11750.0,8250.0,,,,,
2001-08-29,11500.0,8250.0,,,,,
2001-09-05,11500.0,8000.0,,,,,
2001-09-12,11000.0,8000.0,,,,,
2001-09-19,11250.0,7900.0,,,,,
2001-09-26,11250.0,7900.0,,,,,
2001-10-03,10750.0,7800.0,,,,,
2001-10-10,9750.0,7750.0,,,,,
2001-10-17,9900.0,7500.0,,,,,
2001-10-24,9900.0,7250.0,,,,,
2001-10-31,9750.0,6900.0,,,,,
2001-11-07,9500.0,6800.0,,,,,
2001-11-14,8500.0,6800.0,,,,,
2001-11-21,8500.0,6800.0,,,,,
2001-11-28,8500.0,6750.0,,,,,
2001-12-05,8500.0,6750.0,,,,,
2001-12-12,8500.0,6750.0,,,,,
2001-12-19,8500.0,6750.0,,,,,
2001-12-26,8500.0,6750.0,,,,,
2002-01-02,8500.0,6750.0,,,,,
2002-01-09,8800.0,7000.0,,,,,
2002-01-16,9100.0,7300.0,,,,,
2002-01-23,10000.0,7500.0,,,,,
2002-01-30,10000.0,7750.0,,,,,
2002-02-06,10000.0,7750.0,,,,,
2002-02-13,10000.0,7800.0,,,,,
2002-02-20,10500.0,8000.0,,,,,
2002-02-27,11500.0,8500.0,,,,,
2002-03-06,12400.0,8500.0,,,,,
2002-03-13,12600.0,8750.0,,,,,
2002-03-20,12600.0,8750.0,,,,,
2002-03-27,12600.0,8750.0,,,,,
2002-04-03,13000.0,8750.0,,,,,
2002-04-10,13000.0,8850.0,,,,,
2002-04-17,13000.0,8850.0,,,,,
2002-04-24,12750.0,8850.0,,,,,
2002-05-01,12750.0,8750.0,,,,,
2002-05-08,12750.0,8700.0,,,,,
2002-05-15,12800.0,8700.0,,,,,
2002-05-22,12800.0,8700.0,,,,,
2002-05-29,12800.0,8600.0,,,,,
2002-06-05,13000.0,8600.0,,,,,
2002-06-12,13000.0,8500.0,,,,,
2002-06-19,12800.0,8500.0,,,,,
2002-06-26,12800.0,8500.0,,,,,
2002-07-03,12800.0,8500.0,,,,,
2002-07-10,12800.0,8550.0,,,,,
2002-07-17,12700.0,8550.0,,,,,
2002-07-24,12600.0,8550.0,,,,,
2002-07-31,12000.0,8400.0,,,,,
2002-08-07,12000.0,8300.0,,,,,
2002-08-14,12000.0,8250.0,,,,,
2002-08-21,12000.0,8500.0,,,,,
2002-08-28,11000.0,8500.0,,,,,
2002-09-04,11000.0,8500.0,,,,,
2002-09-11,12250.0,8500.0,,,,,
2002-09-18,12500.0,8500.0,,,,,
2002-09-25,13500.0,8750.0,,,,,
2002-10-02,13500.0,9000.0,,,,,
2002-10-09,13500.0,9000.0,,,,,
2002-10-16,13250.0,9000.0,,,,,
2002-10-23,13250.0,9500.0,,,,,
2002-10-30,14000.0,9750.0,,,,,
2002-11-06,14000.0,9750.0,,,,,
2002-11-13,14000.0,9750.0,,,,,
2002-11-20,14500.0,9900.0,,,,,
2002-11-27,14500.0,10000.0,,,,,
2002-12-04,14900.0,10500.0,,,,,
2002-12-11,15750.0,10750.0,,,,,
2002-12-18,16250.0,11500.0,,,,,
2002-12-25,16250.0,11500.0,,,,,
2003-01-01,16250.0,11500.0,,,,,
2003-01-08,16000.0,12000.0,,,,,
2003-01-15,16000.0,12500.0,,,,,
2003-01-22,16000.0,12600.0,,,,,
2003-01-29,15500.0,12500.0,,,,,
2003-02-05,15500.0,12000.0,,,,,
2003-02-12,15600.0,12000.0,,,,,
2003-02-19,16500.0,12000.0,,,,,
2003-02-26,16500.0,12200.0,,,,,
2003-03-05,16000.0,12250.0,,,,,
2003-03-12,16000.0,12600.0,,,,,
2003-03-19,16500.0,12700.0,,,,,
2003-03-26,16500.0,12600.0,,,,,
2003-04-02,16500.0,12750.0,,,,,
2003-04-09,16750.0,13000.0,,,,,
2003-04-16,16750.0,13000.0,,,,,
2003-04-23,16850.0,13250.0,,,,,
2003-04-30,17250.0,13250.0,,,,,
2003-05-07,17500.0,13250.0,,,,,
2003-05-14,17750.0,14000.0,,,,,
2003-05-21,19500.0,14250.0,,,,,
2003-05-28,19000.0,14000.0,,,,,
2003-06-04,19000.0,13800.0,,,,,
2003-06-11,19000.0,13750.0,,,,,
2003-06-18,19000.0,13500.0,,,,,
2003-06-25,19000.0,13500.0,,,,,
2003-07-02,19000.0,13900.0,,,,,
2003-07-09,19000.0,14100.0,,,,,
2003-07-16,19500.0,14750.0,,,,,
2003-07-23,24000.0,15250.0,,,,,
2003-07-30,25000.0,15000.0,,,,,
2003-08-06,25000.0,14800.0,,,,,
2003-08-13,25000.0,15500.0,,,,,
2003-08-20,25000.0,15500.0,,,,,
2003-08-27,25000.0,15500.0,,,,,
2003-09-03,25000.0,15750.0,,,,,
2003-09-10,26000.0,15900.0,,,,,
2003-09-17,29000.0,16900.0,,,,,
2003-09-24,29000.0,18000.0,,,,,
2003-10-01,32000.0,22000.0,,,,,
2003-10-08,53000.0,27500.0,,,,,
2003-10-15,56000.0,26000.0,,,,,
2003-10-22,56000.0,27000.0,,,,,
2003-10-29,56000.0,28000.0,,,,,
2003-11-05,54500.0,28000.0,,,,,
2003-11-12,54500.0,30000.0,,,,,
2003-11-19,54000.0,30000.0,,,,,
2003-11-26,54000.0,30000.0,,,,,
2003-12-03,54500.0,31000.0,,,,,
2003-12-10,58000.0,32000.0,,,,,
2003-12-17,58500.0,35000.0,,,,,
2003-12-24,59000.0,36000.0,,,,,
2003-12-31,59000.0,36000.0,,,,,
2004-01-07,62500.0,36500.0,24000.0,,,,
2004-01-14,68000.0,41000.0,25000.0,,,,
2004-01-21,68000.0,44000.0,28000.0,,,,
2004-01-28,75000.0,45000.0,29000.0,,,,
2004-02-04,75000.0,48000.0,30000.0,,,,
2004-02-11,75000.0,49000.0,30250.0,,,,
2004-02-18,75000.0,49000.0,33000.0,,,,
2004-02-25,75000.0,48000.0,33000.0,,,,
2004-03-03,75000.0,48000.0,33000.0,,,,
2004-03-10,75000.0,48000.0,33000.0,,,,
2004-03-17,75000.0,47500.0,32750.0,,,,
2004-03-24,75000.0,47500.0,32500.0,,,,
2004-03-31,70000.0,46000.0,32000.0,,,,
2004-04-07,70000.0,42000.0,31750.0,,,,
2004-04-14,67500.0,42000.0,31500.0,,,,
2004-04-21,65000.0,40000.0,31000.0,,,,
2004-04-28,60000.0,37000.0,29000.0,,,,
2004-05-05,60000.0,37000.0,28000.0,,,,
2004-05-12,50000.0,34000.0,27000.0,,,,
2004-05-19,47000.0,28000.0,26000.0,,,,
2004-05-26,44000.0,22000.0,25000.0,,,,
2004-06-02,44000.0,22000.0,23000.0,,,,
2004-06-09,40000.0,21000.0,22000.0,,,,
2004-06-16,38000.0,21000.0,21500.0,,,,
2004-06-23,37000.0,20000.0,18000.0,,,,
2004-06-30,40000.0,20000.0,18000.0,,,,
2004-07-07,44000.0,23000.0,19000.0,,,,
2004-07-14,51000.0,30000.0,19500.0,,,,
2004-07-21,51000.0,28500.0,21500.0,,,,
2004-07-28,53000.0,30000.0,22000.0,,,,
2004-08-04,55000.0,32000.0,22500.0,,,,
2004-08-11,55000.0,30000.0,22500.0,,,,
2004-08-18,55000.0,32000.0,22750.0,,,,
2004-08-25,55000.0,33000.0,23000.0,,,,
2004-09-01,54000.0,32000.0,23150.0,,,,
2004-09-08,53000.0,32200.0,23000.0,,,,
2004-09-15,53000.0,30150.0,23100.0,,,,
2004-09-22,53000.0,32000.0,24000.0,,,,
2004-09-29,53000.0,32000.0,24100.0,,,,
2004-10-06,53000.0,32000.0,24250.0,,,,
2004-10-13,57500.0,34000.0,25000.0,,,,
2004-10-20,63000.0,35000.0,25500.0,,,,
2004-10-27,70000.0,36500.0,25600.0,,,,
2004-11-03,70000.0,36500.0,25200.0,,,,
2004-11-10,70000.0,37000.0,24850.0,,,,
2004-11-17,70000.0,35000.0,25000.0,,,,
2004-11-24,71000.0,37000.0,26500.0,,,,
2004-12-01,75000.0,41000.0,27500.0,,,,
2004-12-08,75000.0,40500.0,,,,,
2004-12-15,70000.0,39500.0,,,,,
2004-12-22,66000.0,39000.0,,,,,
2004-12-29,66000.0,39000.0,,,,,
2005-01-05,66000.0,38000.0,22500.0,,,,
2005-01-12,66000.0,39000.0,24250.0,,,,
2005-01-19,63000.0,38000.0,23000.0,,,,
2005-01-26,63000.0,37000.0,22900.0,,,,
2005-02-02,63000.0,37000.0,22800.0,,,,
2005-02-09,63000.0,38000.0,22600.0,,,,
2005-02-16,67000.0,39000.0,22800.0,,,,
2005-02-23,68000.0,39000.0,25500.0,,,,
2005-03-02,67000.0,38500.0,26500.0,,,,
2005-03-09,67000.0,38000.0,27250.0,,,,
2005-03-16,66500.0,37000.0,27250.0,,,,
2005-03-23,66750.0,37500.0,27000.0,,,,
2005-03-30,67000.0,38000.0,27000.0,,,,
2005-04-06,65000.0,36500.0,26500.0,,,,
2005-04-13,65000.0,36800.0,27500.0,,,,
2005-04-20,64000.0,35000.0,27000.0,,,,
2005-04-27,64000.0,30500.0,26000.0,,,,
2005-05-04,62000.0,31000.0,26000.0,,,,
2005-05-11,62000.0,30000.0,26000.0,,,,
2005-05-18,59000.0,29000.0,25500.0,,,,
2005-05-25,50000.0,23000.0,25000.0,,,,
2005-06-01,48000.0,24000.0,25000.0,,,,
2005-06-08,46000.0,24500.0,24750.0,,,,
2005-06-15,43000.0,24500.0,24250.0,,,,
2005-06-22,40000.0,23000.0,21000.0,,,,
2005-06-29,40000.0,23000.0,20750.0,,,,
2005-07-06,40000.0,19000.0,20000.0,,,,
2005-07-13,40000.0,19000.0,20000.0,,,,
2005-07-20,39000.0,19000.0,20000.0,,,,
2005-07-27,32500.0,16750.0,17000.0,,,,
2005-08-03,30000.0,15000.0,15000.0,,,,
2005-08-10,31000.0,17200.0,15100.0,,,,
2005-08-17,34000.0,20000.0,15500.0,,,,
2005-08-24,36000.0,20000.0,18000.0,,,,
2005-08-31,36000.0,19000.0,17750.0,,,,
2005-09-07,41000.0,20000.0,18250.0,,,,
2005-09-14,42500.0,20500.0,18250.0,,,,
2005-09-21,44000.0,23000.0,17250.0,,,,
2005-09-28,42000.0,22000.0,17350.0,,,,
2005-10-05,42000.0,22000.0,17350.0,,,,
2005-10-12,47000.0,23000.0,17500.0,,,,
2005-10-19,47000.0,21000.0,18250.0,,,,
2005-10-26,44000.0,21000.0,18250.0,,,,
2005-11-02,40000.0,20000.0,18000.0,,,,
2005-11-09,40000.0,19000.0,17800.0,,,,
2005-11-16,40000.0,18500.0,16750.0,,,,
2005-11-23,40000.0,17250.0,16250.0,,,,
2005-11-30,38000.0,17000.0,16000.0,,,,
2005-12-07,35000.0,17000.0,15900.0,,,,
2005-12-14,35000.0,17000.0,15750.0,,,,
2005-12-21,34500.0,17000.0,15000.0,,,,
2005-12-28,34000.0,17500.0,15000.0,,,,
2006-01-04,34500.0,17500.0,17000.0,,,,
2006-01-11,32000.0,17500.0,16500.0,,,,
2006-01-18,31500.0,16750.0,16000.0,,,,
2006-01-25,31500.0,16000.0,15750.0,,,,
2006-02-01,31500.0,15750.0,15500.0,,,,
2006-02-08,31500.0,15750.0,15000.0,,,,
2006-02-15,32000.0,15850.0,15500.0,,,,
2006-02-22,32000.0,17000.0,16250.0,,,,
2006-03-01,36000.0,17000.0,16250.0,,,,
2006-03-08,35000.0,17000.0,16250.0,,,,
2006-03-15,35000.0,17000.0,17250.0,,,,
2006-03-22,34000.0,17000.0,17500.0,,,,
2006-03-29,33500.0,17000.0,17500.0,,,,
2006-04-05,34000.0,17000.0,17600.0,,,,
2006-04-12,34000.0,17500.0,17500.0,,,,
2006-04-19,34000.0,17500.0,17500.0,,,,
2006-04-26,33500.0,17000.0,17500.0,,,,
2006-05-03,32000.0,16750.0,17250.0,,,,
2006-05-10,32000.0,17000.0,17750.0,,,,
2006-05-17,32000.0,17000.0,17750.0,,,,
2006-05-24,31000.0,17000.0,18250.0,,,,
2006-05-31,31000.0,17000.0,19000.0,,,,
2006-06-07,32500.0,17250.0,19250.0,,,,
2006-06-14,34500.0,17500.0,19500.0,,,,
2006-06-21,34500.0,18500.0,20750.0,,,,
2006-06-28,38000.0,20500.0,21250.0,,,,
2006-07-05,38500.0,22000.0,22000.0,,,,
2006-07-12,38500.0,21500.0,21500.0,,,,
2006-07-19,42000.0,22000.0,21250.0,,,,
2006-07-26,43000.0,22800.0,21750.0,,,,
2006-08-02,50000.0,23500.0,22000.0,,,,
2006-08-09,59000.0,27000.0,23000.0,,,,
2006-08-16,63000.0,29000.0,26000.0,,,,
2006-08-23,55000.0,28000.0,26500.0,,,,
2006-08-30,55000.0,29000.0,27000.0,,,,
2006-09-06,55000.0,29250.0,27000.0,,,,
2006-09-13,60000.0,30000.0,27250.0,,,,
2006-09-20,60000.0,32000.0,28500.0,,,,
2006-09-27,59000.0,30000.0,27750.0,,,,
2006-10-04,59000.0,30000.0,27500.0,,,,
2006-10-11,59000.0,30500.0,27500.0,,,,
2006-10-18,60000.0,30000.0,28000.0,,,,
2006-10-25,59000.0,30000.0,27500.0,,,,
2006-11-01,60000.0,30000.0,27250.0,,,,
2006-11-08,60000.0,30000.0,27250.0,,,,
2006-11-15,59000.0,30000.0,26750.0,,,,
2006-11-22,61000.0,30000.0,26500.0,,,,
2006-11-29,61000.0,30000.0,26500.0,,,,
2006-12-06,61000.0,30000.0,27500.0,,,,
2006-12-13,61000.0,30000.0,27750.0,,,,
2006-12-20,61000.0,30000.0,28000.0,,,,
2006-12-27,62000.0,30000.0,28250.0,,,,
2007-01-03,62000.0,30000.0,28500.0,,,,
2007-01-10,65000.0,32500.0,29000.0,,,,
2007-01-17,63000.0,31000.0,29250.0,,,,
2007-01-24,63000.0,31000.0,28750.0,,,,
2007-01-31,63000.0,31000.0,28750.0,,,,
2007-02-07,63000.0,32000.0,28500.0,,,,
2007-02-14,63500.0,32250.0,28750.0,,,,
2007-02-21,63500.0,32500.0,28750.0,,,,
2007-02-28,65000.0,33500.0,29000.0,,,,
2007-03-07,65000.0,34000.0,30000.0,,,,
2007-03-14,65500.0,34000.0,31000.0,,,,
2007-03-21,68000.0,34250.0,31000.0,,,,
2007-03-28,69000.0,36000.0,31500.0,,,,
2007-04-04,73000.0,36000.0,31750.0,,,,
2007-04-11,73000.0,38000.0,32000.0,,,,
2007-04-18,78000.0,41000.0,33000.0,,,,
2007-04-25,92500.0,41500.0,36500.0,,,,
2007-05-02,94000.0,41000.0,37000.0,,,,
2007-05-09,97500.0,47000.0,41500.0,,,,
2007-05-16,100000.0,46000.0,42500.0,,,,
2007-05-23,102000.0,44000.0,42000.0,,,,
2007-05-30,97000.0,44000.0,41000.0,,,,
2007-06-06,96000.0,46000.0,41000.0,,,,
2007-06-13,80000.0,44000.0,40750.0,,,,
2007-06-20,79000.0,44000.0,40000.0,,,,
2007-06-27,90000.0,46000.0,40250.0,,,,
2007-07-04,88000.0,48000.0,40300.0,,,,
2007-07-11,88000.0,49000.0,40500.0,,,,
2007-07-18,88000.0,49000.0,42500.0,,,,
2007-07-25,92000.0,55000.0,43500.0,,,,
2007-08-01,96000.0,58000.0,44000.0,,,,
2007-08-08,105000.0,54000.0,44000.0,,,,
2007-08-15,110000.0,60000.0,44500.0,,,,
2007-08-22,112000.0,58000.0,47500.0,,,,
2007-08-29,114000.0,61000.0,49000.0,,,,
2007-09-05,120000.0,67000.0,51000.0,,,,
2007-09-12,130000.0,68000.0,54000.0,,,,
2007-09-19,131000.0,69000.0,55000.0,,,,
2007-09-26,135000.0,70000.0,55000.0,,,,
2007-10-03,135000.0,72000.0,57500.0,,,,
2007-10-10,145000.0,79000.0,59000.0,,,,
2007-10-17,155000.0,79000.0,68000.0,,,,
2007-10-24,157000.0,81000.0,69000.0,,,,
2007-10-31,148000.0,82000.0,69000.0,,,,
2007-11-07,152000.0,82000.0,68500.0,,,,
2007-11-14,160000.0,80000.0,68500.0,,,,
2007-11-21,175000.0,79000.0,67000.0,,,,
2007-11-28,160000.0,74000.0,66000.0,,,,
2007-12-05,168000.0,76000.0,66000.0,,,,
2007-12-12,160000.0,70000.0,66500.0,,,,
2007-12-19,159000.0,69000.0,64000.0,,,,
2007-12-26,157000.0,68000.0,62000.0,,,,
2008-01-02,157000.0,68000.0,62000.0,,,,
2008-01-09,152000.0,68000.0,61500.0,,,,
2008-01-16,135000.0,65000.0,55000.0,,,,
2008-01-23,110000.0,55000.0,50000.0,,,,
2008-01-30,110000.0,58000.0,48000.0,,,,
2008-02-06,122000.0,60000.0,48500.0,,,,
2008-02-13,133000.0,68000.0,50000.0,,,,
2008-02-20,120000.0,69000.0,58000.0,,,,
2008-02-27,135000.0,71000.0,58000.0,,,,
2008-03-05,145000.0,74000.0,61000.0,,,,
2008-03-12,145000.0,74000.0,61500.0,,,,
2008-03-19,140000.0,72000.0,61000.0,,,,
2008-03-26,137000.0,71000.0,61000.0,,,,
2008-04-02,130000.0,71000.0,61000.0,,,,
2008-04-09,130000.0,70000.0,60500.0,,,,
2008-04-16,133000.0,72000.0,61000.0,,,,
2008-04-23,142000.0,75000.0,61500.0,,,,
2008-04-30,145000.0,74000.0,61500.0,,,,
2008-05-07,150000.0,80000.0,61750.0,,,,
2008-05-14,151000.0,81000.0,62000.0,,,,
2008-05-21,163000.0,84000.0,63500.0,,,,
2008-05-28,158000.0,82000.0,63000.0,,,,
2008-06-04,170000.0,80000.0,63000.0,,,,
2008-06-11,165000.0,80000.0,62000.0,,,,
2008-06-18,160000.0,76000.0,62000.0,,,,
2008-06-25,155000.0,80000.0,60000.0,,,,
2008-07-02,157000.0,78000.0,59000.0,,,,
2008-07-09,157000.0,78000.0,59000.0,,,,
2008-07-16,160000.0,78000.0,60000.0,,,,
2008-07-23,160000.0,76000.0,59750.0,,,,
2008-07-30,160000.0,79000.0,58900.0,,,,
2008-08-06,155000.0,74500.0,55000.0,,,,
2008-08-13,135000.0,72000.0,50000.0,,,,
2008-08-20,135000.0,73000.0,50000.0,,,,
2008-08-27,130000.0,70000.0,49000.0,,,,
2008-09-03,115000.0,70000.0,49000.0,,,,
2008-09-10,115000.0,52000.0,40000.0,,,,
2008-09-17,105000.0,51000.0,43000.0,,,,
2008-09-24,80000.0,50000.0,41000.0,,,,
2008-10-01,55000.0,35000.0,40000.0,,,,
2008-10-08,52500.0,32000.0,30000.0,,,,
2008-10-15,30000.0,21000.0,15000.0,,,,
2008-10-22,26000.0,18000.0,15000.0,,,,
2008-10-29,25000.0,14000.0,15000.0,,,,
2008-11-05,21000.0,14000.0,12500.0,,,,
2008-11-12,21000.0,14500.0,10600.0,,,,
2008-11-19,19000.0,15000.0,10500.0,,,,
2008-11-26,18000.0,14000.0,10000.0,,,,
2008-12-03,18000.0,10750.0,11000.0,,,,
2008-12-10,18500.0,10500.0,10500.0,,,,
2008-12-17,21500.0,11500.0,11000.0,,,,
2008-12-24,21500.0,12000.0,11000.0,,,,
2008-12-31,21500.0,12000.0,11000.0,,,,
2009-01-07,21500.0,12000.0,10000.0,,,,
2009-01-14,22000.0,12000.0,11000.0,,,,
2009-01-21,22500.0,11000.0,10000.0,,,,
2009-01-28,23500.0,11000.0,10250.0,,,,
2009-02-04,26000.0,15000.0,11000.0,,,,
2009-02-11,35000.0,16000.0,15000.0,,,,
2009-02-18,34000.0,15000.0,16000.0,,,,
2009-02-25,30000.0,13500.0,15000.0,,,,
2009-03-04,28500.0,15500.0,13000.0,,,,
2009-03-11,27750.0,17500.0,18000.0,,,,
2009-03-18,26000.0,16500.0,13500.0,,,,
2009-03-25,25000.0,14000.0,12000.0,,,,
2009-04-01,25000.0,12000.0,12000.0,,,,
2009-04-08,24000.0,11000.0,,,,,
2009-04-14,24000.0,11000.0,10500.0,,,,
2009-04-15,24000.0,12500.0,10500.0,,,,
2009-04-22,24000.0,15000.0,13000.0,,,,
2009-04-29,23000.0,13500.0,12000.0,,,,
2009-05-06,24500.0,15500.0,13000.0,,,,
2009-05-13,24500.0,16000.0,14000.0,,,,
2009-05-20,30000.0,16500.0,13500.0,,,,
2009-05-27,40000.0,17500.0,14500.0,,,,
2009-06-03,40000.0,20000.0,14750.0,,,,
2009-06-10,38000.0,18500.0,15000.0,,,,
2009-06-17,42000.0,24000.0,16000.0,,,,
2009-06-24,42000.0,20000.0,16000.0,,,,
2009-07-01,42000.0,21000.0,17000.0,,,,
2009-07-08,39000.0,20000.0,17000.0,,,,
2009-07-15,45000.0,20500.0,17500.0,,,,
2009-07-22,43000.0,21000.0,18000.0,,,,
2009-07-29,43000.0,20000.0,18000.0,,,,
2009-08-05,43000.0,20000.0,16000.0,,,,
2009-08-12,43000.0,20000.0,14500.0,,,,
2009-08-19,35000.0,20000.0,15000.0,,,,
2009-08-26,34000.0,19000.0,16500.0,,,,
2009-09-02,33000.0,19000.0,16000.0,,,,
2009-09-09,32000.0,19000.0,17000.0,,,,
2009-09-16,29000.0,20000.0,18000.0,,,,
2009-09-23,25000.0,20000.0,16000.0,,,,
2009-09-30,25000.0,18000.0,16000.0,,,,
2009-10-07,29000.0,20000.0,16000.0,,,,
2009-10-14,25000.0,21000.0,16000.0,,,,
2009-10-21,30000.0,19000.0,17250.0,,,,
2009-10-28,30000.0,20000.0,15000.0,,,,
2009-11-04,33000.0,22000.0,17000.0,,,,
2009-11-11,37500.0,24000.0,18000.0,,,,
2009-11-18,40000.0,26500.0,19000.0,,,,
2009-11-25,37000.0,25000.0,21000.0,,,,
2009-12-02,38500.0,23000.0,19000.0,,,,
2009-12-09,32000.0,22250.0,19000.0,,,,
2009-12-16,32000.0,21500.0,18000.0,,,,
2009-12-23,31500.0,21500.0,18000.0,,,,
2009-12-30,31500.0,21500.0,,,,,
2010-01-06,37000.0,25500.0,15000.0,,,,
2010-01-13,38000.0,24500.0,19000.0,,,,
2010-01-20,36000.0,24500.0,20500.0,,,,
2010-01-27,39000.0,25500.0,19000.0,,,,
2010-02-03,36000.0,23500.0,17000.0,,,,
2010-02-10,32000.0,24000.0,18000.0,,,,
2010-02-17,32000.0,24000.0,18000.0,,,,
2010-02-24,30000.0,24500.0,19000.0,,,,
2010-03-03,34000.0,25000.0,20000.0,,,,
2010-03-10,34000.0,25800.0,22000.0,,,,
2010-03-17,33000.0,27000.0,23000.0,,,,
2010-03-24,32000.0,27500.0,24000.0,,,,
2010-03-31,33000.0,26900.0,22000.0,,,,
2010-04-07,32750.0,26000.0,24000.0,,,,
2010-04-14,31500.0,27000.0,23000.0,,,,
2010-04-21,30500.0,26500.0,22000.0,,,,
2010-04-28,34000.0,26000.0,22500.0,,,,
2010-05-05,33000.0,27000.0,22000.0,,,,
2010-05-12,36000.0,28000.0,26000.0,,,,
2010-05-19,34000.0,28000.0,28000.0,,,,
2010-05-26,37000.0,27500.0,28000.0,,,,
2010-06-02,36250.0,27500.0,27500.0,,,,
2010-06-09,34000.0,27000.0,23000.0,,,,
2010-06-16,31000.0,25500.0,20000.0,,,,
2010-06-23,30000.0,25000.0,20000.0,,,,
2010-06-30,30000.0,24000.0,20000.0,,,,
2010-07-07,28000.0,22500.0,20000.0,,,,
2010-07-14,24000.0,21000.0,19000.0,,,,
2010-07-21,24000.0,21500.0,18000.0,,,,
2010-07-28,26000.0,21500.0,19000.0,,,,
2010-08-04,26000.0,21500.0,19000.0,,,,
2010-08-11,29500.0,24500.0,19000.0,,,,
2010-08-18,29500.0,26000.0,20000.0,,,,
2010-08-25,30000.0,27500.0,23000.0,,,,
2010-09-01,30000.0,26000.0,21000.0,,,,
2010-09-08,32000.0,26000.0,21250.0,,,,
2010-09-15,32000.0,24000.0,21000.0,,,,
2010-09-22,28000.0,23500.0,21000.0,,,,
2010-09-29,29500.0,23000.0,20000.0,,,,
2010-10-06,31000.0,22000.0,20000.0,,,,
2010-10-13,31500.0,22500.0,19500.0,,,,
2010-10-20,31750.0,21000.0,19000.0,,,,
2010-10-27,31750.0,23500.0,19000.0,,,,
2010-11-03,31000.0,22000.0,19000.0,,,,
2010-11-10,31000.0,22500.0,19000.0,,,,
2010-11-17,31000.0,21500.0,18000.0,,,,
2010-11-24,30000.0,21800.0,18000.0,,,,
2010-12-01,26500.0,20000.0,18000.0,,,,
2010-12-08,25000.0,19000.0,19000.0,,,,
2010-12-15,25000.0,18000.0,18000.0,,,,
2010-12-22,22000.0,17000.0,16000.0,,,,
2010-12-29,22000.0,17000.0,16000.0,,,,
2011-01-05,21000.0,16000.0,17000.0,,,,
2011-01-12,20000.0,16500.0,17000.0,,,,
2011-01-19,19000.0,16250.0,16500.0,,,,
2011-01-26,19000.0,15000.0,15000.0,,,,
2011-02-02,18000.0,15500.0,14500.0,,,,
2011-02-09,18000.0,16750.0,14000.0,,,,
2011-02-16,18500.0,17500.0,14000.0,,,,
2011-02-23,16000.0,16500.0,14000.0,,,,
2011-03-02,15000.0,16000.0,15000.0,,,,
2011-03-09,15250.0,16700.0,15500.0,,,,
2011-03-16,15500.0,16500.0,16000.0,,,,
2011-03-23,15500.0,16750.0,17000.0,,,,
2011-03-30,15500.0,16000.0,17000.0,,,,
2011-04-06,15000.0,15200.0,16000.0,,,,
2011-04-13,14750.0,15750.0,16000.0,,,,
2011-04-20,12500.0,15000.0,,,,,
2011-04-27,12500.0,15000.0,14000.0,,,,
2011-05-04,13000.0,15000.0,14500.0,,,,
2011-05-11,12500.0,15000.0,14500.0,,,,
2011-05-18,11500.0,14000.0,14500.0,,,,
2011-05-25,11500.0,14000.0,14500.0,,,,
2011-06-01,11500.0,13900.0,14250.0,,,,
2011-06-08,11000.0,14200.0,14500.0,,,,
2011-06-15,10750.0,14500.0,13500.0,,,,
2011-06-22,10750.0,13750.0,13250.0,,,,
2011-06-29,11000.0,12750.0,12500.0,,,,
2011-07-06,12000.0,12800.0,12250.0,,,,
2011-07-13,12500.0,13000.0,12000.0,,,,
2011-07-20,12000.0,13000.0,11000.0,,,,
2011-07-27,11800.0,13000.0,12000.0,,,,
2011-08-03,11800.0,12900.0,12000.0,,,,
2011-08-10,11800.0,12500.0,13000.0,,,,
2011-08-17,12000.0,12500.0,12500.0,,,,
2011-08-24,14750.0,12750.0,15500.0,,,,
2011-08-31,14750.0,13000.0,14000.0,,,,
2011-09-07,16000.0,13250.0,12500.0,,,,
2011-09-14,16500.0,13500.0,13500.0,,,,
2011-09-21,16500.0,13300.0,13800.0,,,,
2011-09-28,16500.0,13000.0,13000.0,,,,
2011-10-05,16250.0,13250.0,13000.0,,,,
2011-10-12,17000.0,13750.0,14000.0,,,,
2011-10-19,17500.0,14000.0,13500.0,,,,
2011-10-26,17600.0,13500.0,13500.0,,,,
2011-11-02,17000.0,12500.0,13250.0,,,,
2011-11-09,16250.0,12800.0,13000.0,,,,
2011-11-16,16500.0,12500.0,12500.0,,,,
2011-11-23,15500.0,12500.0,12700.0,,,,
2011-11-30,17000.0,12250.0,12500.0,,,,
2011-12-07,17300.0,12000.0,12500.0,,,,
2011-12-14,17500.0,12250.0,12200.0,,,,
2011-12-21,18000.0,12250.0,12000.0,,,,
2011-12-28,17500.0,12000.0,12000.0,,,,
2012-01-04,17000.0,12000.0,11500.0,,,,
2012-01-11,14000.0,11900.0,11300.0,,,,
2012-01-18,13000.0,10750.0,11000.0,,,,
2012-01-25,13000.0,10500.0,10000.0,,,,
2012-02-01,13000.0,10000.0,10000.0,,,,
2012-02-08,13250.0,10500.0,10000.0,,,,
2012-02-15,13500.0,11000.0,10000.0,,,,
2012-02-22,13500.0,11000.0,10500.0,,,,
2012-02-29,13500.0,11250.0,10800.0,,,,
2012-03-07,13500.0,11500.0,11000.0,,,,
2012-03-14,13250.0,11000.0,12000.0,,,,
2012-03-21,11000.0,10500.0,12250.0,,,,
2012-03-28,11000.0,10500.0,12250.0,,,,
2012-04-04,11500.0,10500.0,,,,,
2012-04-11,12500.0,10800.0,12000.0,,,,
2012-04-18,12000.0,10800.0,11250.0,,,,
2012-04-25,12000.0,11000.0,11500.0,,,,
2012-05-02,11900.0,10900.0,11500.0,,,,
2012-05-09,12000.0,10500.0,11250.0,,,,
2012-05-16,12000.0,10250.0,11500.0,,,,
2012-05-23,12000.0,10200.0,10750.0,,,,
2012-05-30,11000.0,10000.0,10750.0,,,,
2012-06-06,10500.0,10000.0,10000.0,,,,
2012-06-13,9800.0,9500.0,10000.0,,,,
2012-06-20,9800.0,9250.0,10000.0,,,,
2012-06-27,9800.0,9250.0,10250.0,,,,
2012-07-04,10500.0,9700.0,10250.0,,,,
2012-07-11,10500.0,10000.0,10200.0,,,,
2012-07-18,10500.0,10000.0,10200.0,,,,
2012-07-25,10000.0,10000.0,10000.0,,,,
2012-08-01,9900.0,9300.0,10000.0,,,,
2012-08-08,9750.0,9000.0,9500.0,,,,
2012-08-15,9300.0,9200.0,9000.0,,,,
2012-08-22,9250.0,9000.0,8750.0,,,,
2012-08-29,9250.0,9000.0,8750.0,,,,
2012-09-05,9000.0,8500.0,9000.0,,,,
2012-09-12,9000.0,8250.0,8250.0,,,,
2012-09-19,10000.0,8000.0,8250.0,,,,
2012-09-26,9600.0,7600.0,8000.0,,,,
2012-10-03,10250.0,7000.0,8000.0,,,,
2012-10-10,10350.0,8750.0,8750.0,,,,
2012-10-17,13500.0,8250.0,9250.0,,,,
2012-10-24,13750.0,7800.0,8500.0,,,,
2012-10-31,12500.0,7800.0,8000.0,,,,
2012-11-07,11500.0,7500.0,7800.0,,,,
2012-11-14,11700.0,7500.0,8000.0,,,,
2012-11-21,11250.0,8000.0,8000.0,,,,
2012-11-28,11000.0,7900.0,8750.0,,,,
2012-12-05,10250.0,7750.0,8900.0,,,,
2012-12-12,9250.0,7500.0,8900.0,,,,
2012-12-19,9250.0,7000.0,8750.0,,,,
2012-12-26,9200.0,7000.0,,,,,
2013-01-02,9100.0,7000.0,8800.0,,,,
2013-01-09,10100.0,7500.0,8900.0,,,,
2013-01-16,10400.0,7300.0,8800.0,,,,
2013-01-23,10750.0,7250.0,8800.0,,,,
2013-01-30,10500.0,7200.0,8500.0,,,,
2013-02-06,10500.0,7250.0,8300.0,,,,
2013-02-13,10500.0,7500.0,8500.0,,,,
2013-02-20,10500.0,8000.0,9000.0,,,,
2013-02-27,10250.0,8500.0,9100.0,,,,
2013-03-06,10250.0,9500.0,9250.0,,,,
2013-03-13,10500.0,9250.0,9250.0,,,,
2013-03-20,10500.0,9250.0,9250.0,,,,
2013-03-27,10750.0,9250.0,9000.0,,,,
2013-04-03,10750.0,9000.0,8800.0,,,,
2013-04-10,10500.0,8900.0,8800.0,,,,
2013-04-17,10500.0,9000.0,8800.0,,,,
2013-04-24,10500.0,9000.0,9000.0,,,,
2013-05-01,10500.0,9000.0,9000.0,,,,
2013-05-08,10500.0,8750.0,9000.0,,,,
2013-05-09,11500.0,10500.0,12100.0,,,,
2013-05-15,10500.0,8800.0,8800.0,,,,
2013-05-22,10500.0,8200.0,8500.0,,,,
2013-05-29,10500.0,8000.0,8500.0,,,,
2013-06-05,10500.0,7750.0,8400.0,,,,
2013-06-12,10800.0,7750.0,8800.0,,,,
2013-06-19,11000.0,7750.0,8900.0,,,,
2013-06-26,12500.0,7750.0,9000.0,,,,
2013-07-03,12500.0,7800.0,9000.0,,,,
2013-07-10,13000.0,7900.0,9250.0,,,,
2013-07-17,13000.0,8000.0,10200.0,,,,
2013-07-24,13500.0,8000.0,10200.0,,,,
2013-07-31,13500.0,8000.0,10100.0,,,,
2013-08-07,13500.0,8500.0,10000.0,,,,
2013-08-14,15000.0,8750.0,10000.0,,,,
2013-08-21,16500.0,8750.0,9250.0,,,,
2013-08-28,17000.0,8700.0,9500.0,,,,
2013-09-04,18300.0,9400.0,9500.0,,,,
2013-09-11,22000.0,11000.0,9600.0,,,,
2013-09-18,22500.0,11200.0,9500.0,,,,
2013-09-25,22000.0,12800.0,10250.0,,,,
2013-10-02,20000.0,12000.0,11000.0,,,,
2013-10-09,19500.0,13500.0,11500.0,,,,
2013-10-16,20000.0,13250.0,11500.0,,,,
2013-10-23,18000.0,13000.0,11600.0,,,,
2013-10-30,16500.0,11900.0,11600.0,,,,
2013-11-06,17000.0,11750.0,11600.0,,,,
2013-11-13,17500.0,11500.0,12000.0,,,,
2013-11-20,17500.0,11300.0,12000.0,,,,
2013-11-27,17500.0,11750.0,12000.0,,,,
2013-12-04,20000.0,12300.0,12000.0,,,,
2013-12-11,20250.0,13500.0,12500.0,,,,
2013-12-18,19500.0,13250.0,12500.0,,,,
2013-12-25,19500.0,13250.0,,,,,
2013-12-27,19500.0,13250.0,12500.0,,,,
2014-01-01,19500.0,13000.0,,,,,
2014-01-02,20500.0,13000.0,12500.0,,,,
2014-01-08,19500.0,12500.0,12250.0,,,,
2014-01-15,19000.0,14000.0,12250.0,,,,
2014-01-22,20000.0,14000.0,11750.0,,,,
2014-01-29,22000.0,14000.0,12000.0,,,,
2014-02-05,22000.0,14000.0,11750.0,,,,
2014-02-12,22500.0,14000.0,11750.0,,,,
2014-02-19,23000.0,14000.0,12000.0,,,,
2014-02-26,24000.0,13900.0,12000.0,,,,
2014-03-05,31000.0,14000.0,12500.0,,,,
2014-03-12,27000.0,14000.0,12750.0,,,,
2014-03-19,28500.0,14000.0,13000.0,,,,
2014-03-26,27000.0,13600.0,12750.0,,,,
2014-04-02,25500.0,13000.0,12500.0,,,,
2014-04-09,24500.0,12900.0,12000.0,,,,
2014-04-16,23000.0,12900.0,12000.0,,,,
2014-04-23,25000.0,12750.0,12250.0,,,,
2014-04-30,24000.0,12750.0,12250.0,,,,
2014-05-07,24000.0,13000.0,12200.0,,,,
2014-05-14,23000.0,12500.0,13000.0,,,,
2014-05-21,22000.0,12500.0,13250.0,,,,
2014-05-28,22000.0,11500.0,13000.0,,,,
2014-06-04,23000.0,10700.0,13000.0,,,,
2014-06-11,22000.0,10250.0,12000.0,,,,
2014-06-18,20500.0,10000.0,11000.0,,,,
2014-06-25,20000.0,8750.0,10500.0,,,,
2014-07-02,19000.0,9000.0,10500.0,,,,
2014-07-09,19000.0,10000.0,11000.0,,,,
2014-07-16,18750.0,9500.0,10750.0,,,,
2014-07-23,18500.0,9400.0,10500.0,,,,
2014-07-30,18600.0,8500.0,10650.0,,,,
2014-08-06,18500.0,8500.0,10500.0,,,,
2014-08-13,21000.0,8500.0,11000.0,,,,
2014-08-20,21000.0,10000.0,11000.0,,,,
2014-08-27,20000.0,9500.0,11000.0,,,,
2014-09-03,20500.0,10000.0,11250.0,,,,
2014-09-10,21000.0,9900.0,11500.0,,,,
2014-09-17,18000.0,9750.0,11500.0,,,,
2014-09-24,18000.0,9500.0,11500.0,,,,
2014-10-01,17500.0,9000.0,11200.0,,,,
2014-10-08,16500.0,8800.0,11000.0,,,,
2014-10-15,15500.0,9000.0,10800.0,,,,
2014-10-22,18000.0,9750.0,10500.0,,,,
2014-10-29,18500.0,10250.0,10000.0,,,,
2014-11-05,17500.0,9250.0,9800.0,,,,
2014-11-12,17000.0,9000.0,9800.0,,,,
2014-11-19,16000.0,9000.0,9900.0,,,,
2014-11-26,16000.0,9200.0,10000.0,,,,
2014-12-03,14000.0,8800.0,10000.0,,,,
2014-12-10,13700.0,8800.0,9500.0,,,,
2014-12-17,12800.0,8500.0,9300.0,,,,
2014-12-24,11000.0,8000.0,,,,,
2014-12-31,10500.0,8650.0,,,,,
2015-01-07,11000.0,7250.0,9000.0,,,,
2015-01-14,11500.0,7500.0,8500.0,,,,
2015-01-21,13000.0,7250.0,8000.0,,,,
2015-01-28,12500.0,7250.0,7750.0,,,,
2015-02-04,11000.0,7100.0,7500.0,,,,
2015-02-11,11000.0,7200.0,7500.0,,,,
2015-02-18,10500.0,7250.0,7500.0,,,,
2015-02-25,9600.0,7300.0,7500.0,,,,
2015-03-04,9000.0,7100.0,8250.0,,,,
2015-03-11,9000.0,7000.0,8500.0,,,,
2015-03-18,9000.0,7250.0,8600.0,,,,
2015-03-25,9000.0,7250.0,8600.0,,,,
2015-04-01,8000.0,7250.0,,,,,
2015-04-08,9000.0,7000.0,8250.0,,,,
2015-04-15,9000.0,7000.0,8300.0,,,,
2015-04-22,9000.0,7000.0,8300.0,,,,
2015-04-29,8500.0,7000.0,8300.0,,,,
2015-05-06,8500.0,6700.0,8150.0,,,,
2015-05-13,9500.0,6500.0,8150.0,,,,
2015-05-20,9250.0,6250.0,8000.0,,,,
2015-05-27,9500.0,6250.0,8000.0,,,,
2015-06-03,9500.0,6750.0,8000.0,,,,
2015-06-10,9750.0,7000.0,8000.0,,,,
2015-06-17,12500.0,7500.0,8000.0,,,,
2015-06-24,13000.0,7000.0,8300.0,,,,
2015-07-01,12000.0,7500.0,8000.0,,,,
2015-07-08,12500.0,7250.0,8000.0,,,,
2015-07-15,13000.0,7500.0,8250.0,,,,
2015-07-22,14000.0,7750.0,8300.0,,,,
2015-07-29,15500.0,7500.0,8000.0,,,,
2015-08-05,16000.0,7600.0,8250.0,,,,
2015-08-12,14000.0,7750.0,8500.0,,,,
2015-08-19,13000.0,7750.0,8700.0,,,,
2015-08-26,12000.0,7750.0,8600.0,,,,
2015-09-02,11400.0,7500.0,8500.0,,,,
2015-09-09,11400.0,7250.0,8000.0,,,,
2015-09-16,11300.0,7400.0,7900.0,,,,
2015-09-23,11500.0,7300.0,7800.0,,,,
2015-09-30,12000.0,7200.0,7400.0,,,,
2015-10-07,11000.0,7500.0,7000.0,,,,
2015-10-14,11000.0,7500.0,6750.0,,,,
2015-10-21,11300.0,7250.0,6500.0,,,,
2015-10-28,10200.0,6900.0,6500.0,,,,
2015-11-04,10200.0,6800.0,6500.0,,,,
2015-11-11,9000.0,6500.0,6250.0,,,,
2015-11-18,8750.0,6250.0,5800.0,,,,
2015-11-25,7900.0,6000.0,5650.0,,,,
2015-12-02,6800.0,5500.0,5500.0,,,,
2015-12-09,6500.0,5000.0,5500.0,,,,
2015-12-16,6500.0,5500.0,5200.0,,,,
2015-12-23,6000.0,5500.0,,,,,
2015-12-30,6000.0,5500.0,,,,,
2016-01-06,7000.0,5500.0,5500.0,,,,
2016-01-13,6500.0,5000.0,5500.0,,,,
2016-01-20,5300.0,4750.0,5250.0,,,,
2016-01-27,5300.0,4700.0,5000.0,,,,
2016-02-03,5200.0,4250.0,4900.0,,,,
2016-02-10,5200.0,4300.0,4900.0,,,,
2016-02-17,5300.0,4400.0,5000.0,,,,
2016-02-24,5300.0,4500.0,5000.0,,,,
2016-03-02,5350.0,4550.0,5100.0,,,,
2016-03-09,5350.0,5200.0,5500.0,,,,
2016-03-16,5200.0,5100.0,5500.0,,,,
2016-03-23,4600.0,4950.0,,,,,
2016-03-30,5000.0,4850.0,5800.0,,,,
2016-04-06,6300.0,5000.0,5800.0,,,,
2016-04-13,6500.0,5750.0,6000.0,,,,
2016-04-20,8300.0,5500.0,6000.0,,,,
2016-04-27,8550.0,5600.0,6250.0,,,,
2016-05-04,7500.0,5500.0,6500.0,,,,
2016-05-11,6500.0,5300.0,6250.0,,,,
2016-05-18,7000.0,5750.0,6250.0,,,,
2016-05-25,6800.0,5400.0,6250.0,,,,
2016-06-01,7000.0,5250.0,6250.0,,,,
2016-06-08,7750.0,5200.0,5750.0,,,,
2016-06-15,7750.0,5250.0,5250.0,,,,
2016-06-22,7750.0,5400.0,5350.0,,,,
2016-06-29,7850.0,5400.0,5500.0,,,,
2016-07-06,7850.0,5750.0,6000.0,,,,
2016-07-13,8000.0,6000.0,6250.0,,,,
2016-07-20,8000.0,6200.0,6200.0,,,,
2016-07-27,7500.0,6000.0,6100.0,,,,
2016-08-03,7500.0,5800.0,6000.0,,,,
2016-08-10,7500.0,5800.0,6250.0,,,,
2016-08-17,7500.0,5750.0,6250.0,,,,
2016-08-24,7600.0,5600.0,6500.0,,,,
2016-08-31,7600.0,5500.0,6500.0,,,,
2016-09-07,8200.0,5600.0,6500.0,,,,
2016-09-14,8500.0,5600.0,6500.0,,,,
2016-09-21,10250.0,5850.0,6500.0,,,,
2016-09-28,10000.0,6000.0,6500.0,,,,
2016-10-05,9800.0,5800.0,6600.0,,,,
2016-10-12,9500.0,5900.0,6600.0,,,,
2016-10-19,8750.0,6250.0,6600.0,,,,
2016-10-26,8000.0,6200.0,6400.0,,,,
2016-11-02,8500.0,6500.0,6500.0,,,,
2016-11-09,9500.0,6500.0,6800.0,,,,
2016-11-16,11000.0,7250.0,6900.0,,,,
2016-11-23,11000.0,6750.0,6800.0,,,,
2016-11-30,11000.0,7000.0,7000.0,,,,
2016-12-07,10000.0,7750.0,7000.0,,,,
2016-12-14,9500.0,7500.0,7000.0,,,,
2016-12-21,9750.0,7000.0,6900.0,,,,
2016-12-28,8750.0,7100.0,,,,,
2017-01-04,10750.0,7250.0,6600.0,,,,
2017-01-11,10250.0,7750.0,6900.0,,,,
2017-01-18,11250.0,7250.0,6800.0,,,,
2017-01-25,10500.0,7400.0,6800.0,,,,
2017-02-01,11750.0,7250.0,6800.0,,,,
2017-02-08,10750.0,7500.0,6900.0,,,,
2017-02-15,10650.0,7800.0,7200.0,,,,
2017-02-22,12500.0,8000.0,7600.0,,,,
2017-03-01,12500.0,8900.0,8200.0,,,,
2017-03-08,13500.0,10000.0,8800.0,,,,
2017-03-15,14500.0,10000.0,9000.0,,,,
2017-03-22,15000.0,9500.0,9000.0,,,,
2017-03-29,16500.0,10400.0,9000.0,,,,
2017-04-05,15000.0,10500.0,9200.0,,,,
2017-04-12,12500.0,11250.0,,,,,
2017-04-19,14000.0,12400.0,9300.0,,,,
2017-04-26,14000.0,12000.0,9300.0,,,,
2017-05-03,14750.0,10250.0,8900.0,,,,
2017-05-10,14750.0,10000.0,8800.0,,,,
2017-05-16,15250.0,9500.0,8800.0,,,,
2017-05-17,13750.0,9500.0,,,,,
2017-05-24,14750.0,8500.0,8300.0,,,,
2017-05-31,14500.0,8250.0,8200.0,,,,
2017-06-07,14300.0,8250.0,8200.0,,,,
2017-06-14,14000.0,8250.0,8600.0,,,,
2017-06-21,13000.0,8750.0,8750.0,,,,
2017-06-28,13000.0,9000.0,8900.0,,,,
2017-07-05,12000.0,9000.0,9000.0,,,,
2017-07-10,,,,,40500.0,,
2017-07-12,12500.0,9000.0,9000.0,,,,
2017-07-19,13500.0,9750.0,9250.0,,,,
2017-07-26,14500.0,9500.0,8900.0,,,,
2017-08-02,15000.0,9500.0,8750.0,,,,
2017-08-09,15000.0,9250.0,8700.0,,,,
2017-08-16,16000.0,10000.0,8900.0,,,,
2017-08-23,15000.0,9800.0,9200.0,,,,
2017-08-30,14750.0,9800.0,9300.0,,,,
2017-09-06,15500.0,11500.0,9600.0,,,,
2017-09-13,15500.0,11750.0,10250.0,,,,
2017-09-20,17000.0,11900.0,10500.0,,,,
2017-09-27,16500.0,11500.0,10500.0,,,,
2017-10-04,16500.0,11000.0,10400.0,,,,
2017-10-11,17000.0,11500.0,10750.0,,,,
2017-10-18,17000.0,11500.0,10750.0,,,,
2017-10-25,17000.0,11250.0,10650.0,,,,
2017-11-01,16000.0,11500.0,10650.0,,,,
2017-11-08,16000.0,11250.0,10650.0,,,,
2017-11-15,16000.0,11000.0,9600.0,,,,
2017-11-22,16500.0,11000.0,9850.0,,,,
2017-11-29,17250.0,11000.0,10000.0,,,,
2017-12-06,17250.0,11500.0,10000.0,,,,
2017-12-13,17250.0,11600.0,10500.0,,,,
2017-12-20,16750.0,11250.0,10300.0,,,,
2018-01-03,17000.0,11250.0,10000.0,,,,
2018-01-10,19000.0,11250.0,11000.0,,,,
2018-01-17,18500.0,11250.0,11000.0,,,,
2018-01-24,19000.0,12000.0,11250.0,,,,
2018-01-31,18700.0,12000.0,11500.0,,,,
2018-02-07,19000.0,12000.0,11000.0,,,,
2018-02-14,19000.0,12000.0,11250.0,,,,
2018-02-21,19500.0,12100.0,11750.0,,,,
2018-02-28,19500.0,12750.0,12250.0,,26000.0,,
2018-03-07,19500.0,14000.0,12500.0,,26000.0,,
2018-03-14,19500.0,14000.0,12500.0,,26000.0,,
2018-03-21,19500.0,13750.0,13000.0,,25000.0,,
2018-03-29,,,,,25000.0,,
2018-04-04,18000.0,12000.0,12250.0,,25000.0,,
2018-04-11,18000.0,11750.0,12250.0,,,,
2018-04-18,18750.0,11750.0,12000.0,,,,
2018-04-25,19250.0,12500.0,12100.0,,24000.0,,
2018-05-02,18500.0,12500.0,12000.0,,23500.0,,
2018-05-09,20000.0,12750.0,12150.0,,23500.0,,
2018-05-16,20000.0,12750.0,12500.0,,23500.0,,
2018-05-23,18000.0,12750.0,12500.0,,23500.0,,
2018-05-30,17750.0,12500.0,12500.0,,23500.0,,
2018-06-06,18750.0,12750.0,12500.0,,23500.0,,
2018-06-13,19250.0,12750.0,12500.0,,24500.0,,
2018-06-20,19000.0,12500.0,12350.0,,24500.0,,
2018-06-27,19000.0,12400.0,12250.0,,25500.0,,
2018-07-04,19700.0,12400.0,11950.0,,25500.0,,
2018-07-11,19500.0,13000.0,11900.0,,25500.0,,
2018-07-18,21000.0,13000.0,12150.0,,,,
2018-07-25,21000.0,13500.0,12300.0,,,,
2018-08-01,22000.0,13000.0,12150.0,,26000.0,,
2018-08-08,22000.0,12250.0,11950.0,,,,
2018-08-15,22000.0,12500.0,12000.0,,26000.0,,
2018-08-18,,,,,25500.0,,
2018-08-22,21500.0,13500.0,12250.0,,26500.0,,
2018-08-29,21500.0,13250.0,12200.0,,27000.0,,
2018-09-05,21700.0,13250.0,12200.0,,27000.0,,
2018-09-12,21500.0,13300.0,12500.0,,27000.0,,
2018-09-19,21500.0,13000.0,12500.0,,27000.0,,
2018-09-26,22000.0,13500.0,12700.0,,27000.0,,
2018-10-03,22000.0,13250.0,12700.0,,27500.0,,
2018-10-10,21000.0,13500.0,13000.0,,27500.0,,
2018-10-17,21000.0,13750.0,12750.0,,,,
2018-10-24,20000.0,13500.0,12500.0,,30500.0,,
2018-10-30,,,,,34000.0,,
2018-10-31,20000.0,12750.0,12400.0,,,,
2018-11-07,17500.0,12500.0,12000.0,,34000.0,,
2018-11-14,15000.0,12000.0,12000.0,,34000.0,,
2018-11-21,15000.0,11750.0,12000.0,,35000.0,,
2018-11-28,17000.0,12000.0,11750.0,,35000.0,,
2018-12-05,17000.0,12000.0,11750.0,,36500.0,,
2018-12-12,15500.0,11750.0,11750.0,,36500.0,,
2018-12-19,15500.0,12000.0,11500.0,,36500.0,,
2019-01-02,17500.0,11750.0,12000.0,,36500.0,,
2019-01-06,,,,,32500.0,,
2019-01-09,18000.0,11700.0,11750.0,,36500.0,,
2019-01-16,18000.0,11500.0,11500.0,,36500.0,,
2019-01-23,16000.0,11250.0,11000.0,,36500.0,,
2019-01-30,16000.0,10500.0,11000.0,,36500.0,,
2019-02-04,15000.0,10000.0,,,,24000.0,18500.0
2019-02-11,13000.0,9500.0,10800.0,,,24000.0,18500.0
2019-02-13,,,,,32500.0,,
2019-02-18,11500.0,9500.0,11000.0,,,24000.0,18500.0
2019-02-20,,,,,32500.0,,
2019-02-25,11500.0,10000.0,11000.0,,,24000.0,18500.0
2019-02-27,,,,,32500.0,,
2019-03-04,11500.0,11000.0,11000.0,,,24000.0,18750.0
2019-03-06,,,,,32500.0,,
2019-03-11,11500.0,10600.0,10800.0,,,24000.0,18750.0
2019-03-13,,,,,32500.0,,
2019-03-18,11500.0,11000.0,11250.0,,,24000.0,18750.0
2019-03-20,,,,,32500.0,,
2019-03-25,13500.0,11000.0,10750.0,,,24000.0,19250.0
2019-03-27,,,,,35500.0,,
2019-04-01,14000.0,10250.0,10600.0,,,24000.0,19750.0
2019-04-03,,,,,34500.0,,
2019-04-08,14000.0,10000.0,10600.0,,,24000.0,20500.0
2019-04-10,,,,,34500.0,,
2019-04-15,14000.0,10000.0,10600.0,,,24000.0,20500.0
2019-04-17,,,,,36500.0,,
2019-04-22,15500.0,10500.0,10500.0,,,24000.0,20500.0
2019-04-24,,,,,36500.0,,
2019-04-29,15500.0,10500.0,10500.0,,,24000.0,20500.0
2019-05-06,15500.0,10500.0,10500.0,,,24000.0,20500.0
2019-05-08,,,,,36500.0,,
2019-05-13,15600.0,10500.0,10400.0,,,24000.0,21000.0
2019-05-15,,,,,36500.0,,
2019-05-20,15600.0,10500.0,10500.0,,,24000.0,21500.0
2019-05-22,,,,,40000.0,,
2019-05-27,16000.0,10500.0,10000.0,,,24000.0,21500.0
2019-05-29,,,,,40000.0,,
2019-06-03,16200.0,10500.0,10000.0,,,24000.0,21500.0
2019-06-05,,,,,40000.0,,
2019-06-10,16000.0,10000.0,9800.0,,,24000.0,21500.0
2019-06-12,,,,,40000.0,,
2019-06-17,16000.0,10000.0,9800.0,,,24000.0,21500.0
2019-06-19,,,,,40000.0,,
2019-06-24,16500.0,11000.0,9900.0,,,24000.0,21500.0
2019-06-26,,,,,40500.0,,
2019-07-01,18000.0,11500.0,10650.0,,,24000.0,21500.0
2019-07-03,,,,,40500.0,,
2019-07-08,18300.0,11500.0,10650.0,,,24000.0,21500.0
2019-07-15,19500.0,12000.0,10850.0,,,24000.0,21500.0
2019-07-17,,,,,40500.0,,
2019-07-22,19500.0,12000.0,10850.0,,,24000.0,21500.0
2019-07-25,,,,,40500.0,,
2019-07-29,19500.0,12000.0,10600.0,,,24500.0,21500.0
2019-07-31,,,,,40500.0,,
2019-08-05,18500.0,12000.0,10750.0,,,24500.0,21500.0
2019-08-07,,,,,40500.0,,
2019-08-12,19000.0,12750.0,11000.0,,,24500.0,21500.0
2019-08-14,,,,,40500.0,,
2019-08-19,19500.0,13000.0,11000.0,,,24500.0,21500.0
2019-08-21,,,,,40500.0,,
2019-08-26,20000.0,13000.0,11500.0,,,24500.0,21500.0
2019-08-28,,,,,40500.0,,
2019-09-02,22000.0,14000.0,11750.0,,,24500.0,21500.0
2019-09-04,,,,,40500.0,,
2019-09-09,20500.0,14000.0,11250.0,,,24500.0,21500.0
2019-09-11,,,,,40500.0,,
2019-09-16,20500.0,14000.0,11000.0,,,26000.0,21500.0
2019-09-18,,,,,44500.0,,
2019-09-23,20000.0,14000.0,11000.0,,,26000.0,21500.0
2019-09-30,19750.0,14000.0,11000.0,,,27500.0,22000.0
2019-10-02,,,,,47500.0,,
2019-10-07,20000.0,14000.0,11250.0,,,38000.0,26000.0
2019-10-09,,,,,57500.0,,
2019-10-14,19000.0,14000.0,11100.0,,,43000.0,26500.0
2019-10-16,,,,,60000.0,,
2019-10-21,18500.0,14000.0,11100.0,,,41000.0,26500.0
2019-10-23,,,,,60000.0,,
2019-10-28,19000.0,12500.0,10850.0,,,41000.0,26500.0
2019-10-30,,,,,60000.0,,
2019-11-04,17250.0,12000.0,10500.0,,,39000.0,26000.0
2019-11-11,17000.0,11000.0,10400.0,,,36000.0,26000.0
2019-11-13,,,,,52500.0,,
2019-11-18,16500.0,11000.0,10250.0,,,36000.0,26000.0
2019-11-20,,,,,52500.0,,
2019-11-25,16500.0,11000.0,10200.0,,,36000.0,26000.0
2019-11-27,,,,,52500.0,,
2019-12-02,18000.0,11000.0,10000.0,,,36000.0,26000.0
2019-12-04,,,,,52500.0,,
2019-12-09,17500.0,11000.0,10000.0,,,35500.0,26000.0
2019-12-12,,,,,52500.0,,
2019-12-16,16500.0,10500.0,9700.0,,,35500.0,27000.0
2019-12-18,,,,,52500.0,,
2019-12-30,16500.0,10500.0,9700.0,,,35500.0,27000.0
2020-01-06,14000.0,9000.0,9000.0,,,37500.0,27500.0
2020-01-09,,,,,52500.0,,
2020-01-13,14500.0,9500.0,9000.0,,,37500.0,27500.0
2020-01-15,,,,,52500.0,,
2020-01-20,14250.0,9250.0,9000.0,,,37500.0,28500.0
2020-01-22,,,,,62500.0,,
2020-01-27,14000.0,9000.0,9000.0,,,37500.0,28500.0
2020-01-29,,,,,60000.0,,
2020-02-03,14000.0,9000.0,9000.0,,,36000.0,27500.0
2020-02-05,,,,,57500.0,,
2020-02-10,13750.0,9000.0,9000.0,,,34500.0,26500.0
2020-02-12,,,,,57500.0,,
2020-02-17,14000.0,9250.0,9000.0,,,32000.0,24500.0
2020-02-19,,,,,52500.0,,
2020-02-24,13000.0,9500.0,9000.0,,,30000.0,23500.0
2020-02-26,,,,,50000.0,,
2020-03-02,13000.0,9500.0,9500.0,,,30000.0,23000.0
2020-03-04,,,,,50000.0,,
2020-03-09,12500.0,9750.0,9500.0,,,31000.0,23000.0
2020-03-11,,,,,54000.0,,
2020-03-16,11500.0,9500.0,9250.0,,,37000.0,29000.0
2020-03-18,,,,,59000.0,,
2020-03-23,11500.0,9250.0,9000.0,,,36000.0,29000.0
2020-03-25,,,,,65000.0,,
2020-03-30,12000.0,9000.0,8500.0,,,47500.0,33000.0
2020-04-01,,,,,85000.0,,
2020-04-06,12000.0,9000.0,8500.0,,,40000.0,33000.0
2020-04-08,,,,,75000.0,,
2020-04-13,12000.0,9000.0,8000.0,,,40000.0,32500.0
2020-04-15,,,,,77500.0,,
2020-04-20,11500.0,9000.0,7750.0,,,50000.0,32500.0
2020-04-22,,,,,95000.0,,
2020-04-27,11500.0,8750.0,8250.0,,,45000.0,34500.0
2020-04-29,,,,,90000.0,,
2020-05-04,11000.0,8500.0,8000.0,,,42500.0,33500.0
2020-05-06,,,,,82500.0,,
2020-05-11,10500.0,8000.0,8000.0,,,40000.0,32000.0
2020-05-13,,,,,80000.0,,
2020-05-18,11500.0,8000.0,8500.0,,,37500.0,27500.0
2020-05-20,,,,,77500.0,,
2020-05-25,11500.0,8250.0,8500.0,,,31500.0,26000.0
2020-05-27,,,,,77500.0,,
2020-06-01,12500.0,8500.0,8500.0,,,31500.0,25000.0
2020-06-03,,,,,67500.0,,
2020-06-07,,,,,65000.0,,
2020-06-08,13250.0,8600.0,8750.0,,,30000.0,23000.0
2020-06-10,,,,,65000.0,,
2020-06-15,16500.0,9000.0,9250.0,,,29000.0,21500.0
2020-06-22,16750.0,9250.0,9250.0,,,28000.0,20500.0
2020-06-24,,,,,57500.0,,
2020-06-29,16750.0,9250.0,9250.0,,,25000.0,19500.0
2020-07-01,,,,,45000.0,,
2020-07-06,16000.0,10500.0,9250.0,,,24500.0,19000.0
2020-07-08,,,,,45000.0,,
2020-07-13,15500.0,11000.0,9400.0,,,24500.0,19000.0
2020-07-15,,,,,44000.0,,
2020-07-20,14750.0,10500.0,9300.0,,,23000.0,19000.0
2020-07-22,,,,,44000.0,,
2020-07-27,15500.0,9750.0,9300.0,,,23000.0,19000.0
2020-07-29,,,,,44000.0,,
2020-08-03,15500.0,10000.0,9750.0,,,23000.0,18500.0
2020-08-05,,,,,40500.0,,
2020-08-10,16000.0,10500.0,9750.0,,,22500.0,18500.0
2020-08-12,,,,,39000.0,,
2020-08-17,15500.0,10000.0,9500.0,,,22500.0,18500.0
2020-08-19,,,,,39000.0,,
2020-08-24,15600.0,10500.0,9500.0,,,22500.0,19000.0
2020-08-26,,,,,39000.0,,
2020-08-31,15000.0,10500.0,9500.0,,,22000.0,19000.0
2020-09-07,14000.0,10000.0,8750.0,,,22500.0,19000.0
2020-09-09,,,,,34000.0,,
2020-09-14,14000.0,11250.0,9500.0,,,22500.0,19000.0
2020-09-16,,,,,36500.0,,
2020-09-21,14600.0,11250.0,9750.0,,,22000.0,19000.0
2020-09-23,,,,,36500.0,,
2020-09-28,15100.0,11500.0,9500.0,,,21500.0,19000.0
2020-09-30,,,,,36000.0,,
2020-10-05,16500.0,11250.0,9500.0,,,21500.0,18500.0
2020-10-07,,,,,36000.0,,
2020-10-12,16000.0,11000.0,9400.0,,,20000.0,18000.0
2020-10-14,,,,,35000.0,,
2020-10-19,15500.0,10750.0,9250.0,,,19500.0,17500.0
2020-10-21,,,,,34000.0,,
2020-10-26,16250.0,10750.0,9300.0,,,19000.0,17000.0
2020-10-28,,,,,34000.0,,
2020-11-02,15500.0,10250.0,9250.0,,,18500.0,17000.0
2020-11-04,,,,,34000.0,,
2020-11-09,14000.0,9900.0,8750.0,,,18000.0,16500.0
2020-11-11,,,,,34000.0,,
2020-11-16,14000.0,10000.0,8750.0,,,17500.0,16500.0
2020-11-18,,,,,34000.0,,
2020-11-23,14000.0,10250.0,8750.0,,,17500.0,16500.0
2020-11-25,,,,,34000.0,,
2020-11-30,13500.0,10000.0,9500.0,,,17500.0,16500.0
2020-12-02,,,,,33500.0,,
2020-12-07,13500.0,10150.0,9700.0,,,17500.0,16000.0
2020-12-09,,,,,30000.0,,
2020-12-14,14500.0,10150.0,9750.0,,,17500.0,16000.0
2020-12-16,,,,,30000.0,,
2020-12-21,15000.0,9500.0,9750.0,,,17500.0,16000.0
2020-12-23,,,,,30000.0,,
2020-12-28,15000.0,9500.0,9250.0,,,17500.0,16000.0
2020-12-30,,,,,30000.0,,
2021-01-04,15750.0,11000.0,9750.0,,,17500.0,16000.0
2021-01-06,,,,,30000.0,,
2021-01-11,16000.0,11100.0,10500.0,,,16500.0,15500.0
2021-01-13,,,,,30000.0,,
2021-01-18,16500.0,11750.0,10750.0,,,16000.0,15000.0
2021-01-20,,,,,29500.0,,
2021-01-25,15500.0,12000.0,11500.0,,,16000.0,15000.0
2021-01-27,,,,,29500.0,,
2021-02-01,14500.0,12000.0,11500.0,,,16000.0,15000.0
2021-02-03,,,,,29500.0,,
2021-02-08,14500.0,12750.0,11250.0,,,16000.0,15000.0
2021-02-10,,,,,29500.0,,
2021-02-15,19500.0,15000.0,13500.0,,,16000.0,15000.0
2021-02-17,,,,,29500.0,,
2021-02-22,17000.0,16250.0,14000.0,,,16000.0,15000.0
2021-02-24,,,,,29500.0,,
2021-03-01,18750.0,17500.0,14500.0,,,16500.0,15000.0
2021-03-03,,,,,29500.0,,
2021-03-08,20000.0,16500.0,15500.0,,,16500.0,15000.0
2021-03-10,,,,,29500.0,,
2021-03-15,22000.0,19500.0,15500.0,,,16500.0,15000.0
2021-03-17,,,,,29500.0,,
2021-03-22,22000.0,20000.0,15000.0,,,16500.0,16000.0
2021-03-24,,,,,30000.0,,
2021-03-29,22000.0,18000.0,14000.0,,,16500.0,16000.0
2021-03-31,,,,,30500.0,,
2021-04-05,23000.0,18000.0,14000.0,,,16500.0,16000.0
2021-04-07,,,,,30500.0,,
2021-04-12,23000.0,17000.0,15500.0,,,16500.0,16000.0
2021-04-14,,,,,31250.0,,
2021-04-19,24500.0,19000.0,15750.0,,,16000.0,16000.0
2021-04-21,,,,,31250.0,,
2021-04-26,27000.0,19000.0,16500.0,,,16000.0,16000.0
2021-04-28,,,,,31250.0,,
2021-05-03,30800.0,20000.0,16500.0,,,16000.0,16000.0
2021-05-05,,,,,31250.0,,
2021-05-10,28000.0,21000.0,16750.0,,,16500.0,16000.0
2021-05-12,,,,,30500.0,,
2021-05-17,28500.0,20500.0,18500.0,,,16500.0,16000.0
2021-05-19,,,,,30500.0,,
2021-05-24,25000.0,21000.0,18500.0,,,16500.0,16000.0
2021-05-26,,,,,30500.0,,
2021-05-31,25000.0,21750.0,19000.0,,,16500.0,16000.0
2021-06-02,,,,,30500.0,,
2021-06-07,27000.0,22250.0,22000.0,,,16500.0,16000.0
2021-06-09,,,,,30000.0,,
2021-06-14,30000.0,25000.0,24000.0,,,16500.0,16000.0
2021-06-21,29000.0,26000.0,24000.0,,,16500.0,16500.0
2021-06-23,,,,,29500.0,,
2021-06-28,28000.0,27000.0,26000.0,,,16500.0,16500.0
2021-06-30,,,,,29500.0,,
2021-07-05,29500.0,26000.0,23000.0,,,16500.0,16500.0
2021-07-12,29500.0,25000.0,21000.0,,,16500.0,15500.0
2021-07-14,,,,,28000.0,,
2021-07-19,27500.0,24750.0,22000.0,,,16500.0,15500.0
2021-07-21,,,,,25000.0,,
2021-07-26,27500.0,24250.0,22000.0,,,16500.0,15500.0
2021-07-28,,,,,25000.0,,
2021-08-02,30000.0,24250.0,25000.0,,,16500.0,15500.0
2021-08-04,,,,,25000.0,,
2021-08-09,30000.0,24750.0,26000.0,,,16500.0,15500.0
2021-08-11,,,,,25000.0,,
2021-08-16,30250.0,25750.0,28000.0,,,16500.0,15500.0
2021-08-18,,,,,24000.0,,
2021-08-23,31000.0,26250.0,28000.0,,,16500.0,15500.0
2021-08-25,,,,,24000.0,,
2021-08-30,29750.0,26050.0,29000.0,,,16500.0,15500.0
2021-09-06,27500.0,26000.0,27500.0,,,16000.0,15500.0
2021-09-13,27500.0,28000.0,29000.0,,,16000.0,15500.0
2021-09-15,,,,,24000.0,,
2021-09-20,30000.0,27000.0,29000.0,,,16000.0,15500.0
2021-09-22,,,,,24000.0,,
2021-09-27,33000.0,28000.0,28500.0,,,16000.0,15500.0
2021-09-29,,,,,25000.0,,
2021-10-04,33000.0,29500.0,28000.0,,,16000.0,16000.0
2021-10-06,,,,,26500.0,,
2021-10-11,32000.0,29500.0,30000.0,,,16500.0,17000.0
2021-10-13,,,,,27500.0,,
2021-10-18,31000.0,29600.0,30000.0,,,17000.0,20000.0
2021-10-20,,,,,28000.0,,
2021-10-25,28750.0,27500.0,25000.0,,,18500.0,20000.0
2021-10-27,,,,,29000.0,,
2021-11-01,22500.0,22000.0,19000.0,,,18500.0,20000.0
2021-11-02,,,,,29000.0,,
2021-11-08,23000.0,20500.0,19000.0,,,19000.0,20000.0
2021-11-10,,,,,28000.0,,
2021-11-15,20750.0,17500.0,18000.0,,,19000.0,20000.0
2021-11-17,,,,,28000.0,,
2021-11-22,22000.0,19000.0,19000.0,,,19000.0,19000.0
2021-11-24,,,,,28000.0,,
2021-11-29,22000.0,20000.0,21000.0,,,18500.0,19000.0
2021-12-01,,,,,28000.0,,
2021-12-06,24500.0,20500.0,21500.0,,,18500.0,19000.0
2021-12-13,22000.0,20000.0,21500.0,,,18000.0,19000.0
2021-12-15,,,,,28000.0,,
2021-12-20,23000.0,20000.0,22000.0,,,17500.0,19000.0
2021-12-22,,,,,26000.0,,
2021-12-27,21500.0,20000.0,22500.0,,,17500.0,19000.0
2022-01-03,21250.0,21000.0,22500.0,,,17500.0,19000.0
2022-01-10,22500.0,20000.0,22500.0,,,17000.0,19000.0
2022-01-12,,,,,26000.0,,
2022-01-17,23500.0,20000.0,20000.0,,,16500.0,18000.0
2022-01-19,,,,,25000.0,,
2022-01-24,23000.0,20000.0,20500.0,,,16500.0,18000.0
2022-01-26,,,,,25000.0,,
2022-01-31,23000.0,19000.0,22000.0,,,16500.0,18000.0
2022-02-07,26000.0,19500.0,26000.0,,,15500.0,18000.0
2022-02-09,,,,,23000.0,,
2022-02-14,24500.0,23500.0,25000.0,,,15000.0,18000.0
2022-02-16,,,,,23000.0,,
2022-02-21,27000.0,25500.0,28000.0,,,15000.0,19000.0
2022-02-23,,,,,23000.0,,
2022-02-28,29000.0,25500.0,28000.0,,,15500.0,19000.0
2022-03-02,,,,,24000.0,,
2022-03-07,29500.0,27500.0,29500.0,,,15500.0,23000.0
2022-03-09,,,,,24000.0,,
2022-03-14,29500.0,25500.0,28500.0,,,16000.0,20000.0
2022-03-16,,,,,24000.0,,
2022-03-21,29000.0,28500.0,29000.0,,,15500.0,19500.0
2022-03-23,,,,,23000.0,,
2022-03-28,28500.0,27000.0,27500.0,,,15500.0,19500.0
2022-03-30,,,,,23000.0,,
2022-04-04,27000.0,26000.0,27000.0,,,25000.0,23000.0
2022-04-06,,,,,26000.0,,
2022-04-11,27000.0,26000.0,26000.0,,,25000.0,24000.0
2022-04-13,,,,,26000.0,,
2022-04-18,26250.0,25000.0,27500.0,,,25000.0,24000.0
2022-04-20,,,,,26000.0,,
2022-04-25,28000.0,26500.0,28000.0,,,24000.0,24000.0
2022-04-27,,,,,26000.0,,
2022-05-02,29500.0,25000.0,28500.0,,,23000.0,25000.0
2022-05-05,,,,,24500.0,,
2022-05-09,32000.0,23000.0,27000.0,,,20000.0,25000.0
2022-05-11,,,,,24500.0,,
2022-05-16,34000.0,24000.0,27000.0,,,19000.0,23500.0
2022-05-18,,,,,24000.0,,
2022-05-23,30000.0,24500.0,26500.0,,,19000.0,23500.0
2022-05-25,,,,,24000.0,,
2022-05-30,29000.0,23500.0,25500.0,,,19000.0,23500.0
2022-06-01,,,,,24000.0,,
2022-06-06,27250.0,23000.0,26500.0,,,19000.0,23500.0
2022-06-08,,,,,24000.0,,
2022-06-13,27500.0,22000.0,24500.0,,,19000.0,23500.0
2022-06-15,,,,,24000.0,,
2022-06-20,22500.0,23500.0,23500.0,,,19000.0,23500.0
2022-06-22,,,,,24000.0,,
2022-06-27,21000.0,22000.0,21500.0,,,19000.0,23500.0
2022-06-29,,,,,26000.0,,
2022-07-04,21000.0,20000.0,21000.0,,,19500.0,23500.0
2022-07-11,21500.0,18000.0,20000.0,,,20500.0,23500.0
2022-07-13,,,,,27000.0,,
2022-07-18,21000.0,19000.0,18000.0,,,22500.0,23500.0
2022-07-20,,,,,27500.0,,
2022-07-25,19500.0,18500.0,17000.0,,,22500.0,23500.0
2022-07-27,,,,,28500.0,,
2022-08-01,18000.0,18500.0,16500.0,,,25000.0,30000.0
2022-08-03,,,,,29000.0,,
2022-08-08,17250.0,17500.0,16500.0,,,26500.0,31500.0
2022-08-10,,,,,29000.0,,
2022-08-15,17250.0,17500.0,16500.0,,,26500.0,31500.0
2022-08-17,,,,,31000.0,,
2022-08-22,13500.0,15500.0,16500.0,,,27500.0,31500.0
2022-08-24,,,,,32000.0,,
2022-08-29,13000.0,14500.0,14500.0,,,30000.0,33000.0
2022-09-05,13000.0,15000.0,14000.0,,,29000.0,34000.0
2022-09-07,,,,,38000.0,,
2022-09-12,14500.0,16000.0,14500.0,,,31000.0,34000.0
2022-09-14,,,,,40000.0,,
2022-09-19,15500.0,16000.0,15000.0,,,32000.0,34000.0
2022-09-21,,,,,55000.0,,
2022-09-26,15250.0,16500.0,15000.0,,,32000.0,34000.0
2022-09-28,,,,,52500.0,,
2022-10-03,15750.0,15500.0,14500.0,,,32000.0,34000.0
2022-10-05,,,,,50000.0,,
2022-10-10,14250.0,16000.0,14500.0,,,32500.0,34000.0
2022-10-12,,,,,50000.0,,
2022-10-17,14000.0,16750.0,14500.0,,,32500.0,35000.0
2022-10-19,,,,,51500.0,,
2022-10-24,13500.0,16750.0,14500.0,,,33500.0,35000.0
2022-10-26,,,,,51500.0,,
2022-10-31,13000.0,16750.0,14500.0,,,34500.0,35000.0
2022-11-02,,,,,53000.0,,
2022-11-07,14000.0,15500.0,12500.0,,,34500.0,36000.0
2022-11-09,,,,,55000.0,,
2022-11-14,13250.0,15500.0,12500.0,,,38500.0,37000.0
2022-11-16,,,,,56500.0,,
2022-11-21,13000.0,14500.0,11000.0,,,39500.0,39000.0
2022-11-23,,,,,55500.0,,
2022-11-28,12500.0,14500.0,11000.0,,,40500.0,43000.0
2022-11-30,,,,,54000.0,,
2022-12-05,13000.0,14500.0,11000.0,,,40500.0,43000.0
2022-12-07,,,,,51500.0,,
2022-12-12,14500.0,14500.0,12000.0,,,40500.0,43000.0
2022-12-14,,,,,50000.0,,
2022-12-19,14500.0,14000.0,12500.0,,,40500.0,43000.0
2022-12-21,,,,,49000.0,,
2022-12-26,14500.0,14000.0,12500.0,,,40500.0,43000.0
2023-01-02,14500.0,12500.0,12500.0,,,39500.0,43000.0
2023-01-04,,,,,45000.0,,
2023-01-09,14750.0,13500.0,11000.0,,,38500.0,43000.0
2023-01-11,,,,,44000.0,,
2023-01-16,15500.0,15500.0,11000.0,,,38500.0,41500.0
2023-01-18,,,,,43000.0,,
2023-01-23,16000.0,15500.0,11500.0,,,38500.0,41500.0
2023-01-25,,,,,43000.0,,
2023-01-30,16000.0,15500.0,12500.0,,,38500.0,40500.0
2023-02-01,,,,,43500.0,,
2023-02-06,16000.0,15500.0,12500.0,,,39500.0,40500.0
2023-02-08,,,,,44000.0,,
2023-02-13,15500.0,15000.0,12500.0,,,40500.0,40500.0
2023-02-15,,,,,45000.0,,
2023-02-20,16500.0,15500.0,13500.0,,,41000.0,40500.0
2023-02-22,,,,,45000.0,,
2023-02-27,18250.0,15500.0,13500.0,,,41000.0,40500.0
2023-03-01,,,,,45000.0,,
2023-03-06,19250.0,15500.0,15500.0,,,41000.0,42000.0
2023-03-08,,,,,45500.0,,
2023-03-13,20000.0,17500.0,15500.0,,,41000.0,42000.0
2023-03-15,,,,,46000.0,,
2023-03-20,20750.0,17000.0,14500.0,,,41000.0,43000.0
2023-03-22,,,,,46000.0,,
2023-03-27,,,15500.0,,,42000.0,44000.0
2023-03-29,,,,,45500.0,,
2023-04-03,21750.0,17000.0,15500.0,,,42000.0,44000.0
2023-04-05,,,,,44500.0,,
2023-04-10,21500.0,17000.0,14750.0,,,41000.0,44000.0
2023-04-12,,,,,44500.0,,
2023-04-17,21500.0,17000.0,16000.0,,,41000.0,44000.0
2023-04-19,,,,,44500.0,,
2023-04-24,21500.0,17000.0,16000.0,,,,
2023-04-26,,,,,44500.0,40000.0,44000.0
2023-05-03,,,,,43000.0,39000.0,44000.0
2023-05-10,21500.0,16000.0,14500.0,,42000.0,37500.0,44000.0
2023-05-17,,,,,42500.0,,
2023-05-24,20000.0,14500.0,12500.0,,42500.0,39000.0,43000.0
2023-05-31,17000.0,13000.0,11500.0,,42000.0,38000.0,43000.0
2023-06-07,18000.0,14000.0,,,,37000.0,
2023-06-08,,,,,43500.0,,
2023-06-14,,,12000.0,,45500.0,37000.0,45000.0
2023-06-21,18000.0,13000.0,12000.0,,45500.0,37000.0,46000.0
2023-06-28,15000.0,13000.0,11500.0,,44500.0,39000.0,46000.0
2023-07-05,15000.0,,10000.0,,44500.0,,45000.0
2023-07-12,15000.0,13000.0,10500.0,,44500.0,39000.0,45000.0
2023-07-19,14500.0,12000.0,,,44500.0,38000.0,
2023-07-26,,,,,,38000.0,43000.0
2023-08-02,14500.0,11500.0,10500.0,,44500.0,36000.0,43000.0
2023-08-09,14500.0,12000.0,10500.0,,44500.0,36000.0,42000.0
2023-08-16,14700.0,12500.0,11750.0,,44500.0,36000.0,40000.0
2023-08-23,14200.0,12200.0,11000.0,,44500.0,36000.0,38500.0
2023-08-30,13900.0,12600.0,11000.0,,44500.0,36000.0,38500.0
2023-09-06,13850.0,,11000.0,,,,
2023-09-13,14450.0,12350.0,11750.0,,44500.0,36000.0,38500.0
2023-09-20,15420.0,12400.0,12500.0,,44500.0,37000.0,
2023-09-27,15500.0,12400.0,12000.0,,44500.0,37000.0,37500.0
2023-10-04,15700.0,12800.0,12000.0,,44500.0,36500.0,
2023-10-11,15600.0,12450.0,11500.0,,47500.0,36500.0,37500.0
2023-10-18,16500.0,12650.0,12000.0,11000.0,47500.0,37500.0,38000.0
2023-10-25,15000.0,12300.0,11000.0,10500.0,47500.0,38500.0,
2023-11-01,13500.0,12150.0,10750.0,10250.0,47500.0,40000.0,39000.0
2023-11-08,14200.0,12350.0,10750.0,10250.0,47500.0,40000.0,39000.0
2023-11-15,14900.0,12300.0,11250.0,12000.0,,40000.0,39000.0
2023-11-22,15500.0,12700.0,12000.0,11000.0,,40000.0,39000.0
2023-11-23,,,,,47500.0,,
2023-11-29,17650.0,14250.0,13000.0,12000.0,47500.0,40000.0,39000.0
2023-12-06,17600.0,14200.0,13000.0,12000.0,48000.0,42500.0,39000.0
2023-12-13,18100.0,14500.0,12750.0,11000.0,47500.0,42500.0,39000.0
2023-12-20,18400.0,14400.0,12750.0,11000.0,47500.0,42500.0,39000.0
2023-12-27,16800.0,14200.0,12500.0,11000.0,,42500.0,39000.0
2024-01-03,19500.0,14200.0,13250.0,12500.0,47500.0,42500.0,39000.0
2024-01-10,18400.0,13500.0,12750.0,12500.0,47000.0,42500.0,39000.0
2024-01-17,18370.0,13200.0,13500.0,12500.0,47000.0,43000.0,41500.0
2024-01-24,19300.0,13500.0,14500.0,12500.0,47000.0,43000.0,41500.0
2024-01-31,20000.0,14500.0,14500.0,13500.0,46500.0,43000.0,41500.0
2024-02-07,23280.0,15500.0,14500.0,13500.0,46500.0,44000.0,42000.0
2024-02-14,22850.0,15750.0,14500.0,13500.0,48500.0,44000.0,42000.0
2024-02-21,22900.0,16550.0,14750.0,13500.0,48000.0,44000.0,42000.0
2024-02-28,26500.0,16850.0,16000.0,12500.0,47000.0,44000.0,42000.0
2024-03-06,26940.0,17500.0,15000.0,14000.0,48000.0,44000.0,42000.0
2024-03-13,28880.0,18500.0,15500.0,14000.0,48000.0,44000.0,42500.0
2024-03-20,25450.0,18500.0,15000.0,14000.0,49000.0,44000.0,42000.0
2024-03-27,,,,,,,42000.0
2024-04-03,22500.0,16000.0,14000.0,13000.0,49000.0,42000.0,42000.0
2024-04-10,23460.0,15000.0,,,49000.0,42000.0,42500.0
2024-04-17,24250.0,16500.0,15000.0,14000.0,50000.0,41000.0,42500.0
2024-04-24,24050.0,16500.0,15750.0,14000.0,49000.0,41000.0,42500.0
2024-05-01,,,,,49000.0,41000.0,42500.0
2024-05-08,26800.0,17550.0,16500.0,14000.0,49000.0,42500.0,42500.0
2024-05-15,23500.0,17500.0,16500.0,14000.0,49000.0,42500.0,42500.0
2024-05-22,23300.0,17400.0,15500.0,13000.0,49500.0,43000.0,42500.0
2024-05-29,22700.0,16900.0,16000.0,12500.0,49500.0,43000.0,42500.0
2024-06-05,22800.0,16900.0,15000.0,12000.0,49500.0,43000.0,42500.0
2024-06-12,22950.0,17000.0,14750.0,13000.0,48500.0,42000.0,43500.0
2024-06-19,23450.0,16700.0,15000.0,13000.0,48500.0,42000.0,43500.0
2024-06-26,22050.0,16700.0,15000.0,14000.0,48500.0,42000.0,43500.0
2024-07-03,22600.0,16400.0,15500.0,13000.0,48000.0,41000.0,43500.0
2024-07-10,24100.0,16500.0,16000.0,12500.0,48000.0,41000.0,43500.0
2024-07-17,24300.0,16950.0,16000.0,12500.0,48000.0,41000.0,43500.0
2024-07-24,24200.0,17000.0,16000.0,12500.0,48000.0,41000.0,42500.0
2024-07-31,22700.0,16700.0,16000.0,12500.0,48000.0,41000.0,43500.0
2024-08-07,23250.0,16150.0,15500.0,13500.0,48000.0,40000.0,43500.0
2024-08-14,23400.0,16000.0,15000.0,13250.0,48000.0,40000.0,43000.0
2024-08-21,23150.0,16000.0,16000.0,13000.0,48500.0,41000.0,43000.0
2024-08-28,23500.0,15250.0,14000.0,,,,43000.0
2024-09-04,23655.0,15300.0,15500.0,12000.0,,41000.0,43000.0
2024-09-11,23400.0,15400.0,14500.0,12000.0,,41000.0,43000.0
2024-09-18,23250.0,15550.0,14500.0,12000.0,49500.0,41000.0,43000.0
2024-09-25,23750.0,15550.0,15000.0,12500.0,49000.0,40000.0,43000.0
2024-10-02,23600.0,15250.0,15000.0,12000.0,49000.0,40000.0,42500.0
2024-10-09,21850.0,15250.0,15000.0,12000.0,49000.0,40000.0,42500.0
2024-10-16,21750.0,11800.0,15000.0,11000.0,50000.0,40000.0,42500.0
2024-10-23,19330.0,11650.0,15000.0,12000.0,50000.0,40000.0,41500.0
2024-10-30,18370.0,11800.0,15000.0,12000.0,50000.0,40000.0,41500.0
2024-11-06,19970.0,11300.0,13750.0,12000.0,48000.0,40000.0,41000.0
2024-11-13,21550.0,11800.0,13000.0,11000.0,48000.0,40000.0,41000.0
2024-11-20,19500.0,9800.0,12000.0,11500.0,48000.0,40000.0,41000.0
2024-11-27,19475.0,10650.0,13000.0,10500.0,47000.0,39000.0,40000.0
2024-12-04,17650.0,10400.0,12000.0,11000.0,,39000.0,37500.0
2024-12-11,17000.0,10400.0,12000.0,11000.0,46000.0,39000.0,36500.0
2024-12-18,17115.0,10200.0,12000.0,10500.0,45000.0,36500.0,36000.0
2025-01-08,17750.0,10250.0,11000.0,10500.0,45000.0,39500.0,32000.0
2025-01-15,16390.0,10150.0,11000.0,10000.0,55000.0,40000.0,32000.0
2025-01-22,15240.0,10000.0,10500.0,9500.0,53500.0,38000.0,32000.0
2025-01-29,15035.0,9750.0,11000.0,10000.0,52500.0,38000.0,32000.0
2025-02-05,17100.0,12500.0,11000.0,10000.0,52500.0,38000.0,32000.0
2025-02-12,17215.0,11500.0,12000.0,10000.0,51500.0,38000.0,31000.0
2025-02-19,18355.0,12150.0,12000.0,11000.0,51500.0,37500.0,31000.0
2025-02-26,20910.0,11950.0,12000.0,11000.0,,35000.0,31000.0
2025-03-05,21275.0,11750.0,12000.0,11000.0,50500.0,36500.0,30000.0
2025-03-12,22406.0,12250.0,12000.0,11000.0,,37000.0,30000.0
2025-03-19,21190.0,12000.0,12000.0,11000.0,50500.0,37000.0,30000.0
2025-03-26,22620.0,12250.0,12000.0,12000.0,50500.0,38000.0,30000.0
2025-04-02,21800.0,12250.0,12000.0,11500.0,,36000.0,30000.0
2025-04-09,17850.0,10000.0,12000.0,11000.0,49500.0,38000.0,29500.0
2025-04-16,,,,,49500.0,38000.0,29500.0
2025-04-23,19030.0,11500.0,11250.0,11000.0,49500.0,38000.0,29500.0
2025-04-30,21075.0,11250.0,11000.0,10000.0,,36000.0,29500.0
2025-05-07,19300.0,11250.0,11000.0,10000.0,50000.0,37500.0,28500.0
2025-05-14,18800.0,10900.0,11500.0,10000.0,,37500.0,28500.0
2025-05-21,18450.0,11000.0,11500.0,11000.0,50000.0,37500.0,28500.0
2025-05-28,16900.0,10750.0,11500.0,10500.0,49500.0,37000.0,28500.0
2025-06-04,18450.0,10950.0,11500.0,10500.0,49000.0,37000.0,28500.0
2025-06-11,19000.0,11000.0,11000.0,10500.0,49000.0,37000.0,28500.0
2025-06-18,19500.0,11250.0,12500.0,11000.0,49000.0,36500.0,28500.0
2025-06-25,17550.0,11400.0,12000.0,11000.0,49000.0,36500.0,28500.0
2025-07-02,18250.0,11500.0,12500.0,11000.0,50500.0,36500.0,28500.0
2025-07-09,18750.0,13000.0,12500.0,11000.0,50500.0,35000.0,28000.0
2025-07-16,20000.0,14500.0,13250.0,11000.0,49000.0,35000.0,28000.0
2025-07-23,22100.0,14000.0,13050.0,11000.0,48000.0,35000.0,28000.0
2025-07-30,21050.0,13000.0,13000.0,11000.0,46500.0,35000.0,28000.0
2025-08-06,22300.0,13250.0,13000.0,11000.0,46500.0,35000.0,28000.0
2025-08-13,22900.0,13250.0,13000.0,11000.0,46500.0,35000.0,28000.0
2025-08-20,21400.0,13250.0,13500.0,11000.0,44000.0,36000.0,28000.0
2025-08-27,22340.0,14000.0,14500.0,12000.0,46500.0,37500.0,28000.0
2025-09-03,22250.0,13700.0,14500.0,12000.0,47500.0,38500.0,28000.0
2025-09-10,22430.0,14500.0,14500.0,12000.0,48500.0,38500.0,28000.0
2025-09-17,22500.0,14150.0,,,52000.0,43000.0,28000.0
2025-09-24,23200.0,14450.0,14500.0,12000.0,52000.0,43000.0,29000.0
2025-10-01,21923.0,14250.0,13500.0,12000.0,51500.0,40000.0,29000.0
2025-10-08,22635.0,14550.0,14000.0,12000.0,51500.0,42000.0,30000.0
2025-10-15,22500.0,14150.0,14500.0,12000.0,51500.0,44500.0,33000.0
2025-10-22,22930.0,14400.0,14500.0,12000.0,51500.0,44500.0,33000.0
2025-10-29,22200.0,14150.0,14000.0,12000.0,54000.0,46000.0,33500.0
2025-11-05,22200.0,14400.0,14000.0,12000.0,55000.0,46000.0,32000.0
2025-11-12,22660.0,14500.0,14500.0,12000.0,56000.0,46500.0,32000.0
2025-11-19,23415.0,14750.0,14500.0,12000.0,57000.0,46500.0,32000.0
2025-11-26,23640.0,15000.0,14500.0,12000.0,60500.0,47000.0,34000.0
2025-12-03,24610.0,15500.0,14500.0,12000.0,60500.0,47000.0,34000.0
2025-12-10,23500.0,13500.0,13750.0,12500.0,60500.0,47000.0,34000.0
2025-12-17,23500.0,13650.0,13750.0,12500.0,60500.0,47000.0,34000.0
2025-12-31,23500.0,13250.0,13000.0,11500.0,55000.0,47000.0,34000.0
2026-01-07,27327.0,13250.0,13250.0,11750.0,52500.0,45500.0,34000.0
2026-01-14,23875.0,13300.0,12550.0,12050.0,65000.0,46000.0,40000.0
2026-01-21,26504.0,13550.0,13700.0,12600.0,70000.0,47000.0,40000.0
2026-01-28,31809.0,15000.0,14000.0,12600.0,70000.0,48000.0,42000.0
2026-02-04,30729.0,14800.0,14000.0,12000.0,76000.0,52000.0,44000.0
2026-02-11,31638.0,15000.0,15000.0,12000.0,86000.0,53000.0,44000.0
2026-02-18,32272.0,15250.0,15000.0,12000.0,92000.0,56000.0,44000.0
2026-02-25,33123.0,16000.0,15500.0,13500.0,110000.0,58000.0,45000.0
2026-03-04,33150.0,16600.0,16000.0,14750.0,135000.0,85000.0,67500.0
2026-03-11,28904.0,16150.0,16000.0,13250.0,110000.0,75000.0,61000.0
2026-03-18,29479.0,15500.0,16250.0,13750.0,100000.0,70000.0,61000.0
2026-03-25,28490.0,17000.0,16000.0,13500.0,100000.0,72500.0,65000.0
2026-04-01,28774.0,17000.0,16200.0,12800.0,100000.0,75000.0,70000.0
2026-04-08,30136.0,17500.0,15500.0,13250.0,100000.0,75000.0,70000.0
2026-04-15,32598.0,17800.0,16500.0,13250.0,100000.0,72500.0,70000.0
2026-04-22,32260.0,17500.0,16500.0,13050.0,110000.0,72500.0,70000.0
2026-04-29,31617.0,17700.0,16000.0,13600.0,110000.0,70000.0,68000.0
2026-05-06,33398.0,19250.0,17000.0,13500.0,100000.0,70000.0,65000.0
2026-05-13,34543.0,19500.0,17000.0,13500.0,115000.0,68000.0,65000.0
2026-05-20,33543.0,19300.0,16750.0,13350.0,115000.0,65000.0,60000.0
2026-05-27,33363.0,19300.0,16250.0,13850.0,115000.0,65000.0,56000.0
2026-06-03,33383.0,19000.0,17600.0,13500.0,115000.0,63000.0,54000.0
2026-06-10,32322.0,18750.0,18000.0,13500.0,112500.0,67000.0,54000.0
2026-06-17,32630.0,18000.0,18000.0,13500.0,115000.0,67000.0,54000.0
2026-06-24,32528.0,18000.0,17750.0,13500.0,115000.0,67000.0,52500.0
2026-07-01,33625.0,17000.0,16500.0,12500.0,105000.0,67000.0,52500.0
2026-07-08,34688.0,17000.0,17750.0,14600.0,115000.0,67000.0,52500.0
2026-07-15,34785.0,17750.0,17700.0,14750.0,120000.0,67000.0,52500.0
2026-07-22,34520.0,18000.0,17000.0,13750.0,115000.0,69500.0,52500.0
2026-07-29,34660.0,17000.0,16500.0,14500.0,115000.0,69500.0,52500.0
2026-08-05,36824.0,18000.0,17000.0,14500.0,117000.0,72500.0,53500.0
2026-08-12,35877.0,18500.0,17200.0,14500.0,117000.0,75000.0,53500.0
2026-08-19,37116.0,17000.0,17000.0,14500.0,120000.0,77500.0,53500.0
2026-08-26,40029.0,18500.0,17000.0,14500.0,120000.0,77500.0,58500.0
2026-09-02,41883.0,20000.0,17750.0,14500.0,130000.0,82500.0,58500.0
