date,quarter,commodity,export_volume_mt,export_value_aud_b,primary_vessel_class,provenance
1990-03-01,1990 Q1,Bauxite,1.508,0.04,Capesize / Ultramax,live_disr_jun2026+cache
1990-03-01,1990 Q1,Iron Ore,20.991,0.457,Capesize (C5/C3),live_disr_jun2026+cache
1990-03-01,1990 Q1,LNG,0.63,0.111,LNG Carrier (174k),live_disr_jun2026+cache
1990-03-01,1990 Q1,Metallurgical Coal,14.755,0.902,Panamax / Capesize,live_disr_jun2026+cache
1990-03-01,1990 Q1,Thermal Coal,11.331,0.556,Panamax / Supramax,live_disr_jun2026+cache
1990-06-01,1990 Q2,Bauxite,1.508,0.04,Capesize / Ultramax,live_disr_jun2026+cache
1990-06-01,1990 Q2,Iron Ore,24.876,0.597,Capesize (C5/C3),live_disr_jun2026+cache
1990-06-01,1990 Q2,LNG,0.63,0.115,LNG Carrier (174k),live_disr_jun2026+cache
1990-06-01,1990 Q2,Metallurgical Coal,16.028,0.989,Panamax / Capesize,live_disr_jun2026+cache
1990-06-01,1990 Q2,Thermal Coal,11.051,0.553,Panamax / Supramax,live_disr_jun2026+cache
1990-09-01,1990 Q3,Bauxite,2.057,0.04,Capesize / Ultramax,live_disr_jun2026+cache
1990-09-01,1990 Q3,Iron Ore,26.415,0.624,Capesize (C5/C3),live_disr_jun2026+cache
1990-09-01,1990 Q3,LNG,0.75,0.106,LNG Carrier (174k),live_disr_jun2026+cache
1990-09-01,1990 Q3,Metallurgical Coal,13.939,0.836,Panamax / Capesize,live_disr_jun2026+cache
1990-09-01,1990 Q3,Thermal Coal,13.082,0.63,Panamax / Supramax,live_disr_jun2026+cache
1990-12-01,1990 Q4,Bauxite,2.057,0.04,Capesize / Ultramax,live_disr_jun2026+cache
1990-12-01,1990 Q4,Iron Ore,23.646,0.581,Capesize (C5/C3),live_disr_jun2026+cache
1990-12-01,1990 Q4,LNG,0.81,0.172,LNG Carrier (174k),live_disr_jun2026+cache
1990-12-01,1990 Q4,Metallurgical Coal,13.977,0.873,Panamax / Capesize,live_disr_jun2026+cache
1990-12-01,1990 Q4,Thermal Coal,12.052,0.602,Panamax / Supramax,live_disr_jun2026+cache
1991-03-01,1991 Q1,Bauxite,1.435,0.035,Capesize / Ultramax,live_disr_jun2026+cache
1991-03-01,1991 Q1,Iron Ore,25.817,0.646,Capesize (C5/C3),live_disr_jun2026+cache
1991-03-01,1991 Q1,LNG,0.92,0.305,LNG Carrier (174k),live_disr_jun2026+cache
1991-03-01,1991 Q1,Metallurgical Coal,16.325,1.015,Panamax / Capesize,live_disr_jun2026+cache
1991-03-01,1991 Q1,Thermal Coal,13.589,0.675,Panamax / Supramax,live_disr_jun2026+cache
1991-06-01,1991 Q2,Bauxite,1.435,0.035,Capesize / Ultramax,live_disr_jun2026+cache
1991-06-01,1991 Q2,Iron Ore,28.169,0.711,Capesize (C5/C3),live_disr_jun2026+cache
1991-06-01,1991 Q2,LNG,0.92,0.248,LNG Carrier (174k),live_disr_jun2026+cache
1991-06-01,1991 Q2,Metallurgical Coal,17.663,1.104,Panamax / Capesize,live_disr_jun2026+cache
1991-06-01,1991 Q2,Thermal Coal,13.001,0.634,Panamax / Supramax,live_disr_jun2026+cache
1991-09-01,1991 Q3,Bauxite,1.137,0.035,Capesize / Ultramax,live_disr_jun2026+cache
1991-09-01,1991 Q3,Iron Ore,27.691,0.733,Capesize (C5/C3),live_disr_jun2026+cache
1991-09-01,1991 Q3,LNG,1.04,0.179,LNG Carrier (174k),live_disr_jun2026+cache
1991-09-01,1991 Q3,Metallurgical Coal,15.944,0.969,Panamax / Capesize,live_disr_jun2026+cache
1991-09-01,1991 Q3,Thermal Coal,14.989,0.723,Panamax / Supramax,live_disr_jun2026+cache
1991-12-01,1991 Q4,Bauxite,1.137,0.033,Capesize / Ultramax,live_disr_jun2026+cache
1991-12-01,1991 Q4,Iron Ore,29.879,0.801,Capesize (C5/C3),live_disr_jun2026+cache
1991-12-01,1991 Q4,LNG,1.16,0.214,LNG Carrier (174k),live_disr_jun2026+cache
1991-12-01,1991 Q4,Metallurgical Coal,16.57,1.008,Panamax / Capesize,live_disr_jun2026+cache
1991-12-01,1991 Q4,Thermal Coal,12.745,0.612,Panamax / Supramax,live_disr_jun2026+cache
1992-03-01,1992 Q1,Bauxite,1.083,0.028,Capesize / Ultramax,live_disr_jun2026+cache
1992-03-01,1992 Q1,Iron Ore,23.903,0.659,Capesize (C5/C3),live_disr_jun2026+cache
1992-03-01,1992 Q1,LNG,1.26,0.245,LNG Carrier (174k),live_disr_jun2026+cache
1992-03-01,1992 Q1,Metallurgical Coal,15.535,0.975,Panamax / Capesize,live_disr_jun2026+cache
1992-03-01,1992 Q1,Thermal Coal,15.689,0.771,Panamax / Supramax,live_disr_jun2026+cache
1992-06-01,1992 Q2,Bauxite,1.083,0.022,Capesize / Ultramax,live_disr_jun2026+cache
1992-06-01,1992 Q2,Iron Ore,25.083,0.656,Capesize (C5/C3),live_disr_jun2026+cache
1992-06-01,1992 Q2,LNG,1.2,0.205,LNG Carrier (174k),live_disr_jun2026+cache
1992-06-01,1992 Q2,Metallurgical Coal,17.027,1.053,Panamax / Capesize,live_disr_jun2026+cache
1992-06-01,1992 Q2,Thermal Coal,15.189,0.737,Panamax / Supramax,live_disr_jun2026+cache
1992-09-01,1992 Q3,Bauxite,0.965,0.022,Capesize / Ultramax,live_disr_jun2026+cache
1992-09-01,1992 Q3,Iron Ore,27.859,0.747,Capesize (C5/C3),live_disr_jun2026+cache
1992-09-01,1992 Q3,LNG,1.288,0.248,LNG Carrier (174k),live_disr_jun2026+cache
1992-09-01,1992 Q3,Metallurgical Coal,17.364,1.108,Panamax / Capesize,live_disr_jun2026+cache
1992-09-01,1992 Q3,Thermal Coal,14.429,0.729,Panamax / Supramax,live_disr_jun2026+cache
1992-12-01,1992 Q4,Bauxite,0.965,0.022,Capesize / Ultramax,live_disr_jun2026+cache
1992-12-01,1992 Q4,Iron Ore,26.642,0.751,Capesize (C5/C3),live_disr_jun2026+cache
1992-12-01,1992 Q4,LNG,1.176,0.273,LNG Carrier (174k),live_disr_jun2026+cache
1992-12-01,1992 Q4,Metallurgical Coal,16.491,1.098,Panamax / Capesize,live_disr_jun2026+cache
1992-12-01,1992 Q4,Thermal Coal,15.314,0.777,Panamax / Supramax,live_disr_jun2026+cache
1993-03-01,1993 Q1,Bauxite,1.141,0.021,Capesize / Ultramax,live_disr_jun2026+cache
1993-03-01,1993 Q1,Iron Ore,25.907,0.716,Capesize (C5/C3),live_disr_jun2026+cache
1993-03-01,1993 Q1,LNG,1.288,0.288,LNG Carrier (174k),live_disr_jun2026+cache
1993-03-01,1993 Q1,Metallurgical Coal,16.827,1.133,Panamax / Capesize,live_disr_jun2026+cache
1993-03-01,1993 Q1,Thermal Coal,15.576,0.793,Panamax / Supramax,live_disr_jun2026+cache
1993-06-01,1993 Q2,Bauxite,1.141,0.022,Capesize / Ultramax,live_disr_jun2026+cache
1993-06-01,1993 Q2,Iron Ore,27.192,0.681,Capesize (C5/C3),live_disr_jun2026+cache
1993-06-01,1993 Q2,LNG,1.232,0.242,LNG Carrier (174k),live_disr_jun2026+cache
1993-06-01,1993 Q2,Metallurgical Coal,18.851,1.207,Panamax / Capesize,live_disr_jun2026+cache
1993-06-01,1993 Q2,Thermal Coal,14.505,0.693,Panamax / Supramax,live_disr_jun2026+cache
1993-09-01,1993 Q3,Bauxite,0.62,0.02,Capesize / Ultramax,live_disr_jun2026+cache
1993-09-01,1993 Q3,Iron Ore,30.789,0.787,Capesize (C5/C3),live_disr_jun2026+cache
1993-09-01,1993 Q3,LNG,1.334,0.267,LNG Carrier (174k),live_disr_jun2026+cache
1993-09-01,1993 Q3,Metallurgical Coal,17.5,1.138,Panamax / Capesize,live_disr_jun2026+cache
1993-09-01,1993 Q3,Thermal Coal,14.744,0.718,Panamax / Supramax,live_disr_jun2026+cache
1993-12-01,1993 Q4,Bauxite,0.62,0.021,Capesize / Ultramax,live_disr_jun2026+cache
1993-12-01,1993 Q4,Iron Ore,27.64,0.708,Capesize (C5/C3),live_disr_jun2026+cache
1993-12-01,1993 Q4,LNG,1.392,0.254,LNG Carrier (174k),live_disr_jun2026+cache
1993-12-01,1993 Q4,Metallurgical Coal,19.285,1.247,Panamax / Capesize,live_disr_jun2026+cache
1993-12-01,1993 Q4,Thermal Coal,15.777,0.783,Panamax / Supramax,live_disr_jun2026+cache
1994-03-01,1994 Q1,Bauxite,1.462,0.033,Capesize / Ultramax,live_disr_jun2026+cache
1994-03-01,1994 Q1,Iron Ore,26.02,0.634,Capesize (C5/C3),live_disr_jun2026+cache
1994-03-01,1994 Q1,LNG,1.798,0.282,LNG Carrier (174k),live_disr_jun2026+cache
1994-03-01,1994 Q1,Metallurgical Coal,16.157,0.982,Panamax / Capesize,live_disr_jun2026+cache
1994-03-01,1994 Q1,Thermal Coal,14.738,0.697,Panamax / Supramax,live_disr_jun2026+cache
1994-06-01,1994 Q2,Bauxite,0.999,0.023,Capesize / Ultramax,live_disr_jun2026+cache
1994-06-01,1994 Q2,Iron Ore,29.917,0.649,Capesize (C5/C3),live_disr_jun2026+cache
1994-06-01,1994 Q2,LNG,1.508,0.244,LNG Carrier (174k),live_disr_jun2026+cache
1994-06-01,1994 Q2,Metallurgical Coal,16.947,0.964,Panamax / Capesize,live_disr_jun2026+cache
1994-06-01,1994 Q2,Thermal Coal,14.197,0.647,Panamax / Supramax,live_disr_jun2026+cache
1994-09-01,1994 Q3,Bauxite,1.195,0.026,Capesize / Ultramax,live_disr_jun2026+cache
1994-09-01,1994 Q3,Iron Ore,31.413,0.653,Capesize (C5/C3),live_disr_jun2026+cache
1994-09-01,1994 Q3,LNG,1.624,0.284,LNG Carrier (174k),live_disr_jun2026+cache
1994-09-01,1994 Q3,Metallurgical Coal,18.614,1.028,Panamax / Capesize,live_disr_jun2026+cache
1994-09-01,1994 Q3,Thermal Coal,15.654,0.689,Panamax / Supramax,live_disr_jun2026+cache
1994-12-01,1994 Q4,Bauxite,1.466,0.033,Capesize / Ultramax,live_disr_jun2026+cache
1994-12-01,1994 Q4,Iron Ore,31.743,0.655,Capesize (C5/C3),live_disr_jun2026+cache
1994-12-01,1994 Q4,LNG,1.566,0.271,LNG Carrier (174k),live_disr_jun2026+cache
1994-12-01,1994 Q4,Metallurgical Coal,18.041,0.971,Panamax / Capesize,live_disr_jun2026+cache
1994-12-01,1994 Q4,Thermal Coal,16.784,0.718,Panamax / Supramax,live_disr_jun2026+cache
1995-03-01,1995 Q1,Bauxite,1.438,0.041,Capesize / Ultramax,live_disr_jun2026+cache
1995-03-01,1995 Q1,Iron Ore,31.753,0.681,Capesize (C5/C3),live_disr_jun2026+cache
1995-03-01,1995 Q1,LNG,1.914,0.344,LNG Carrier (174k),live_disr_jun2026+cache
1995-03-01,1995 Q1,Metallurgical Coal,17.94,0.977,Panamax / Capesize,live_disr_jun2026+cache
1995-03-01,1995 Q1,Thermal Coal,15.944,0.691,Panamax / Supramax,live_disr_jun2026+cache
1995-06-01,1995 Q2,Bauxite,0.837,0.025,Capesize / Ultramax,live_disr_jun2026+cache
1995-06-01,1995 Q2,Iron Ore,33.904,0.785,Capesize (C5/C3),live_disr_jun2026+cache
1995-06-01,1995 Q2,LNG,1.914,0.301,LNG Carrier (174k),live_disr_jun2026+cache
1995-06-01,1995 Q2,Metallurgical Coal,18.74,1.122,Panamax / Capesize,live_disr_jun2026+cache
1995-06-01,1995 Q2,Thermal Coal,14.847,0.693,Panamax / Supramax,live_disr_jun2026+cache
1995-09-01,1995 Q3,Bauxite,1.588,0.044,Capesize / Ultramax,live_disr_jun2026+cache
1995-09-01,1995 Q3,Iron Ore,33.309,0.756,Capesize (C5/C3),live_disr_jun2026+cache
1995-09-01,1995 Q3,LNG,1.856,0.376,LNG Carrier (174k),live_disr_jun2026+cache
1995-09-01,1995 Q3,Metallurgical Coal,19.097,1.189,Panamax / Capesize,live_disr_jun2026+cache
1995-09-01,1995 Q3,Thermal Coal,15.561,0.769,Panamax / Supramax,live_disr_jun2026+cache
1995-12-01,1995 Q4,Bauxite,0.729,0.02,Capesize / Ultramax,live_disr_jun2026+cache
1995-12-01,1995 Q4,Iron Ore,31.401,0.71,Capesize (C5/C3),live_disr_jun2026+cache
1995-12-01,1995 Q4,LNG,1.856,0.339,LNG Carrier (174k),live_disr_jun2026+cache
1995-12-01,1995 Q4,Metallurgical Coal,19.181,1.186,Panamax / Capesize,live_disr_jun2026+cache
1995-12-01,1995 Q4,Thermal Coal,15.087,0.752,Panamax / Supramax,live_disr_jun2026+cache
1996-03-01,1996 Q1,Bauxite,1.018,0.023,Capesize / Ultramax,live_disr_jun2026+cache
1996-03-01,1996 Q1,Iron Ore,29.698,0.663,Capesize (C5/C3),live_disr_jun2026+cache
1996-03-01,1996 Q1,LNG,1.914,0.333,LNG Carrier (174k),live_disr_jun2026+cache
1996-03-01,1996 Q1,Metallurgical Coal,18.806,1.159,Panamax / Capesize,live_disr_jun2026+cache
1996-03-01,1996 Q1,Thermal Coal,15.385,0.771,Panamax / Supramax,live_disr_jun2026+cache
1996-06-01,1996 Q2,Bauxite,1.383,0.029,Capesize / Ultramax,live_disr_jun2026+cache
1996-06-01,1996 Q2,Iron Ore,31.777,0.735,Capesize (C5/C3),live_disr_jun2026+cache
1996-06-01,1996 Q2,LNG,1.856,0.325,LNG Carrier (174k),live_disr_jun2026+cache
1996-06-01,1996 Q2,Metallurgical Coal,20.327,1.211,Panamax / Capesize,live_disr_jun2026+cache
1996-06-01,1996 Q2,Thermal Coal,15.414,0.738,Panamax / Supramax,live_disr_jun2026+cache
1996-09-01,1996 Q3,Bauxite,1.272,0.028,Capesize / Ultramax,live_disr_jun2026+cache
1996-09-01,1996 Q3,Iron Ore,33.636,0.767,Capesize (C5/C3),live_disr_jun2026+cache
1996-09-01,1996 Q3,LNG,1.798,0.35,LNG Carrier (174k),live_disr_jun2026+cache
1996-09-01,1996 Q3,Metallurgical Coal,19.014,1.158,Panamax / Capesize,live_disr_jun2026+cache
1996-09-01,1996 Q3,Thermal Coal,15.037,0.725,Panamax / Supramax,live_disr_jun2026+cache
1996-12-01,1996 Q4,Bauxite,0.82,0.018,Capesize / Ultramax,live_disr_jun2026+cache
1996-12-01,1996 Q4,Iron Ore,33.163,0.744,Capesize (C5/C3),live_disr_jun2026+cache
1996-12-01,1996 Q4,LNG,1.896,0.383,LNG Carrier (174k),live_disr_jun2026+cache
1996-12-01,1996 Q4,Metallurgical Coal,19.688,1.194,Panamax / Capesize,live_disr_jun2026+cache
1996-12-01,1996 Q4,Thermal Coal,17.114,0.802,Panamax / Supramax,live_disr_jun2026+cache
1997-03-01,1997 Q1,Bauxite,1.1,0.024,Capesize / Ultramax,live_disr_jun2026+cache
1997-03-01,1997 Q1,Iron Ore,33.631,0.78,Capesize (C5/C3),live_disr_jun2026+cache
1997-03-01,1997 Q1,LNG,1.896,0.427,LNG Carrier (174k),live_disr_jun2026+cache
1997-03-01,1997 Q1,Metallurgical Coal,19.443,1.198,Panamax / Capesize,live_disr_jun2026+cache
1997-03-01,1997 Q1,Thermal Coal,17.891,0.824,Panamax / Supramax,live_disr_jun2026+cache
1997-06-01,1997 Q2,Bauxite,1.544,0.034,Capesize / Ultramax,live_disr_jun2026+cache
1997-06-01,1997 Q2,Iron Ore,37.127,0.865,Capesize (C5/C3),live_disr_jun2026+cache
1997-06-01,1997 Q2,LNG,1.896,0.377,LNG Carrier (174k),live_disr_jun2026+cache
1997-06-01,1997 Q2,Metallurgical Coal,20.543,1.265,Panamax / Capesize,live_disr_jun2026+cache
1997-06-01,1997 Q2,Thermal Coal,17.506,0.792,Panamax / Supramax,live_disr_jun2026+cache
1997-09-01,1997 Q3,Bauxite,1.502,0.035,Capesize / Ultramax,live_disr_jun2026+cache
1997-09-01,1997 Q3,Iron Ore,39.417,0.953,Capesize (C5/C3),live_disr_jun2026+cache
1997-09-01,1997 Q3,LNG,1.849,0.38,LNG Carrier (174k),live_disr_jun2026+cache
1997-09-01,1997 Q3,Metallurgical Coal,22.272,1.418,Panamax / Capesize,live_disr_jun2026+cache
1997-09-01,1997 Q3,Thermal Coal,19.236,0.888,Panamax / Supramax,live_disr_jun2026+cache
1997-12-01,1997 Q4,Bauxite,1.515,0.036,Capesize / Ultramax,live_disr_jun2026+cache
1997-12-01,1997 Q4,Iron Ore,36.582,0.967,Capesize (C5/C3),live_disr_jun2026+cache
1997-12-01,1997 Q4,LNG,2.084,0.436,LNG Carrier (174k),live_disr_jun2026+cache
1997-12-01,1997 Q4,Metallurgical Coal,21.113,1.449,Panamax / Capesize,live_disr_jun2026+cache
1997-12-01,1997 Q4,Thermal Coal,19.736,0.948,Panamax / Supramax,live_disr_jun2026+cache
1998-03-01,1998 Q1,Bauxite,1.14,0.028,Capesize / Ultramax,live_disr_jun2026+cache
1998-03-01,1998 Q1,Iron Ore,31.707,0.857,Capesize (C5/C3),live_disr_jun2026+cache
1998-03-01,1998 Q1,LNG,1.856,0.438,LNG Carrier (174k),live_disr_jun2026+cache
1998-03-01,1998 Q1,Metallurgical Coal,19.655,1.386,Panamax / Capesize,live_disr_jun2026+cache
1998-03-01,1998 Q1,Thermal Coal,19.496,0.955,Panamax / Supramax,live_disr_jun2026+cache
1998-06-01,1998 Q2,Bauxite,0.848,0.021,Capesize / Ultramax,live_disr_jun2026+cache
1998-06-01,1998 Q2,Iron Ore,34.501,1.014,Capesize (C5/C3),live_disr_jun2026+cache
1998-06-01,1998 Q2,LNG,1.86,0.345,LNG Carrier (174k),live_disr_jun2026+cache
1998-06-01,1998 Q2,Metallurgical Coal,21.033,1.488,Panamax / Capesize,live_disr_jun2026+cache
1998-06-01,1998 Q2,Thermal Coal,20.536,1.024,Panamax / Supramax,live_disr_jun2026+cache
1998-09-01,1998 Q3,Bauxite,0.991,0.025,Capesize / Ultramax,live_disr_jun2026+cache
1998-09-01,1998 Q3,Iron Ore,35.804,1.089,Capesize (C5/C3),live_disr_jun2026+cache
1998-09-01,1998 Q3,LNG,1.972,0.385,LNG Carrier (174k),live_disr_jun2026+cache
1998-09-01,1998 Q3,Metallurgical Coal,20.773,1.477,Panamax / Capesize,live_disr_jun2026+cache
1998-09-01,1998 Q3,Thermal Coal,22.366,1.079,Panamax / Supramax,live_disr_jun2026+cache
1998-12-01,1998 Q4,Bauxite,1.577,0.039,Capesize / Ultramax,live_disr_jun2026+cache
1998-12-01,1998 Q4,Iron Ore,34.406,1.027,Capesize (C5/C3),live_disr_jun2026+cache
1998-12-01,1998 Q4,LNG,2.09,0.383,LNG Carrier (174k),live_disr_jun2026+cache
1998-12-01,1998 Q4,Metallurgical Coal,21.202,1.428,Panamax / Capesize,live_disr_jun2026+cache
1998-12-01,1998 Q4,Thermal Coal,21.954,0.985,Panamax / Supramax,live_disr_jun2026+cache
1999-03-01,1999 Q1,Bauxite,1.775,0.044,Capesize / Ultramax,live_disr_jun2026+cache
1999-03-01,1999 Q1,Iron Ore,31.059,0.891,Capesize (C5/C3),live_disr_jun2026+cache
1999-03-01,1999 Q1,LNG,1.921,0.354,LNG Carrier (174k),live_disr_jun2026+cache
1999-03-01,1999 Q1,Metallurgical Coal,20.934,1.348,Panamax / Capesize,live_disr_jun2026+cache
1999-03-01,1999 Q1,Thermal Coal,20.662,0.911,Panamax / Supramax,live_disr_jun2026+cache
1999-06-01,1999 Q2,Bauxite,1.054,0.026,Capesize / Ultramax,live_disr_jun2026+cache
1999-06-01,1999 Q2,Iron Ore,33.915,0.837,Capesize (C5/C3),live_disr_jun2026+cache
1999-06-01,1999 Q2,LNG,1.836,0.302,LNG Carrier (174k),live_disr_jun2026+cache
1999-06-01,1999 Q2,Metallurgical Coal,22.352,1.219,Panamax / Capesize,live_disr_jun2026+cache
1999-06-01,1999 Q2,Thermal Coal,19.846,0.823,Panamax / Supramax,live_disr_jun2026+cache
1999-09-01,1999 Q3,Bauxite,1.985,0.05,Capesize / Ultramax,live_disr_jun2026+cache
1999-09-01,1999 Q3,Iron Ore,37.386,0.926,Capesize (C5/C3),live_disr_jun2026+cache
1999-09-01,1999 Q3,LNG,2.053,0.377,LNG Carrier (174k),live_disr_jun2026+cache
1999-09-01,1999 Q3,Metallurgical Coal,24.632,1.294,Panamax / Capesize,live_disr_jun2026+cache
1999-09-01,1999 Q3,Thermal Coal,19.908,0.797,Panamax / Supramax,live_disr_jun2026+cache
1999-12-01,1999 Q4,Bauxite,1.429,0.036,Capesize / Ultramax,live_disr_jun2026+cache
1999-12-01,1999 Q4,Iron Ore,36.918,0.915,Capesize (C5/C3),live_disr_jun2026+cache
1999-12-01,1999 Q4,LNG,1.939,0.425,LNG Carrier (174k),live_disr_jun2026+cache
1999-12-01,1999 Q4,Metallurgical Coal,24.04,1.273,Panamax / Capesize,live_disr_jun2026+cache
1999-12-01,1999 Q4,Thermal Coal,18.99,0.728,Panamax / Supramax,live_disr_jun2026+cache
2000-03-01,2000 Q1,Bauxite,2.171,0.054,Capesize / Ultramax,live_disr_jun2026+cache
2000-03-01,2000 Q1,Iron Ore,34.665,0.857,Capesize (C5/C3),live_disr_jun2026+cache
2000-03-01,2000 Q1,LNG,1.993,0.543,LNG Carrier (174k),live_disr_jun2026+cache
2000-03-01,2000 Q1,Metallurgical Coal,23.399,1.25,Panamax / Capesize,live_disr_jun2026+cache
2000-03-01,2000 Q1,Thermal Coal,19.07,0.734,Panamax / Supramax,live_disr_jun2026+cache
2000-06-01,2000 Q2,Bauxite,1.674,0.045,Capesize / Ultramax,live_disr_jun2026+cache
2000-06-01,2000 Q2,Iron Ore,40.468,1.119,Capesize (C5/C3),live_disr_jun2026+cache
2000-06-01,2000 Q2,LNG,1.938,0.604,LNG Carrier (174k),live_disr_jun2026+cache
2000-06-01,2000 Q2,Metallurgical Coal,24.738,1.366,Panamax / Capesize,live_disr_jun2026+cache
2000-06-01,2000 Q2,Thermal Coal,21.686,0.879,Panamax / Supramax,live_disr_jun2026+cache
2000-09-01,2000 Q3,Bauxite,2.17,0.061,Capesize / Ultramax,live_disr_jun2026+cache
2000-09-01,2000 Q3,Iron Ore,42.544,1.191,Capesize (C5/C3),live_disr_jun2026+cache
2000-09-01,2000 Q3,LNG,2.0,0.622,LNG Carrier (174k),live_disr_jun2026+cache
2000-09-01,2000 Q3,Metallurgical Coal,26.486,1.495,Panamax / Capesize,live_disr_jun2026+cache
2000-09-01,2000 Q3,Thermal Coal,23.922,1.02,Panamax / Supramax,live_disr_jun2026+cache
2000-12-01,2000 Q4,Bauxite,1.813,0.055,Capesize / Ultramax,live_disr_jun2026+cache
2000-12-01,2000 Q4,Iron Ore,39.691,1.261,Capesize (C5/C3),live_disr_jun2026+cache
2000-12-01,2000 Q4,LNG,1.89,0.677,LNG Carrier (174k),live_disr_jun2026+cache
2000-12-01,2000 Q4,Metallurgical Coal,26.139,1.611,Panamax / Capesize,live_disr_jun2026+cache
2000-12-01,2000 Q4,Thermal Coal,21.301,0.977,Panamax / Supramax,live_disr_jun2026+cache
2001-03-01,2001 Q1,Bauxite,1.589,0.045,Capesize / Ultramax,live_disr_jun2026+cache
2001-03-01,2001 Q1,Iron Ore,36.641,1.152,Capesize (C5/C3),live_disr_jun2026+cache
2001-03-01,2001 Q1,LNG,1.89,0.742,LNG Carrier (174k),live_disr_jun2026+cache
2001-03-01,2001 Q1,Metallurgical Coal,25.755,1.583,Panamax / Capesize,live_disr_jun2026+cache
2001-03-01,2001 Q1,Thermal Coal,20.571,0.976,Panamax / Supramax,live_disr_jun2026+cache
2001-06-01,2001 Q2,Bauxite,1.319,0.035,Capesize / Ultramax,live_disr_jun2026+cache
2001-06-01,2001 Q2,Iron Ore,38.443,1.299,Capesize (C5/C3),live_disr_jun2026+cache
2001-06-01,2001 Q2,LNG,1.75,0.63,LNG Carrier (174k),live_disr_jun2026+cache
2001-06-01,2001 Q2,Metallurgical Coal,27.148,1.908,Panamax / Capesize,live_disr_jun2026+cache
2001-06-01,2001 Q2,Thermal Coal,22.773,1.259,Panamax / Supramax,live_disr_jun2026+cache
2001-09-01,2001 Q3,Bauxite,1.122,0.028,Capesize / Ultramax,live_disr_jun2026+cache
2001-09-01,2001 Q3,Iron Ore,41.821,1.411,Capesize (C5/C3),live_disr_jun2026+cache
2001-09-01,2001 Q3,LNG,2.06,0.775,LNG Carrier (174k),live_disr_jun2026+cache
2001-09-01,2001 Q3,Metallurgical Coal,27.46,2.099,Panamax / Capesize,live_disr_jun2026+cache
2001-09-01,2001 Q3,Thermal Coal,22.806,1.357,Panamax / Supramax,live_disr_jun2026+cache
2001-12-01,2001 Q4,Bauxite,1.189,0.03,Capesize / Ultramax,live_disr_jun2026+cache
2001-12-01,2001 Q4,Iron Ore,39.812,1.37,Capesize (C5/C3),live_disr_jun2026+cache
2001-12-01,2001 Q4,LNG,2.0,0.765,LNG Carrier (174k),live_disr_jun2026+cache
2001-12-01,2001 Q4,Metallurgical Coal,25.717,2.009,Panamax / Capesize,live_disr_jun2026+cache
2001-12-01,2001 Q4,Thermal Coal,21.672,1.299,Panamax / Supramax,live_disr_jun2026+cache
2002-03-01,2002 Q1,Bauxite,1.313,0.033,Capesize / Ultramax,live_disr_jun2026+cache
2002-03-01,2002 Q1,Iron Ore,35.189,1.156,Capesize (C5/C3),live_disr_jun2026+cache
2002-03-01,2002 Q1,LNG,1.83,0.592,LNG Carrier (174k),live_disr_jun2026+cache
2002-03-01,2002 Q1,Metallurgical Coal,26.386,2.032,Panamax / Capesize,live_disr_jun2026+cache
2002-03-01,2002 Q1,Thermal Coal,25.294,1.449,Panamax / Supramax,live_disr_jun2026+cache
2002-06-01,2002 Q2,Bauxite,1.806,0.045,Capesize / Ultramax,live_disr_jun2026+cache
2002-06-01,2002 Q2,Iron Ore,39.308,1.223,Capesize (C5/C3),live_disr_jun2026+cache
2002-06-01,2002 Q2,LNG,1.71,0.481,LNG Carrier (174k),live_disr_jun2026+cache
2002-06-01,2002 Q2,Metallurgical Coal,26.269,1.898,Panamax / Capesize,live_disr_jun2026+cache
2002-06-01,2002 Q2,Thermal Coal,23.575,1.26,Panamax / Supramax,live_disr_jun2026+cache
2002-09-01,2002 Q3,Bauxite,1.898,0.041,Capesize / Ultramax,live_disr_jun2026+cache
2002-09-01,2002 Q3,Iron Ore,46.009,1.434,Capesize (C5/C3),live_disr_jun2026+cache
2002-09-01,2002 Q3,LNG,2.0,0.686,LNG Carrier (174k),live_disr_jun2026+cache
2002-09-01,2002 Q3,Metallurgical Coal,25.278,1.852,Panamax / Capesize,live_disr_jun2026+cache
2002-09-01,2002 Q3,Thermal Coal,25.125,1.257,Panamax / Supramax,live_disr_jun2026+cache
2002-12-01,2002 Q4,Bauxite,1.847,0.041,Capesize / Ultramax,live_disr_jun2026+cache
2002-12-01,2002 Q4,Iron Ore,45.363,1.382,Capesize (C5/C3),live_disr_jun2026+cache
2002-12-01,2002 Q4,LNG,1.95,0.67,LNG Carrier (174k),live_disr_jun2026+cache
2002-12-01,2002 Q4,Metallurgical Coal,26.423,1.934,Panamax / Capesize,live_disr_jun2026+cache
2002-12-01,2002 Q4,Thermal Coal,25.515,1.168,Panamax / Supramax,live_disr_jun2026+cache
2003-03-01,2003 Q1,Bauxite,1.856,0.037,Capesize / Ultramax,live_disr_jun2026+cache
2003-03-01,2003 Q1,Iron Ore,44.04,1.257,Capesize (C5/C3),live_disr_jun2026+cache
2003-03-01,2003 Q1,LNG,1.952,0.638,LNG Carrier (174k),live_disr_jun2026+cache
2003-03-01,2003 Q1,Metallurgical Coal,27.682,1.89,Panamax / Capesize,live_disr_jun2026+cache
2003-03-01,2003 Q1,Thermal Coal,26.095,1.121,Panamax / Supramax,live_disr_jun2026+cache
2003-06-01,2003 Q2,Bauxite,1.843,0.04,Capesize / Ultramax,live_disr_jun2026+cache
2003-06-01,2003 Q2,Iron Ore,46.067,1.268,Capesize (C5/C3),live_disr_jun2026+cache
2003-06-01,2003 Q2,LNG,1.924,0.613,LNG Carrier (174k),live_disr_jun2026+cache
2003-06-01,2003 Q2,Metallurgical Coal,28.411,1.771,Panamax / Capesize,live_disr_jun2026+cache
2003-06-01,2003 Q2,Thermal Coal,24.196,0.946,Panamax / Supramax,live_disr_jun2026+cache
2003-09-01,2003 Q3,Bauxite,1.734,0.036,Capesize / Ultramax,live_disr_jun2026+cache
2003-09-01,2003 Q3,Iron Ore,47.442,1.281,Capesize (C5/C3),live_disr_jun2026+cache
2003-09-01,2003 Q3,LNG,2.097,0.629,LNG Carrier (174k),live_disr_jun2026+cache
2003-09-01,2003 Q3,Metallurgical Coal,27.127,1.608,Panamax / Capesize,live_disr_jun2026+cache
2003-09-01,2003 Q3,Thermal Coal,26.061,0.995,Panamax / Supramax,live_disr_jun2026+cache
2003-12-01,2003 Q4,Bauxite,1.797,0.03,Capesize / Ultramax,live_disr_jun2026+cache
2003-12-01,2003 Q4,Iron Ore,50.16,1.289,Capesize (C5/C3),live_disr_jun2026+cache
2003-12-01,2003 Q4,LNG,1.931,0.533,LNG Carrier (174k),live_disr_jun2026+cache
2003-12-01,2003 Q4,Metallurgical Coal,28.276,1.528,Panamax / Capesize,live_disr_jun2026+cache
2003-12-01,2003 Q4,Thermal Coal,27.602,0.988,Panamax / Supramax,live_disr_jun2026+cache
2004-03-01,2004 Q1,Bauxite,1.679,0.027,Capesize / Ultramax,live_disr_jun2026+cache
2004-03-01,2004 Q1,Iron Ore,48.683,1.195,Capesize (C5/C3),live_disr_jun2026+cache
2004-03-01,2004 Q1,LNG,1.909,0.491,LNG Carrier (174k),live_disr_jun2026+cache
2004-03-01,2004 Q1,Metallurgical Coal,26.505,1.374,Panamax / Capesize,live_disr_jun2026+cache
2004-03-01,2004 Q1,Thermal Coal,26.849,1.03,Panamax / Supramax,live_disr_jun2026+cache
2004-06-01,2004 Q2,Bauxite,1.707,0.032,Capesize / Ultramax,live_disr_jun2026+cache
2004-06-01,2004 Q2,Iron Ore,48.489,1.512,Capesize (C5/C3),live_disr_jun2026+cache
2004-06-01,2004 Q2,LNG,1.976,0.521,LNG Carrier (174k),live_disr_jun2026+cache
2004-06-01,2004 Q2,Metallurgical Coal,29.824,1.999,Panamax / Capesize,live_disr_jun2026+cache
2004-06-01,2004 Q2,Thermal Coal,27.099,1.395,Panamax / Supramax,live_disr_jun2026+cache
2004-09-01,2004 Q3,Bauxite,1.218,0.034,Capesize / Ultramax,live_disr_jun2026+cache
2004-09-01,2004 Q3,Iron Ore,54.855,1.717,Capesize (C5/C3),live_disr_jun2026+cache
2004-09-01,2004 Q3,LNG,2.458,0.701,LNG Carrier (174k),live_disr_jun2026+cache
2004-09-01,2004 Q3,Metallurgical Coal,29.505,2.175,Panamax / Capesize,live_disr_jun2026+cache
2004-09-01,2004 Q3,Thermal Coal,27.226,1.56,Panamax / Supramax,live_disr_jun2026+cache
2004-12-01,2004 Q4,Bauxite,1.265,0.033,Capesize / Ultramax,live_disr_jun2026+cache
2004-12-01,2004 Q4,Iron Ore,57.801,1.746,Capesize (C5/C3),live_disr_jun2026+cache
2004-12-01,2004 Q4,LNG,2.831,0.869,LNG Carrier (174k),live_disr_jun2026+cache
2004-12-01,2004 Q4,Metallurgical Coal,30.895,2.296,Panamax / Capesize,live_disr_jun2026+cache
2004-12-01,2004 Q4,Thermal Coal,26.768,1.551,Panamax / Supramax,live_disr_jun2026+cache
2005-03-01,2005 Q1,Bauxite,1.252,0.025,Capesize / Ultramax,live_disr_jun2026+cache
2005-03-01,2005 Q1,Iron Ore,56.445,1.728,Capesize (C5/C3),live_disr_jun2026+cache
2005-03-01,2005 Q1,LNG,2.65,0.759,LNG Carrier (174k),live_disr_jun2026+cache
2005-03-01,2005 Q1,Metallurgical Coal,31.212,2.325,Panamax / Capesize,live_disr_jun2026+cache
2005-03-01,2005 Q1,Thermal Coal,26.647,1.579,Panamax / Supramax,live_disr_jun2026+cache
2005-06-01,2005 Q2,Bauxite,1.165,0.026,Capesize / Ultramax,live_disr_jun2026+cache
2005-06-01,2005 Q2,Iron Ore,59.355,2.929,Capesize (C5/C3),live_disr_jun2026+cache
2005-06-01,2005 Q2,LNG,2.65,0.869,LNG Carrier (174k),live_disr_jun2026+cache
2005-06-01,2005 Q2,Metallurgical Coal,33.303,3.963,Panamax / Capesize,live_disr_jun2026+cache
2005-06-01,2005 Q2,Thermal Coal,26.773,1.696,Panamax / Supramax,live_disr_jun2026+cache
2005-09-01,2005 Q3,Bauxite,1.401,0.021,Capesize / Ultramax,live_disr_jun2026+cache
2005-09-01,2005 Q3,Iron Ore,58.856,3.001,Capesize (C5/C3),live_disr_jun2026+cache
2005-09-01,2005 Q3,LNG,2.844,0.966,LNG Carrier (174k),live_disr_jun2026+cache
2005-09-01,2005 Q3,Metallurgical Coal,29.995,4.106,Panamax / Capesize,live_disr_jun2026+cache
2005-09-01,2005 Q3,Thermal Coal,28.941,1.921,Panamax / Supramax,live_disr_jun2026+cache
2005-12-01,2005 Q4,Bauxite,1.524,0.021,Capesize / Ultramax,live_disr_jun2026+cache
2005-12-01,2005 Q4,Iron Ore,64.657,3.413,Capesize (C5/C3),live_disr_jun2026+cache
2005-12-01,2005 Q4,LNG,2.868,1.099,LNG Carrier (174k),live_disr_jun2026+cache
2005-12-01,2005 Q4,Metallurgical Coal,30.424,4.472,Panamax / Capesize,live_disr_jun2026+cache
2005-12-01,2005 Q4,Thermal Coal,26.46,1.764,Panamax / Supramax,live_disr_jun2026+cache
2006-03-01,2006 Q1,Bauxite,1.253,0.024,Capesize / Ultramax,live_disr_jun2026+cache
2006-03-01,2006 Q1,Iron Ore,54.123,2.895,Capesize (C5/C3),live_disr_jun2026+cache
2006-03-01,2006 Q1,LNG,3.003,1.06,LNG Carrier (174k),live_disr_jun2026+cache
2006-03-01,2006 Q1,Metallurgical Coal,29.601,4.295,Panamax / Capesize,live_disr_jun2026+cache
2006-03-01,2006 Q1,Thermal Coal,27.095,1.736,Panamax / Supramax,live_disr_jun2026+cache
2006-06-01,2006 Q2,Bauxite,1.462,0.024,Capesize / Ultramax,live_disr_jun2026+cache
2006-06-01,2006 Q2,Iron Ore,61.744,3.546,Capesize (C5/C3),live_disr_jun2026+cache
2006-06-01,2006 Q2,LNG,3.314,1.29,LNG Carrier (174k),live_disr_jun2026+cache
2006-06-01,2006 Q2,Metallurgical Coal,30.458,4.131,Panamax / Capesize,live_disr_jun2026+cache
2006-06-01,2006 Q2,Thermal Coal,29.49,1.865,Panamax / Supramax,live_disr_jun2026+cache
2006-09-01,2006 Q3,Bauxite,1.363,0.022,Capesize / Ultramax,live_disr_jun2026+cache
2006-09-01,2006 Q3,Iron Ore,64.23,3.909,Capesize (C5/C3),live_disr_jun2026+cache
2006-09-01,2006 Q3,LNG,3.509,1.362,LNG Carrier (174k),live_disr_jun2026+cache
2006-09-01,2006 Q3,Metallurgical Coal,32.767,4.063,Panamax / Capesize,live_disr_jun2026+cache
2006-09-01,2006 Q3,Thermal Coal,27.687,1.727,Panamax / Supramax,live_disr_jun2026+cache
2006-12-01,2006 Q4,Bauxite,1.433,0.027,Capesize / Ultramax,live_disr_jun2026+cache
2006-12-01,2006 Q4,Iron Ore,67.331,4.016,Capesize (C5/C3),live_disr_jun2026+cache
2006-12-01,2006 Q4,LNG,3.794,1.396,LNG Carrier (174k),live_disr_jun2026+cache
2006-12-01,2006 Q4,Metallurgical Coal,31.565,3.739,Panamax / Capesize,live_disr_jun2026+cache
2006-12-01,2006 Q4,Thermal Coal,28.492,1.719,Panamax / Supramax,live_disr_jun2026+cache
2007-03-01,2007 Q1,Bauxite,1.329,0.031,Capesize / Ultramax,live_disr_jun2026+cache
2007-03-01,2007 Q1,Iron Ore,58.624,3.502,Capesize (C5/C3),live_disr_jun2026+cache
2007-03-01,2007 Q1,LNG,3.316,1.275,LNG Carrier (174k),live_disr_jun2026+cache
2007-03-01,2007 Q1,Metallurgical Coal,32.554,3.716,Panamax / Capesize,live_disr_jun2026+cache
2007-03-01,2007 Q1,Thermal Coal,28.584,1.715,Panamax / Supramax,live_disr_jun2026+cache
2007-06-01,2007 Q2,Bauxite,1.575,0.028,Capesize / Ultramax,live_disr_jun2026+cache
2007-06-01,2007 Q2,Iron Ore,67.179,4.085,Capesize (C5/C3),live_disr_jun2026+cache
2007-06-01,2007 Q2,LNG,3.714,1.188,LNG Carrier (174k),live_disr_jun2026+cache
2007-06-01,2007 Q2,Metallurgical Coal,35.079,3.521,Panamax / Capesize,live_disr_jun2026+cache
2007-06-01,2007 Q2,Thermal Coal,27.662,1.645,Panamax / Supramax,live_disr_jun2026+cache
2007-09-01,2007 Q3,Bauxite,2.191,0.059,Capesize / Ultramax,live_disr_jun2026+cache
2007-09-01,2007 Q3,Iron Ore,68.321,4.143,Capesize (C5/C3),live_disr_jun2026+cache
2007-09-01,2007 Q3,LNG,3.253,1.173,LNG Carrier (174k),live_disr_jun2026+cache
2007-09-01,2007 Q3,Metallurgical Coal,34.71,3.358,Panamax / Capesize,live_disr_jun2026+cache
2007-09-01,2007 Q3,Thermal Coal,27.789,1.707,Panamax / Supramax,live_disr_jun2026+cache
2007-12-01,2007 Q4,Bauxite,2.061,0.053,Capesize / Ultramax,live_disr_jun2026+cache
2007-12-01,2007 Q4,Iron Ore,72.759,4.528,Capesize (C5/C3),live_disr_jun2026+cache
2007-12-01,2007 Q4,LNG,3.61,1.443,LNG Carrier (174k),live_disr_jun2026+cache
2007-12-01,2007 Q4,Metallurgical Coal,35.857,3.297,Panamax / Capesize,live_disr_jun2026+cache
2007-12-01,2007 Q4,Thermal Coal,28.547,1.802,Panamax / Supramax,live_disr_jun2026+cache
2008-03-01,2008 Q1,Bauxite,2.005,0.057,Capesize / Ultramax,live_disr_jun2026+cache
2008-03-01,2008 Q1,Iron Ore,73.749,4.967,Capesize (C5/C3),live_disr_jun2026+cache
2008-03-01,2008 Q1,LNG,3.498,1.541,LNG Carrier (174k),live_disr_jun2026+cache
2008-03-01,2008 Q1,Metallurgical Coal,29.607,2.897,Panamax / Capesize,live_disr_jun2026+cache
2008-03-01,2008 Q1,Thermal Coal,29.424,2.115,Panamax / Supramax,live_disr_jun2026+cache
2008-06-01,2008 Q2,Bauxite,1.66,0.037,Capesize / Ultramax,live_disr_jun2026+cache
2008-06-01,2008 Q2,Iron Ore,79.464,6.873,Capesize (C5/C3),live_disr_jun2026+cache
2008-06-01,2008 Q2,LNG,3.318,1.698,LNG Carrier (174k),live_disr_jun2026+cache
2008-06-01,2008 Q2,Metallurgical Coal,36.748,6.486,Panamax / Capesize,live_disr_jun2026+cache
2008-06-01,2008 Q2,Thermal Coal,29.507,2.754,Panamax / Supramax,live_disr_jun2026+cache
2008-09-01,2008 Q3,Bauxite,2.822,0.074,Capesize / Ultramax,live_disr_jun2026+cache
2008-09-01,2008 Q3,Iron Ore,86.925,9.588,Capesize (C5/C3),live_disr_jun2026+cache
2008-09-01,2008 Q3,LNG,3.266,2.19,LNG Carrier (174k),live_disr_jun2026+cache
2008-09-01,2008 Q3,Metallurgical Coal,36.307,10.365,Panamax / Capesize,live_disr_jun2026+cache
2008-09-01,2008 Q3,Thermal Coal,32.455,3.775,Panamax / Supramax,live_disr_jun2026+cache
2008-12-01,2008 Q4,Bauxite,2.174,0.058,Capesize / Ultramax,live_disr_jun2026+cache
2008-12-01,2008 Q4,Iron Ore,69.336,8.714,Capesize (C5/C3),live_disr_jun2026+cache
2008-12-01,2008 Q4,LNG,3.951,3.815,LNG Carrier (174k),live_disr_jun2026+cache
2008-12-01,2008 Q4,Metallurgical Coal,32.144,12.518,Panamax / Capesize,live_disr_jun2026+cache
2008-12-01,2008 Q4,Thermal Coal,35.015,5.709,Panamax / Supramax,live_disr_jun2026+cache
2009-03-01,2009 Q1,Bauxite,1.157,0.033,Capesize / Ultramax,live_disr_jun2026+cache
2009-03-01,2009 Q1,Iron Ore,78.319,8.884,Capesize (C5/C3),live_disr_jun2026+cache
2009-03-01,2009 Q1,LNG,4.152,2.483,LNG Carrier (174k),live_disr_jun2026+cache
2009-03-01,2009 Q1,Metallurgical Coal,23.743,7.69,Panamax / Capesize,live_disr_jun2026+cache
2009-03-01,2009 Q1,Thermal Coal,34.309,4.971,Panamax / Supramax,live_disr_jun2026+cache
2009-06-01,2009 Q2,Bauxite,1.317,0.027,Capesize / Ultramax,live_disr_jun2026+cache
2009-06-01,2009 Q2,Iron Ore,88.945,7.052,Capesize (C5/C3),live_disr_jun2026+cache
2009-06-01,2009 Q2,LNG,4.04,1.591,LNG Carrier (174k),live_disr_jun2026+cache
2009-06-01,2009 Q2,Metallurgical Coal,33.044,6.24,Panamax / Capesize,live_disr_jun2026+cache
2009-06-01,2009 Q2,Thermal Coal,34.725,3.444,Panamax / Supramax,live_disr_jun2026+cache
2009-09-01,2009 Q3,Bauxite,1.616,0.03,Capesize / Ultramax,live_disr_jun2026+cache
2009-09-01,2009 Q3,Iron Ore,97.594,7.181,Capesize (C5/C3),live_disr_jun2026+cache
2009-09-01,2009 Q3,LNG,4.662,1.713,LNG Carrier (174k),live_disr_jun2026+cache
2009-09-01,2009 Q3,Metallurgical Coal,38.795,5.712,Panamax / Capesize,live_disr_jun2026+cache
2009-09-01,2009 Q3,Thermal Coal,34.679,3.143,Panamax / Supramax,live_disr_jun2026+cache
2009-12-01,2009 Q4,Bauxite,2.284,0.045,Capesize / Ultramax,live_disr_jun2026+cache
2009-12-01,2009 Q4,Iron Ore,98.063,6.931,Capesize (C5/C3),live_disr_jun2026+cache
2009-12-01,2009 Q4,LNG,4.448,1.84,LNG Carrier (174k),live_disr_jun2026+cache
2009-12-01,2009 Q4,Metallurgical Coal,39.45,5.344,Panamax / Capesize,live_disr_jun2026+cache
2009-12-01,2009 Q4,Thermal Coal,35.798,2.895,Panamax / Supramax,live_disr_jun2026+cache
2010-03-01,2010 Q1,Bauxite,1.908,0.044,Capesize / Ultramax,live_disr_jun2026+cache
2010-03-01,2010 Q1,Iron Ore,94.565,7.807,Capesize (C5/C3),live_disr_jun2026+cache
2010-03-01,2010 Q1,LNG,4.66,2.219,LNG Carrier (174k),live_disr_jun2026+cache
2010-03-01,2010 Q1,Metallurgical Coal,35.428,4.988,Panamax / Capesize,live_disr_jun2026+cache
2010-03-01,2010 Q1,Thermal Coal,30.938,2.616,Panamax / Supramax,live_disr_jun2026+cache
2010-06-01,2010 Q2,Bauxite,2.215,0.06,Capesize / Ultramax,live_disr_jun2026+cache
2010-06-01,2010 Q2,Iron Ore,99.65,13.156,Capesize (C5/C3),live_disr_jun2026+cache
2010-06-01,2010 Q2,LNG,4.096,2.016,LNG Carrier (174k),live_disr_jun2026+cache
2010-06-01,2010 Q2,Metallurgical Coal,43.591,8.482,Panamax / Capesize,live_disr_jun2026+cache
2010-06-01,2010 Q2,Thermal Coal,33.936,3.267,Panamax / Supramax,live_disr_jun2026+cache
2010-09-01,2010 Q3,Bauxite,2.055,0.057,Capesize / Ultramax,live_disr_jun2026+cache
2010-09-01,2010 Q3,Iron Ore,99.026,14.386,Capesize (C5/C3),live_disr_jun2026+cache
2010-09-01,2010 Q3,LNG,4.947,2.861,LNG Carrier (174k),live_disr_jun2026+cache
2010-09-01,2010 Q3,Metallurgical Coal,39.955,8.579,Panamax / Capesize,live_disr_jun2026+cache
2010-09-01,2010 Q3,Thermal Coal,39.256,3.881,Panamax / Supramax,live_disr_jun2026+cache
2010-12-01,2010 Q4,Bauxite,1.772,0.044,Capesize / Ultramax,live_disr_jun2026+cache
2010-12-01,2010 Q4,Iron Ore,108.618,14.021,Capesize (C5/C3),live_disr_jun2026+cache
2010-12-01,2010 Q4,LNG,5.18,2.48,LNG Carrier (174k),live_disr_jun2026+cache
2010-12-01,2010 Q4,Metallurgical Coal,39.984,7.649,Panamax / Capesize,live_disr_jun2026+cache
2010-12-01,2010 Q4,Thermal Coal,37.93,3.504,Panamax / Supramax,live_disr_jun2026+cache
2011-03-01,2011 Q1,Bauxite,2.105,0.059,Capesize / Ultramax,live_disr_jun2026+cache
2011-03-01,2011 Q1,Iron Ore,93.737,13.707,Capesize (C5/C3),live_disr_jun2026+cache
2011-03-01,2011 Q1,LNG,4.85,2.463,LNG Carrier (174k),live_disr_jun2026+cache
2011-03-01,2011 Q1,Metallurgical Coal,27.475,5.417,Panamax / Capesize,live_disr_jun2026+cache
2011-03-01,2011 Q1,Thermal Coal,30.282,3.01,Panamax / Supramax,live_disr_jun2026+cache
2011-06-01,2011 Q2,Bauxite,2.663,0.07,Capesize / Ultramax,live_disr_jun2026+cache
2011-06-01,2011 Q2,Iron Ore,105.499,16.272,Capesize (C5/C3),live_disr_jun2026+cache
2011-06-01,2011 Q2,LNG,4.98,2.633,LNG Carrier (174k),live_disr_jun2026+cache
2011-06-01,2011 Q2,Metallurgical Coal,33.042,8.147,Panamax / Capesize,live_disr_jun2026+cache
2011-06-01,2011 Q2,Thermal Coal,36.588,3.665,Panamax / Supramax,live_disr_jun2026+cache
2011-09-01,2011 Q3,Bauxite,2.724,0.074,Capesize / Ultramax,live_disr_jun2026+cache
2011-09-01,2011 Q3,Iron Ore,117.314,17.992,Capesize (C5/C3),live_disr_jun2026+cache
2011-09-01,2011 Q3,LNG,4.81,2.951,LNG Carrier (174k),live_disr_jun2026+cache
2011-09-01,2011 Q3,Metallurgical Coal,35.333,8.836,Panamax / Capesize,live_disr_jun2026+cache
2011-09-01,2011 Q3,Thermal Coal,39.818,4.279,Panamax / Supramax,live_disr_jun2026+cache
2011-12-01,2011 Q4,Bauxite,2.803,0.083,Capesize / Ultramax,live_disr_jun2026+cache
2011-12-01,2011 Q4,Iron Ore,121.273,16.126,Capesize (C5/C3),live_disr_jun2026+cache
2011-12-01,2011 Q4,LNG,4.681,3.036,LNG Carrier (174k),live_disr_jun2026+cache
2011-12-01,2011 Q4,Metallurgical Coal,36.858,8.636,Panamax / Capesize,live_disr_jun2026+cache
2011-12-01,2011 Q4,Thermal Coal,41.394,4.701,Panamax / Supramax,live_disr_jun2026+cache
2012-03-01,2012 Q1,Bauxite,2.313,0.063,Capesize / Ultramax,live_disr_jun2026+cache
2012-03-01,2012 Q1,Iron Ore,108.433,13.045,Capesize (C5/C3),live_disr_jun2026+cache
2012-03-01,2012 Q1,LNG,4.587,2.818,LNG Carrier (174k),live_disr_jun2026+cache
2012-03-01,2012 Q1,Metallurgical Coal,34.349,6.609,Panamax / Capesize,live_disr_jun2026+cache
2012-03-01,2012 Q1,Thermal Coal,37.109,4.011,Panamax / Supramax,live_disr_jun2026+cache
2012-06-01,2012 Q2,Bauxite,2.678,0.076,Capesize / Ultramax,live_disr_jun2026+cache
2012-06-01,2012 Q2,Iron Ore,123.022,15.532,Capesize (C5/C3),live_disr_jun2026+cache
2012-06-01,2012 Q2,LNG,4.788,3.144,LNG Carrier (174k),live_disr_jun2026+cache
2012-06-01,2012 Q2,Metallurgical Coal,35.857,6.619,Panamax / Capesize,live_disr_jun2026+cache
2012-06-01,2012 Q2,Thermal Coal,40.831,4.221,Panamax / Supramax,live_disr_jun2026+cache
2012-09-01,2012 Q3,Bauxite,2.769,0.079,Capesize / Ultramax,live_disr_jun2026+cache
2012-09-01,2012 Q3,Iron Ore,125.286,12.903,Capesize (C5/C3),live_disr_jun2026+cache
2012-09-01,2012 Q3,LNG,6.243,4.061,LNG Carrier (174k),live_disr_jun2026+cache
2012-09-01,2012 Q3,Metallurgical Coal,34.381,5.842,Panamax / Capesize,live_disr_jun2026+cache
2012-09-01,2012 Q3,Thermal Coal,44.918,4.247,Panamax / Supramax,live_disr_jun2026+cache
2012-12-01,2012 Q4,Bauxite,2.594,0.073,Capesize / Ultramax,live_disr_jun2026+cache
2012-12-01,2012 Q4,Iron Ore,134.87,12.968,Capesize (C5/C3),live_disr_jun2026+cache
2012-12-01,2012 Q4,LNG,6.148,3.393,LNG Carrier (174k),live_disr_jun2026+cache
2012-12-01,2012 Q4,Metallurgical Coal,39.99,5.402,Panamax / Capesize,live_disr_jun2026+cache
2012-12-01,2012 Q4,Thermal Coal,48.594,4.322,Panamax / Supramax,live_disr_jun2026+cache
2013-03-01,2013 Q1,Bauxite,2.96,0.087,Capesize / Ultramax,live_disr_jun2026+cache
2013-03-01,2013 Q1,Iron Ore,124.919,14.694,Capesize (C5/C3),live_disr_jun2026+cache
2013-03-01,2013 Q1,LNG,5.635,3.357,LNG Carrier (174k),live_disr_jun2026+cache
2013-03-01,2013 Q1,Metallurgical Coal,37.565,5.191,Panamax / Capesize,live_disr_jun2026+cache
2013-03-01,2013 Q1,Thermal Coal,41.711,3.582,Panamax / Supramax,live_disr_jun2026+cache
2013-06-01,2013 Q2,Bauxite,4.244,0.143,Capesize / Ultramax,live_disr_jun2026+cache
2013-06-01,2013 Q2,Iron Ore,141.944,16.51,Capesize (C5/C3),live_disr_jun2026+cache
2013-06-01,2013 Q2,LNG,5.477,3.459,LNG Carrier (174k),live_disr_jun2026+cache
2013-06-01,2013 Q2,Metallurgical Coal,42.257,5.999,Panamax / Capesize,live_disr_jun2026+cache
2013-06-01,2013 Q2,Thermal Coal,46.78,4.054,Panamax / Supramax,live_disr_jun2026+cache
2013-09-01,2013 Q3,Bauxite,4.368,0.156,Capesize / Ultramax,live_disr_jun2026+cache
2013-09-01,2013 Q3,Iron Ore,151.355,18.498,Capesize (C5/C3),live_disr_jun2026+cache
2013-09-01,2013 Q3,LNG,5.766,3.989,LNG Carrier (174k),live_disr_jun2026+cache
2013-09-01,2013 Q3,Metallurgical Coal,42.838,5.789,Panamax / Capesize,live_disr_jun2026+cache
2013-09-01,2013 Q3,Thermal Coal,48.832,4.383,Panamax / Supramax,live_disr_jun2026+cache
2013-12-01,2013 Q4,Bauxite,4.096,0.155,Capesize / Ultramax,live_disr_jun2026+cache
2013-12-01,2013 Q4,Iron Ore,160.804,19.79,Capesize (C5/C3),live_disr_jun2026+cache
2013-12-01,2013 Q4,LNG,5.897,3.796,LNG Carrier (174k),live_disr_jun2026+cache
2013-12-01,2013 Q4,Metallurgical Coal,47.35,6.41,Panamax / Capesize,live_disr_jun2026+cache
2013-12-01,2013 Q4,Thermal Coal,51.086,4.397,Panamax / Supramax,live_disr_jun2026+cache
2014-03-01,2014 Q1,Bauxite,2.669,0.092,Capesize / Ultramax,live_disr_jun2026+cache
2014-03-01,2014 Q1,Iron Ore,158.466,19.03,Capesize (C5/C3),live_disr_jun2026+cache
2014-03-01,2014 Q1,LNG,5.823,4.293,LNG Carrier (174k),live_disr_jun2026+cache
2014-03-01,2014 Q1,Metallurgical Coal,42.904,5.701,Panamax / Capesize,live_disr_jun2026+cache
2014-03-01,2014 Q1,Thermal Coal,46.961,4.141,Panamax / Supramax,live_disr_jun2026+cache
2014-06-01,2014 Q2,Bauxite,4.013,0.144,Capesize / Ultramax,live_disr_jun2026+cache
2014-06-01,2014 Q2,Iron Ore,180.804,17.353,Capesize (C5/C3),live_disr_jun2026+cache
2014-06-01,2014 Q2,LNG,5.76,4.227,LNG Carrier (174k),live_disr_jun2026+cache
2014-06-01,2014 Q2,Metallurgical Coal,47.366,5.354,Panamax / Capesize,live_disr_jun2026+cache
2014-06-01,2014 Q2,Thermal Coal,47.708,3.785,Panamax / Supramax,live_disr_jun2026+cache
2014-09-01,2014 Q3,Bauxite,4.945,0.191,Capesize / Ultramax,live_disr_jun2026+cache
2014-09-01,2014 Q3,Iron Ore,187.656,15.516,Capesize (C5/C3),live_disr_jun2026+cache
2014-09-01,2014 Q3,LNG,6.34,4.524,LNG Carrier (174k),live_disr_jun2026+cache
2014-09-01,2014 Q3,Metallurgical Coal,46.767,5.041,Panamax / Capesize,live_disr_jun2026+cache
2014-09-01,2014 Q3,Thermal Coal,53.089,4.05,Panamax / Supramax,live_disr_jun2026+cache
2014-12-01,2014 Q4,Bauxite,5.236,0.24,Capesize / Ultramax,live_disr_jun2026+cache
2014-12-01,2014 Q4,Iron Ore,190.037,14.11,Capesize (C5/C3),live_disr_jun2026+cache
2014-12-01,2014 Q4,LNG,5.941,4.699,LNG Carrier (174k),live_disr_jun2026+cache
2014-12-01,2014 Q4,Metallurgical Coal,49.328,5.755,Panamax / Capesize,live_disr_jun2026+cache
2014-12-01,2014 Q4,Thermal Coal,53.287,4.172,Panamax / Supramax,live_disr_jun2026+cache
2015-03-01,2015 Q1,Bauxite,4.785,0.239,Capesize / Ultramax,live_disr_jun2026+cache
2015-03-01,2015 Q1,Iron Ore,180.047,12.751,Capesize (C5/C3),live_disr_jun2026+cache
2015-03-01,2015 Q1,LNG,6.554,4.555,LNG Carrier (174k),live_disr_jun2026+cache
2015-03-01,2015 Q1,Metallurgical Coal,45.125,5.734,Panamax / Capesize,live_disr_jun2026+cache
2015-03-01,2015 Q1,Thermal Coal,49.867,4.096,Panamax / Supramax,live_disr_jun2026+cache
2015-06-01,2015 Q2,Bauxite,5.238,0.265,Capesize / Ultramax,live_disr_jun2026+cache
2015-06-01,2015 Q2,Iron Ore,189.984,12.142,Capesize (C5/C3),live_disr_jun2026+cache
2015-06-01,2015 Q2,LNG,6.212,3.117,LNG Carrier (174k),live_disr_jun2026+cache
2015-06-01,2015 Q2,Metallurgical Coal,46.445,5.284,Panamax / Capesize,live_disr_jun2026+cache
2015-06-01,2015 Q2,Thermal Coal,48.442,3.751,Panamax / Supramax,live_disr_jun2026+cache
2015-09-01,2015 Q3,Bauxite,5.308,0.274,Capesize / Ultramax,live_disr_jun2026+cache
2015-09-01,2015 Q3,Iron Ore,198.683,12.85,Capesize (C5/C3),live_disr_jun2026+cache
2015-09-01,2015 Q3,LNG,8.121,4.241,LNG Carrier (174k),live_disr_jun2026+cache
2015-09-01,2015 Q3,Metallurgical Coal,47.613,5.325,Panamax / Capesize,live_disr_jun2026+cache
2015-09-01,2015 Q3,Thermal Coal,52.183,4.143,Panamax / Supramax,live_disr_jun2026+cache
2015-12-01,2015 Q4,Bauxite,4.95,0.258,Capesize / Ultramax,live_disr_jun2026+cache
2015-12-01,2015 Q4,Iron Ore,198.079,11.357,Capesize (C5/C3),live_disr_jun2026+cache
2015-12-01,2015 Q4,LNG,9.014,4.534,LNG Carrier (174k),live_disr_jun2026+cache
2015-12-01,2015 Q4,Metallurgical Coal,46.919,4.821,Panamax / Capesize,live_disr_jun2026+cache
2015-12-01,2015 Q4,Thermal Coal,51.755,3.881,Panamax / Supramax,live_disr_jun2026+cache
2016-03-01,2016 Q1,Bauxite,5.244,0.224,Capesize / Ultramax,live_disr_jun2026+cache
2016-03-01,2016 Q1,Iron Ore,187.937,10.733,Capesize (C5/C3),live_disr_jun2026+cache
2016-03-01,2016 Q1,LNG,9.932,4.362,LNG Carrier (174k),live_disr_jun2026+cache
2016-03-01,2016 Q1,Metallurgical Coal,44.105,4.421,Panamax / Capesize,live_disr_jun2026+cache
2016-03-01,2016 Q1,Thermal Coal,48.818,3.421,Panamax / Supramax,live_disr_jun2026+cache
2016-06-01,2016 Q2,Bauxite,5.469,0.235,Capesize / Ultramax,live_disr_jun2026+cache
2016-06-01,2016 Q2,Iron Ore,201.144,12.859,Capesize (C5/C3),live_disr_jun2026+cache
2016-06-01,2016 Q2,LNG,9.784,3.439,LNG Carrier (174k),live_disr_jun2026+cache
2016-06-01,2016 Q2,Metallurgical Coal,49.362,5.223,Panamax / Capesize,live_disr_jun2026+cache
2016-06-01,2016 Q2,Thermal Coal,48.546,3.307,Panamax / Supramax,live_disr_jun2026+cache
2016-09-01,2016 Q3,Bauxite,6.505,0.266,Capesize / Ultramax,live_disr_jun2026+cache
2016-09-01,2016 Q3,Iron Ore,204.767,13.495,Capesize (C5/C3),live_disr_jun2026+cache
2016-09-01,2016 Q3,LNG,12.155,4.6,LNG Carrier (174k),live_disr_jun2026+cache
2016-09-01,2016 Q3,Metallurgical Coal,46.267,5.498,Panamax / Capesize,live_disr_jun2026+cache
2016-09-01,2016 Q3,Thermal Coal,52.684,3.885,Panamax / Supramax,live_disr_jun2026+cache
2016-12-01,2016 Q4,Bauxite,6.03,0.258,Capesize / Ultramax,live_disr_jun2026+cache
2016-12-01,2016 Q4,Iron Ore,214.198,16.67,Capesize (C5/C3),live_disr_jun2026+cache
2016-12-01,2016 Q4,LNG,13.116,5.511,LNG Carrier (174k),live_disr_jun2026+cache
2016-12-01,2016 Q4,Metallurgical Coal,49.495,11.289,Panamax / Capesize,live_disr_jun2026+cache
2016-12-01,2016 Q4,Thermal Coal,51.876,5.227,Panamax / Supramax,live_disr_jun2026+cache
2017-03-01,2017 Q1,Bauxite,5.633,0.234,Capesize / Ultramax,live_disr_jun2026+cache
2017-03-01,2017 Q1,Iron Ore,192.029,17.571,Capesize (C5/C3),live_disr_jun2026+cache
2017-03-01,2017 Q1,LNG,12.902,5.742,LNG Carrier (174k),live_disr_jun2026+cache
2017-03-01,2017 Q1,Metallurgical Coal,42.949,10.009,Panamax / Capesize,live_disr_jun2026+cache
2017-03-01,2017 Q1,Thermal Coal,48.53,4.884,Panamax / Supramax,live_disr_jun2026+cache
2017-06-01,2017 Q2,Bauxite,6.684,0.284,Capesize / Ultramax,live_disr_jun2026+cache
2017-06-01,2017 Q2,Iron Ore,206.953,14.881,Capesize (C5/C3),live_disr_jun2026+cache
2017-06-01,2017 Q2,LNG,13.948,6.455,LNG Carrier (174k),live_disr_jun2026+cache
2017-06-01,2017 Q2,Metallurgical Coal,38.489,8.539,Panamax / Capesize,live_disr_jun2026+cache
2017-06-01,2017 Q2,Thermal Coal,48.649,4.905,Panamax / Supramax,live_disr_jun2026+cache
2017-09-01,2017 Q3,Bauxite,7.194,0.276,Capesize / Ultramax,live_disr_jun2026+cache
2017-09-01,2017 Q3,Iron Ore,210.524,15.803,Capesize (C5/C3),live_disr_jun2026+cache
2017-09-01,2017 Q3,LNG,14.702,6.483,LNG Carrier (174k),live_disr_jun2026+cache
2017-09-01,2017 Q3,Metallurgical Coal,47.242,8.82,Panamax / Capesize,live_disr_jun2026+cache
2017-09-01,2017 Q3,Thermal Coal,52.551,5.347,Panamax / Supramax,live_disr_jun2026+cache
2017-12-01,2017 Q4,Bauxite,7.689,0.305,Capesize / Ultramax,live_disr_jun2026+cache
2017-12-01,2017 Q4,Iron Ore,217.634,14.849,Capesize (C5/C3),live_disr_jun2026+cache
2017-12-01,2017 Q4,LNG,15.352,6.938,LNG Carrier (174k),live_disr_jun2026+cache
2017-12-01,2017 Q4,Metallurgical Coal,43.995,8.933,Panamax / Capesize,live_disr_jun2026+cache
2017-12-01,2017 Q4,Thermal Coal,50.611,5.695,Panamax / Supramax,live_disr_jun2026+cache
2018-03-01,2018 Q1,Bauxite,7.053,0.28,Capesize / Ultramax,live_disr_jun2026+cache
2018-03-01,2018 Q1,Iron Ore,197.897,15.055,Capesize (C5/C3),live_disr_jun2026+cache
2018-03-01,2018 Q1,LNG,16.113,8.462,LNG Carrier (174k),live_disr_jun2026+cache
2018-03-01,2018 Q1,Metallurgical Coal,43.326,9.936,Panamax / Capesize,live_disr_jun2026+cache
2018-03-01,2018 Q1,Thermal Coal,47.843,5.538,Panamax / Supramax,live_disr_jun2026+cache
2018-06-01,2018 Q2,Bauxite,7.944,0.329,Capesize / Ultramax,live_disr_jun2026+cache
2018-06-01,2018 Q2,Iron Ore,222.202,15.685,Capesize (C5/C3),live_disr_jun2026+cache
2018-06-01,2018 Q2,LNG,15.524,9.024,LNG Carrier (174k),live_disr_jun2026+cache
2018-06-01,2018 Q2,Metallurgical Coal,44.68,10.104,Panamax / Capesize,live_disr_jun2026+cache
2018-06-01,2018 Q2,Thermal Coal,51.696,6.006,Panamax / Supramax,live_disr_jun2026+cache
2018-09-01,2018 Q3,Bauxite,8.66,0.369,Capesize / Ultramax,live_disr_jun2026+cache
2018-09-01,2018 Q3,Iron Ore,206.173,15.508,Capesize (C5/C3),live_disr_jun2026+cache
2018-09-01,2018 Q3,LNG,18.353,12.023,LNG Carrier (174k),live_disr_jun2026+cache
2018-09-01,2018 Q3,Metallurgical Coal,43.962,9.906,Panamax / Capesize,live_disr_jun2026+cache
2018-09-01,2018 Q3,Thermal Coal,54.847,7.2,Panamax / Supramax,live_disr_jun2026+cache
2018-12-01,2018 Q4,Bauxite,7.854,0.33,Capesize / Ultramax,live_disr_jun2026+cache
2018-12-01,2018 Q4,Iron Ore,208.282,17.091,Capesize (C5/C3),live_disr_jun2026+cache
2018-12-01,2018 Q4,LNG,19.528,13.788,LNG Carrier (174k),live_disr_jun2026+cache
2018-12-01,2018 Q4,Metallurgical Coal,46.885,11.298,Panamax / Capesize,live_disr_jun2026+cache
2018-12-01,2018 Q4,Thermal Coal,53.268,6.861,Panamax / Supramax,live_disr_jun2026+cache
2019-03-01,2019 Q1,Bauxite,7.688,0.314,Capesize / Ultramax,live_disr_jun2026+cache
2019-03-01,2019 Q1,Iron Ore,186.013,18.383,Capesize (C5/C3),live_disr_jun2026+cache
2019-03-01,2019 Q1,LNG,17.936,12.915,LNG Carrier (174k),live_disr_jun2026+cache
2019-03-01,2019 Q1,Metallurgical Coal,43.888,10.573,Panamax / Capesize,live_disr_jun2026+cache
2019-03-01,2019 Q1,Thermal Coal,49.297,6.128,Panamax / Supramax,live_disr_jun2026+cache
2019-06-01,2019 Q2,Bauxite,9.344,0.388,Capesize / Ultramax,live_disr_jun2026+cache
2019-06-01,2019 Q2,Iron Ore,217.501,26.572,Capesize (C5/C3),live_disr_jun2026+cache
2019-06-01,2019 Q2,LNG,18.984,11.002,LNG Carrier (174k),live_disr_jun2026+cache
2019-06-01,2019 Q2,Metallurgical Coal,48.785,11.86,Panamax / Capesize,live_disr_jun2026+cache
2019-06-01,2019 Q2,Thermal Coal,52.367,5.77,Panamax / Supramax,live_disr_jun2026+cache
2019-09-01,2019 Q3,Bauxite,10.688,0.458,Capesize / Ultramax,live_disr_jun2026+cache
2019-09-01,2019 Q3,Iron Ore,213.075,26.984,Capesize (C5/C3),live_disr_jun2026+cache
2019-09-01,2019 Q3,LNG,20.218,12.683,LNG Carrier (174k),live_disr_jun2026+cache
2019-09-01,2019 Q3,Metallurgical Coal,45.607,10.245,Panamax / Capesize,live_disr_jun2026+cache
2019-09-01,2019 Q3,Thermal Coal,55.275,5.544,Panamax / Supramax,live_disr_jun2026+cache
2019-12-01,2019 Q4,Bauxite,11.428,0.417,Capesize / Ultramax,live_disr_jun2026+cache
2019-12-01,2019 Q4,Iron Ore,218.957,24.245,Capesize (C5/C3),live_disr_jun2026+cache
2019-12-01,2019 Q4,LNG,19.897,12.053,LNG Carrier (174k),live_disr_jun2026+cache
2019-12-01,2019 Q4,Metallurgical Coal,46.075,8.602,Panamax / Capesize,live_disr_jun2026+cache
2019-12-01,2019 Q4,Thermal Coal,55.337,5.218,Panamax / Supramax,live_disr_jun2026+cache
2020-03-01,2020 Q1,Bauxite,8.325,0.319,Capesize / Ultramax,live_disr_jun2026+cache
2020-03-01,2020 Q1,Iron Ore,196.586,23.106,Capesize (C5/C3),live_disr_jun2026+cache
2020-03-01,2020 Q1,LNG,20.082,12.561,LNG Carrier (174k),live_disr_jun2026+cache
2020-03-01,2020 Q1,Metallurgical Coal,42.838,8.053,Panamax / Capesize,live_disr_jun2026+cache
2020-03-01,2020 Q1,Thermal Coal,51.997,5.135,Panamax / Supramax,live_disr_jun2026+cache
2020-06-01,2020 Q2,Bauxite,10.584,0.454,Capesize / Ultramax,live_disr_jun2026+cache
2020-06-01,2020 Q2,Iron Ore,229.475,28.527,Capesize (C5/C3),live_disr_jun2026+cache
2020-06-01,2020 Q2,LNG,19.047,10.228,LNG Carrier (174k),live_disr_jun2026+cache
2020-06-01,2020 Q2,Metallurgical Coal,42.784,7.345,Panamax / Capesize,live_disr_jun2026+cache
2020-06-01,2020 Q2,Thermal Coal,50.081,4.478,Panamax / Supramax,live_disr_jun2026+cache
2020-09-01,2020 Q3,Bauxite,10.709,0.414,Capesize / Ultramax,live_disr_jun2026+cache
2020-09-01,2020 Q3,Iron Ore,217.912,30.04,Capesize (C5/C3),live_disr_jun2026+cache
2020-09-01,2020 Q3,LNG,18.406,6.047,LNG Carrier (174k),live_disr_jun2026+cache
2020-09-01,2020 Q3,Metallurgical Coal,42.791,5.634,Panamax / Capesize,live_disr_jun2026+cache
2020-09-01,2020 Q3,Thermal Coal,47.409,3.433,Panamax / Supramax,live_disr_jun2026+cache
2020-12-01,2020 Q4,Bauxite,7.828,0.303,Capesize / Ultramax,live_disr_jun2026+cache
2020-12-01,2020 Q4,Iron Ore,223.258,35.241,Capesize (C5/C3),live_disr_jun2026+cache
2020-12-01,2020 Q4,LNG,20.502,7.374,LNG Carrier (174k),live_disr_jun2026+cache
2020-12-01,2020 Q4,Metallurgical Coal,43.408,5.713,Panamax / Capesize,live_disr_jun2026+cache
2020-12-01,2020 Q4,Thermal Coal,50.034,3.578,Panamax / Supramax,live_disr_jun2026+cache
2021-03-01,2021 Q1,Bauxite,8.335,0.308,Capesize / Ultramax,live_disr_jun2026+cache
2021-03-01,2021 Q1,Iron Ore,204.556,38.529,Capesize (C5/C3),live_disr_jun2026+cache
2021-03-01,2021 Q1,LNG,19.989,8.344,LNG Carrier (174k),live_disr_jun2026+cache
2021-03-01,2021 Q1,Metallurgical Coal,41.058,5.591,Panamax / Capesize,live_disr_jun2026+cache
2021-03-01,2021 Q1,Thermal Coal,46.174,4.068,Panamax / Supramax,live_disr_jun2026+cache
2021-06-01,2021 Q2,Bauxite,8.909,0.314,Capesize / Ultramax,live_disr_jun2026+cache
2021-06-01,2021 Q2,Iron Ore,221.206,49.165,Capesize (C5/C3),live_disr_jun2026+cache
2021-06-01,2021 Q2,LNG,18.53,8.712,LNG Carrier (174k),live_disr_jun2026+cache
2021-06-01,2021 Q2,Metallurgical Coal,44.015,6.25,Panamax / Capesize,live_disr_jun2026+cache
2021-06-01,2021 Q2,Thermal Coal,48.433,4.93,Panamax / Supramax,live_disr_jun2026+cache
2021-09-01,2021 Q3,Bauxite,9.635,0.344,Capesize / Ultramax,live_disr_jun2026+cache
2021-09-01,2021 Q3,Iron Ore,219.808,41.264,Capesize (C5/C3),live_disr_jun2026+cache
2021-09-01,2021 Q3,LNG,21.262,14.172,LNG Carrier (174k),live_disr_jun2026+cache
2021-09-01,2021 Q3,Metallurgical Coal,41.28,9.514,Panamax / Capesize,live_disr_jun2026+cache
2021-09-01,2021 Q3,Thermal Coal,55.014,7.951,Panamax / Supramax,live_disr_jun2026+cache
2021-12-01,2021 Q4,Bauxite,8.513,0.3,Capesize / Ultramax,live_disr_jun2026+cache
2021-12-01,2021 Q4,Iron Ore,225.686,25.698,Capesize (C5/C3),live_disr_jun2026+cache
2021-12-01,2021 Q4,LNG,21.442,18.583,LNG Carrier (174k),live_disr_jun2026+cache
2021-12-01,2021 Q4,Metallurgical Coal,40.64,15.485,Panamax / Capesize,live_disr_jun2026+cache
2021-12-01,2021 Q4,Thermal Coal,49.169,9.716,Panamax / Supramax,live_disr_jun2026+cache
2022-03-01,2022 Q1,Bauxite,8.682,0.261,Capesize / Ultramax,live_disr_jun2026+cache
2022-03-01,2022 Q1,Iron Ore,206.443,31.112,Capesize (C5/C3),live_disr_jun2026+cache
2022-03-01,2022 Q1,LNG,19.848,17.979,LNG Carrier (174k),live_disr_jun2026+cache
2022-03-01,2022 Q1,Metallurgical Coal,39.693,18.456,Panamax / Capesize,live_disr_jun2026+cache
2022-03-01,2022 Q1,Thermal Coal,44.528,10.702,Panamax / Supramax,live_disr_jun2026+cache
2022-06-01,2022 Q2,Bauxite,9.128,0.271,Capesize / Ultramax,live_disr_jun2026+cache
2022-06-01,2022 Q2,Iron Ore,222.208,34.414,Capesize (C5/C3),live_disr_jun2026+cache
2022-06-01,2022 Q2,LNG,20.688,19.838,LNG Carrier (174k),live_disr_jun2026+cache
2022-06-01,2022 Q2,Metallurgical Coal,40.909,24.133,Panamax / Capesize,live_disr_jun2026+cache
2022-06-01,2022 Q2,Thermal Coal,47.506,17.889,Panamax / Supramax,live_disr_jun2026+cache
2022-09-01,2022 Q3,Bauxite,8.921,0.274,Capesize / Ultramax,live_disr_jun2026+cache
2022-09-01,2022 Q3,Iron Ore,221.711,28.74,Capesize (C5/C3),live_disr_jun2026+cache
2022-09-01,2022 Q3,LNG,19.684,25.414,LNG Carrier (174k),live_disr_jun2026+cache
2022-09-01,2022 Q3,Metallurgical Coal,38.867,15.886,Panamax / Capesize,live_disr_jun2026+cache
2022-09-01,2022 Q3,Thermal Coal,41.958,19.247,Panamax / Supramax,live_disr_jun2026+cache
2022-12-01,2022 Q4,Bauxite,9.202,0.327,Capesize / Ultramax,live_disr_jun2026+cache
2022-12-01,2022 Q4,Iron Ore,233.263,29.947,Capesize (C5/C3),live_disr_jun2026+cache
2022-12-01,2022 Q4,LNG,21.152,27.112,LNG Carrier (174k),live_disr_jun2026+cache
2022-12-01,2022 Q4,Metallurgical Coal,41.064,16.072,Panamax / Capesize,live_disr_jun2026+cache
2022-12-01,2022 Q4,Thermal Coal,44.662,19.961,Panamax / Supramax,live_disr_jun2026+cache
2023-03-01,2023 Q1,Bauxite,6.998,0.285,Capesize / Ultramax,live_disr_jun2026+cache
2023-03-01,2023 Q1,Iron Ore,215.337,32.941,Capesize (C5/C3),live_disr_jun2026+cache
2023-03-01,2023 Q1,LNG,20.671,22.555,LNG Carrier (174k),live_disr_jun2026+cache
2023-03-01,2023 Q1,Metallurgical Coal,34.609,14.362,Panamax / Capesize,live_disr_jun2026+cache
2023-03-01,2023 Q1,Thermal Coal,45.38,14.918,Panamax / Supramax,live_disr_jun2026+cache
2023-06-01,2023 Q2,Bauxite,8.992,0.398,Capesize / Ultramax,live_disr_jun2026+cache
2023-06-01,2023 Q2,Iron Ore,224.228,32.504,Capesize (C5/C3),live_disr_jun2026+cache
2023-06-01,2023 Q2,LNG,20.025,17.157,LNG Carrier (174k),live_disr_jun2026+cache
2023-06-01,2023 Q2,Metallurgical Coal,41.748,15.601,Panamax / Capesize,live_disr_jun2026+cache
2023-06-01,2023 Q2,Thermal Coal,50.131,11.374,Panamax / Supramax,live_disr_jun2026+cache
2023-09-01,2023 Q3,Bauxite,10.134,0.457,Capesize / Ultramax,live_disr_jun2026+cache
2023-09-01,2023 Q3,Iron Ore,222.788,32.859,Capesize (C5/C3),live_disr_jun2026+cache
2023-09-01,2023 Q3,LNG,19.72,16.769,LNG Carrier (174k),live_disr_jun2026+cache
2023-09-01,2023 Q3,Metallurgical Coal,35.851,11.943,Panamax / Capesize,live_disr_jun2026+cache
2023-09-01,2023 Q3,Thermal Coal,51.238,9.746,Panamax / Supramax,live_disr_jun2026+cache
2023-12-01,2023 Q4,Bauxite,11.357,0.54,Capesize / Ultramax,live_disr_jun2026+cache
2023-12-01,2023 Q4,Iron Ore,229.343,37.954,Capesize (C5/C3),live_disr_jun2026+cache
2023-12-01,2023 Q4,LNG,20.243,17.842,LNG Carrier (174k),live_disr_jun2026+cache
2023-12-01,2023 Q4,Metallurgical Coal,39.044,14.973,Panamax / Capesize,live_disr_jun2026+cache
2023-12-01,2023 Q4,Thermal Coal,55.455,10.269,Panamax / Supramax,live_disr_jun2026+cache
2024-03-01,2024 Q1,Bauxite,7.883,0.416,Capesize / Ultramax,live_disr_jun2026+cache
2024-03-01,2024 Q1,Iron Ore,210.171,34.263,Capesize (C5/C3),live_disr_jun2026+cache
2024-03-01,2024 Q1,LNG,20.984,18.124,LNG Carrier (174k),live_disr_jun2026+cache
2024-03-01,2024 Q1,Metallurgical Coal,36.485,14.254,Panamax / Capesize,live_disr_jun2026+cache
2024-03-01,2024 Q1,Thermal Coal,48.948,8.743,Panamax / Supramax,live_disr_jun2026+cache
2024-06-01,2024 Q2,Bauxite,11.124,0.626,Capesize / Ultramax,live_disr_jun2026+cache
2024-06-01,2024 Q2,Iron Ore,235.953,32.774,Capesize (C5/C3),live_disr_jun2026+cache
2024-06-01,2024 Q2,LNG,19.967,15.853,LNG Carrier (174k),live_disr_jun2026+cache
2024-06-01,2024 Q2,Metallurgical Coal,39.333,13.006,Panamax / Capesize,live_disr_jun2026+cache
2024-06-01,2024 Q2,Thermal Coal,49.379,8.456,Panamax / Supramax,live_disr_jun2026+cache
2024-09-01,2024 Q3,Bauxite,12.154,0.716,Capesize / Ultramax,live_disr_jun2026+cache
2024-09-01,2024 Q3,Iron Ore,226.315,27.891,Capesize (C5/C3),live_disr_jun2026+cache
2024-09-01,2024 Q3,LNG,19.693,15.922,LNG Carrier (174k),live_disr_jun2026+cache
2024-09-01,2024 Q3,Metallurgical Coal,38.217,11.296,Panamax / Capesize,live_disr_jun2026+cache
2024-09-01,2024 Q3,Thermal Coal,53.677,9.057,Panamax / Supramax,live_disr_jun2026+cache
2024-12-01,2024 Q4,Bauxite,11.402,0.738,Capesize / Ultramax,live_disr_jun2026+cache
2024-12-01,2024 Q4,Iron Ore,229.2,29.618,Capesize (C5/C3),live_disr_jun2026+cache
2024-12-01,2024 Q4,LNG,20.597,17.541,LNG Carrier (174k),live_disr_jun2026+cache
2024-12-01,2024 Q4,Metallurgical Coal,39.009,10.57,Panamax / Capesize,live_disr_jun2026+cache
2024-12-01,2024 Q4,Thermal Coal,56.994,9.773,Panamax / Supramax,live_disr_jun2026+cache
2025-03-01,2025 Q1,Bauxite,8.772,0.826,Capesize / Ultramax,live_disr_jun2026+cache
2025-03-01,2025 Q1,Iron Ore,206.201,28.563,Capesize (C5/C3),live_disr_jun2026+cache
2025-03-01,2025 Q1,LNG,19.275,15.845,LNG Carrier (174k),live_disr_jun2026+cache
2025-03-01,2025 Q1,Metallurgical Coal,32.738,8.608,Panamax / Capesize,live_disr_jun2026+cache
2025-03-01,2025 Q1,Thermal Coal,46.399,7.037,Panamax / Supramax,live_disr_jun2026+cache
2025-06-01,2025 Q2,Bauxite,10.84,1.013,Capesize / Ultramax,live_disr_jun2026+cache
2025-06-01,2025 Q2,Iron Ore,237.878,30.254,Capesize (C5/C3),live_disr_jun2026+cache
2025-06-01,2025 Q2,LNG,19.562,15.317,LNG Carrier (174k),live_disr_jun2026+cache
2025-06-01,2025 Q2,Metallurgical Coal,37.037,8.84,Panamax / Capesize,live_disr_jun2026+cache
2025-06-01,2025 Q2,Thermal Coal,47.792,6.127,Panamax / Supramax,live_disr_jun2026+cache
2025-09-01,2025 Q3,Bauxite,12.786,0.949,Capesize / Ultramax,live_disr_jun2026+cache
2025-09-01,2025 Q3,Iron Ore,231.379,29.41,Capesize (C5/C3),live_disr_jun2026+cache
2025-09-01,2025 Q3,LNG,19.144,14.54,LNG Carrier (174k),live_disr_jun2026+cache
2025-09-01,2025 Q3,Metallurgical Coal,37.2,8.667,Panamax / Capesize,live_disr_jun2026+cache
2025-09-01,2025 Q3,Thermal Coal,57.24,7.424,Panamax / Supramax,live_disr_jun2026+cache
2025-12-01,2025 Q4,Bauxite,11.748,0.788,Capesize / Ultramax,live_disr_jun2026+cache
2025-12-01,2025 Q4,Iron Ore,247.75,32.617,Capesize (C5/C3),live_disr_jun2026+cache
2025-12-01,2025 Q4,LNG,20.018,14.484,LNG Carrier (174k),live_disr_jun2026+cache
2025-12-01,2025 Q4,Metallurgical Coal,39.643,9.673,Panamax / Capesize,live_disr_jun2026+cache
2025-12-01,2025 Q4,Thermal Coal,57.879,7.783,Panamax / Supramax,live_disr_jun2026+cache
2026-03-01,2026 Q1,Bauxite,7.763,0.5,Capesize / Ultramax,live_disr_jun2026+cache
2026-03-01,2026 Q1,Iron Ore,217.593,27.031,Capesize (C5/C3),live_disr_jun2026+cache
2026-03-01,2026 Q1,LNG,19.663,13.042,LNG Carrier (174k),live_disr_jun2026+cache
2026-03-01,2026 Q1,Metallurgical Coal,32.633,8.315,Panamax / Capesize,live_disr_jun2026+cache
2026-03-01,2026 Q1,Thermal Coal,45.71,6.217,Panamax / Supramax,live_disr_jun2026+cache
