date,year,month,brazil_ore_export_kt,brazil_5y_avg_kt,guinea_bauxite_export_kt,guinea_5y_avg_kt,port_hedland_ore_mt,china_port_inventory_mt,long_haul_ton_miles_bn
2017-01-01,2017,1,27435.2,27435.2,3850.0,3850.0,43.5,132.5,344.91
2017-02-01,2017,2,24250.6,24250.6,4120.0,4120.0,45.0,130.0,312.9
2017-03-01,2017,3,31210.4,31210.4,4560.0,4560.0,42.0,127.5,394.39
2017-04-01,2017,4,26890.1,26890.1,4320.0,4320.0,43.5,135.0,344.18
2017-05-01,2017,5,32140.8,32140.8,4180.0,4180.0,45.0,132.5,400.36
2017-06-01,2017,6,34520.3,34520.3,3950.0,3950.0,42.0,130.0,423.96
2017-07-01,2017,7,29006.2,29006.2,3120.0,3120.0,43.5,127.5,354.01
2017-08-01,2017,8,36710.5,36710.5,2950.0,2950.0,45.0,135.0,436.86
2017-09-01,2017,9,33890.4,33890.4,3450.0,3450.0,42.0,132.5,411.43
2017-10-01,2017,10,34120.6,34120.6,4890.0,4890.0,43.5,130.0,430.09
2017-11-01,2017,11,33940.1,33940.1,5210.0,5210.0,45.0,127.5,431.69
2017-12-01,2017,12,38875.8,38875.8,6120.0,6120.0,42.0,135.0,496.18
2018-01-01,2018,1,27950.4,27435.2,4950.0,3850.0,44.7,134.5,362.89
2018-02-01,2018,2,25110.2,24250.6,5120.0,4120.0,46.2,132.0,333.56
2018-03-01,2018,3,28940.7,31210.4,5670.0,4560.0,43.2,129.5,381.85
2018-04-01,2018,4,29120.5,26890.1,5340.0,4320.0,44.7,137.0,380.13
2018-05-01,2018,5,35140.2,32140.8,5120.0,4180.0,46.2,134.5,443.89
2018-06-01,2018,6,33890.7,34520.3,4890.0,3950.0,43.2,132.0,427.57
2018-07-01,2018,7,35620.4,29006.2,3850.0,3120.0,44.7,156.67,434.94
2018-08-01,2018,8,38210.6,36710.5,3620.0,2950.0,46.2,152.5,460.86
2018-09-01,2018,9,36140.5,33890.4,4120.0,3450.0,43.2,149.5,443.69
2018-10-01,2018,10,37890.2,34120.6,5780.0,4890.0,44.7,145.0,481.53
2018-11-01,2018,11,34210.4,33940.1,5980.0,5210.0,46.2,141.5,443.29
2018-12-01,2018,12,37766.4,38875.8,6890.0,6120.0,43.2,137.5,492.6
2019-01-01,2019,1,32410.8,27692.8,5890.0,4400.0,45.9,139.0,422.49
2019-02-01,2019,2,28940.5,24680.4,6120.0,4620.0,47.4,144.0,386.89
2019-03-01,2019,3,22180.2,30075.6,6780.0,5115.0,44.4,147.0,319.92
2019-04-01,2019,4,18340.6,28005.3,6450.0,4830.0,45.9,145.33,273.99
2019-05-01,2019,5,29120.4,33640.5,6210.0,4650.0,47.4,130.5,389.88
2019-06-01,2019,6,29870.5,34205.5,5890.0,4420.0,44.4,119.5,394.54
2019-07-01,2019,7,34120.8,32313.3,4620.0,3485.0,45.9,117.0,427.07
2019-08-01,2019,8,32940.2,37460.6,4350.0,3285.0,47.4,122.0,411.06
2019-09-01,2019,9,37120.6,35015.4,4980.0,3785.0,44.4,125.0,464.1
2019-10-01,2019,10,31250.4,36005.4,6780.0,5335.0,45.9,130.0,419.69
2019-11-01,2019,11,27140.8,34075.2,7120.0,5595.0,47.4,131.0,378.29
2019-12-01,2019,12,36565.8,38321.1,8210.0,6505.0,44.4,129.5,494.18
2020-01-01,2020,1,26710.4,29265.5,6780.0,4896.7,47.1,128.5,369.75
2020-02-01,2020,2,21540.8,26100.4,7010.0,5120.0,48.6,129.0,315.46
2020-03-01,2020,3,20950.6,27443.8,7890.0,5670.0,45.6,124.67,318.82
2020-04-01,2020,4,23980.2,24783.7,7450.0,5370.0,47.1,118.5,347.22
2020-05-01,2020,5,21510.4,32133.8,7120.0,5170.0,48.6,111.5,316.36
2020-06-01,2020,6,30040.6,32760.5,6890.0,4910.0,45.6,108.5,407.61
2020-07-01,2020,7,33410.2,32915.8,5420.0,3863.3,47.1,111.0,428.22
2020-08-01,2020,8,31340.8,35953.8,5120.0,3640.0,48.6,117.0,402.09
2020-09-01,2020,9,37860.5,35717.2,5890.0,4183.3,45.6,118.33,482.43
2020-10-01,2020,10,31180.4,34420.4,7890.0,5816.7,46.477,126.0,431.35
2020-11-01,2020,11,29150.2,31763.8,8210.0,6103.3,41.625,131.5,412.6
2020-12-01,2020,12,34295.1,37736.0,9540.0,7073.3,46.499,127.5,484.09
2021-01-01,2021,1,27710.5,28626.7,7500.0,5367.5,48.3,126.0,388.82
2021-02-01,2021,2,22410.6,24960.5,6200.0,5592.5,37.488,126.0,315.96
2021-03-01,2021,3,25780.4,25820.5,7000.0,6225.0,46.8,131.33,361.98
2021-04-01,2021,4,24920.8,24582.8,6800.0,5890.0,48.3,135.0,350.29
2021-05-01,2021,5,29180.2,29477.9,6900.0,5657.5,48.049,133.0,398.26
2021-06-01,2021,6,31210.5,32080.5,6700.0,5405.0,50.376,126.5,418.36
2021-07-01,2021,7,31340.6,33039.4,5800.0,4252.5,48.3,120.97,409.71
2021-08-01,2021,8,34890.2,34800.5,6200.0,4010.0,43.925,119.74,453.23
2021-09-01,2021,9,31420.5,36253.0,4700.0,4610.0,46.984,126.84,398.27
2021-10-01,2021,10,30410.8,33610.4,5800.0,6335.0,46.697,134.74,399.48
2021-11-01,2021,11,30210.4,31110.4,6900.0,6630.0,49.8,145.93,409.59
2021-12-01,2021,12,29945.7,36875.8,9200.0,7690.0,46.8,150.94,432.44
2022-01-01,2022,1,24120.4,28443.5,7000.0,5794.0,49.5,151.4,343.72
2022-02-01,2022,2,21540.2,24450.5,7400.0,5714.0,51.0,153.06,319.82
2022-03-01,2022,3,24510.8,25812.5,8600.0,6380.0,48.0,152.14,365.94
2022-04-01,2022,4,25620.4,24650.4,7200.0,6072.0,49.5,145.32,362.46
2022-05-01,2022,5,27410.6,29418.4,8600.0,5906.0,51.0,135.21,397.84
2022-06-01,2022,6,29710.2,31906.5,7800.0,5664.0,48.0,123.93,414.17
2022-07-01,2022,7,31840.5,32699.6,6000.0,4562.0,49.5,124.84,417.45
2022-08-01,2022,8,32890.4,34818.5,6900.0,4448.0,51.0,133.95,439.07
2022-09-01,2022,9,32010.6,35286.5,8400.0,4628.0,48.0,132.42,446.2
2022-10-01,2022,10,30710.2,32970.5,8000.0,6228.0,49.5,126.57,427.41
2022-11-01,2022,11,30240.8,30930.4,9900.0,6684.0,51.0,129.4,443.53
2022-12-01,2022,12,31890.3,35489.8,10000.0,7992.0,48.0,130.12,462.79
2023-01-01,2023,1,27010.5,27780.5,9800.0,6424.0,50.7,128.72,406.88
2023-02-01,2023,2,22410.8,23908.5,8800.0,6370.0,52.2,135.47,345.08
2023-03-01,2023,3,29120.4,24472.5,11000.0,7188.0,45.763,134.21,443.52
2023-04-01,2023,4,25610.2,24396.5,11600.0,6648.0,43.268,127.98,411.63
2023-05-01,2023,5,31740.8,28472.4,9500.0,6790.0,52.2,124.31,455.55
2023-06-01,2023,6,34390.5,30944.5,10100.0,6434.0,51.929,123.82,491.42
2023-07-01,2023,7,32410.6,33266.5,8500.0,5138.0,50.7,122.2,451.72
2023-08-01,2023,8,35980.2,34054.4,7900.0,5238.0,52.2,118.08,484.26
2023-09-01,2023,9,33210.4,34910.5,9400.0,5618.0,45.075,115.33,470.59
2023-10-01,2023,10,32410.8,32288.4,10600.0,6850.0,46.892,108.32,475.24
2023-11-01,2023,11,31210.5,30190.5,9300.0,7622.0,52.2,109.28,447.48
2023-12-01,2023,12,36436.8,34092.7,12000.0,8768.0,49.2,113.87,535.2
2024-01-01,2024,1,26908.9,27592.5,9600.0,7394.0,51.9,122.33,403.52
2024-02-01,2024,2,26392.8,23368.6,10100.0,7106.0,53.4,128.28,403.44
2024-03-01,2024,3,24391.6,24508.5,13600.0,8254.0,50.4,138.14,420.63
2024-04-01,2024,4,27122.9,23694.4,10900.0,7900.0,51.9,141.33,420.43
2024-05-01,2024,5,30635.8,27792.5,11400.0,7666.0,51.941,143.66,464.67
2024-06-01,2024,6,31271.3,31044.5,12200.0,7476.0,50.4,145.17,480.62
2024-07-01,2024,7,37057.2,32624.5,10000.0,6068.0,51.9,147.1,519.63
2024-08-01,2024,8,32001.3,33608.4,8800.0,6094.0,53.4,147.31,450.57
2024-09-01,2024,9,34410.2,34324.5,10200.0,6674.0,50.4,150.35,492.75
2024-10-01,2024,10,33710.8,31192.5,11400.0,7814.0,51.9,146.67,498.5
2024-11-01,2024,11,32510.4,29590.5,11800.0,8286.0,53.4,148.78,489.77
2024-12-01,2024,12,31840.6,33826.7,12300.0,9790.0,50.4,146.21,488.01
2025-01-01,2025,1,28829.4,26492.1,14800.0,8136.0,53.1,145.93,482.88
2025-02-01,2025,2,24174.7,22859.0,14500.0,7902.0,54.6,148.95,428.32
2025-03-01,2025,3,25839.1,24950.8,15800.0,9618.0,51.6,143.08,461.19
2025-04-01,2025,4,27992.4,25450.9,16200.0,8790.0,53.1,140.02,489.36
2025-05-01,2025,5,32371.5,28095.6,16000.0,8704.0,54.6,138.95,535.29
2025-06-01,2025,6,34222.8,31324.6,14900.0,8738.0,51.6,136.65,543.33
2025-07-01,2025,7,38659.2,33211.8,11800.0,7144.0,53.1,134.93,557.41
2025-08-01,2025,8,37681.5,33420.6,10300.0,6984.0,54.6,130.11,529.86
2025-09-01,2025,9,34810.5,33782.4,12800.0,7718.0,51.6,129.73,526.28
2025-10-01,2025,10,37010.2,31684.6,14500.0,8738.0,53.1,130.45,569.51
2025-11-01,2025,11,36610.4,30664.5,13400.0,9222.0,54.6,136.11,552.79
2025-12-01,2025,12,37410.8,32881.7,17000.0,10608.0,51.6,140.95,601.92
2026-01-01,2026,1,26379.0,26915.9,17300.0,9740.0,54.3,148.26,483.93
2026-02-01,2026,2,26187.4,23385.8,18700.0,9400.0,55.8,154.62,497.5
2026-03-01,2026,3,25768.2,25928.5,21600.0,11200.0,52.8,157.54,525.37
2026-04-01,2026,4,31609.4,26253.3,17800.0,10540.0,54.3,153.25,547.06
2026-05-01,2026,5,25568.8,30267.8,16400.0,10480.0,55.8,149.31,464.94
2026-06-01,2026,6,39667.0,32161.1,14900.0,10340.0,52.8,148.73,603.22
2026-07-01,2026,7,35002.8,34261.6,12800.0,8420.0,54.3,146.59,528.39
2026-08-01,2026,8,34406.4,34688.7,15300.0,8020.0,55.8,146.41,549.83
