date,close,volume
2018-03-22,25.51300048828125,5400
2018-03-23,24.10099983215332,205000
2018-03-26,24.84000015258789,102400
2018-03-27,24.079999923706055,8500
2018-03-28,23.3799991607666,2200
2018-03-29,22.780000686645508,1100
2018-04-02,23.0,1900
2018-04-03,21.25,2000
2018-04-04,19.25,75900
2018-04-05,20.25,800
2018-04-06,20.450000762939453,3100
2018-04-09,21.459999084472656,200
2018-04-10,21.5,300
2018-04-11,20.450000762939453,300
2018-04-12,22.25,11500
2018-04-13,21.582000732421875,11500
2018-04-16,20.25,1400
2018-04-17,21.399999618530273,600
2018-04-18,22.270000457763672,3600
2018-04-19,21.809999465942383,6800
2018-04-20,22.5,900
2018-04-23,22.700000762939453,300
2018-04-24,22.790000915527344,500
2018-04-25,22.75,200
2018-04-26,22.0,100
2018-04-27,21.75,200
2018-04-30,21.5,100
2018-05-01,21.760000228881836,300
2018-05-02,22.5,5400
2018-05-03,22.25,100
2018-05-04,23.0,200
2018-05-07,23.0,0
2018-05-08,23.5,2400
2018-05-09,23.25,500
2018-05-10,22.75,200
2018-05-11,23.75,4400
2018-05-14,23.010000228881836,400
2018-05-15,21.399999618530273,200
2018-05-16,21.0,100
2018-05-17,21.0,0
2018-05-18,21.0,0
2018-05-21,22.5,300
2018-05-22,21.0,200
2018-05-23,20.0,900
2018-05-24,19.5,1100
2018-05-25,19.5,0
2018-05-29,18.73200035095215,1100
2018-05-30,19.496000289916992,100
2018-05-31,20.23699951171875,600
2018-06-01,21.0,200
2018-06-04,21.246000289916992,500
2018-06-05,22.1299991607666,600
2018-06-06,22.0,600
2018-06-07,21.969999313354492,1200
2018-06-08,21.969999313354492,0
2018-06-11,21.969999313354492,0
2018-06-12,22.190000534057617,100
2018-06-13,22.253999710083008,5500
2018-06-14,22.531999588012695,100
2018-06-15,22.25,100
2018-06-18,22.25,0
2018-06-19,21.299999237060547,400
2018-06-20,20.79400062561035,400
2018-06-21,21.399999618530273,200
2018-06-22,21.399999618530273,100
2018-06-25,21.399999618530273,0
2018-06-26,21.399999618530273,0
2018-06-27,21.040000915527344,100
2018-06-28,21.579999923706055,4000
2018-06-29,22.040000915527344,1400
2018-07-02,21.841999053955078,300
2018-07-03,21.9950008392334,100
2018-07-05,22.25,100
2018-07-06,22.670000076293945,1000
2018-07-09,22.020000457763672,100
2018-07-10,22.229999542236328,6600
2018-07-11,22.229999542236328,0
2018-07-12,23.469999313354492,300
2018-07-13,23.469999313354492,0
2018-07-16,23.469999313354492,0
2018-07-17,23.469999313354492,0
2018-07-18,23.010000228881836,100
2018-07-19,23.010000228881836,100
2018-07-20,24.100000381469727,300
2018-07-23,24.5939998626709,1000
2018-07-24,24.540000915527344,4100
2018-07-25,24.639999389648438,200
2018-07-26,24.5,300
2018-07-27,24.302000045776367,300
2018-07-30,24.600000381469727,200
2018-07-31,24.600000381469727,0
2018-08-01,24.66900062561035,500
2018-08-02,24.850000381469727,200
2018-08-03,25.26099967956543,200
2018-08-06,24.802000045776367,300
2018-08-07,24.802000045776367,0
2018-08-08,24.802000045776367,0
2018-08-09,24.802000045776367,0
2018-08-10,24.829999923706055,100
2018-08-13,25.3700008392334,200
2018-08-14,25.200000762939453,300
2018-08-15,25.235000610351562,300
2018-08-16,25.235000610351562,0
2018-08-17,25.235000610351562,0
2018-08-20,25.469999313354492,200
2018-08-21,25.579999923706055,400
2018-08-22,25.569000244140625,200
2018-08-23,25.450000762939453,300
2018-08-24,25.434999465942383,200
2018-08-27,25.434999465942383,0
2018-08-28,25.434999465942383,0
2018-08-29,25.434999465942383,0
2018-08-30,25.434999465942383,0
2018-08-31,25.434999465942383,0
2018-09-04,24.559999465942383,200
2018-09-05,24.559999465942383,0
2018-09-06,24.559999465942383,0
2018-09-07,24.559999465942383,0
2018-09-10,24.559999465942383,0
2018-09-11,23.420000076293945,4400
2018-09-12,22.799999237060547,1700
2018-09-13,23.049999237060547,300
2018-09-14,22.700000762939453,100
2018-09-17,22.700000762939453,0
2018-09-18,22.700000762939453,0
2018-09-19,22.280000686645508,200
2018-09-20,22.139999389648438,600
2018-09-21,22.735000610351562,200
2018-09-24,22.950000762939453,100
2018-09-25,22.535999298095703,300
2018-09-26,22.8799991607666,1000
2018-09-27,22.8799991607666,0
2018-09-28,22.940000534057617,200
2018-10-01,22.940000534057617,0
2018-10-02,22.940000534057617,0
2018-10-03,22.940000534057617,0
2018-10-04,22.940000534057617,0
2018-10-05,21.825000762939453,100
2018-10-08,21.825000762939453,0
2018-10-09,21.32699966430664,700
2018-10-10,21.32699966430664,0
2018-10-11,22.40999984741211,100
2018-10-12,23.149999618530273,1200
2018-10-15,22.649999618530273,200
2018-10-16,22.649999618530273,0
2018-10-17,22.260000228881836,200
2018-10-18,22.260000228881836,0
2018-10-19,22.209999084472656,300
2018-10-22,22.3700008392334,200
2018-10-23,22.3700008392334,0
2018-10-24,21.375,200
2018-10-25,21.375,0
2018-10-26,21.375,0
2018-10-29,21.375,0
2018-10-30,21.375,0
2018-10-31,21.375,0
2018-11-01,21.375,0
2018-11-02,21.375,100
2018-11-05,18.829999923706055,400
2018-11-06,18.010000228881836,3700
2018-11-07,17.360000610351562,3100
2018-11-08,17.100000381469727,1000
2018-11-09,16.06999969482422,700
2018-11-12,16.6299991607666,6600
2018-11-13,16.6299991607666,0
2018-11-14,14.66100025177002,11800
2018-11-15,16.020000457763672,200
2018-11-16,15.890000343322754,700
2018-11-19,15.902999877929688,600
2018-11-20,15.039999961853027,500
2018-11-21,15.553999900817871,200
2018-11-23,16.75,100
2018-11-26,17.979999542236328,300
2018-11-27,18.520000457763672,300
2018-11-28,17.059999465942383,800
2018-11-29,16.389999389648438,100
2018-11-30,16.402000427246094,200
2018-12-03,17.649999618530273,100
2018-12-04,18.540000915527344,2800
2018-12-06,18.540000915527344,100
2018-12-07,18.540000915527344,0
2018-12-10,18.540000915527344,0
2018-12-11,18.049999237060547,100
2018-12-12,18.145000457763672,100
2018-12-13,18.209999084472656,200
2018-12-14,18.209999084472656,0
2018-12-17,18.614999771118164,1200
2018-12-18,18.614999771118164,0
2018-12-19,18.614999771118164,0
2018-12-20,18.614999771118164,0
2018-12-21,18.614999771118164,0
2018-12-24,17.889999389648438,100
2018-12-26,17.889999389648438,0
2018-12-27,17.885000228881836,100
2018-12-28,18.170000076293945,600
2018-12-31,18.170000076293945,0
2019-01-02,18.489999771118164,100
2019-01-03,18.489999771118164,0
2019-01-04,17.920000076293945,200
2019-01-07,17.920000076293945,0
2019-01-08,17.920000076293945,0
2019-01-09,17.920000076293945,0
2019-01-10,17.110000610351562,100
2019-01-11,17.110000610351562,0
2019-01-14,17.135000228881836,100
2019-01-15,17.135000228881836,0
2019-01-16,16.665000915527344,100
2019-01-17,16.665000915527344,0
2019-01-18,17.270000457763672,300
2019-01-22,15.604999542236328,300
2019-01-23,15.604999542236328,0
2019-01-24,15.265000343322754,100
2019-01-25,15.095000267028809,100
2019-01-28,13.4350004196167,4600
2019-01-29,12.555000305175781,9300
2019-01-30,12.21500015258789,3300
2019-01-31,12.175000190734863,900
2019-02-01,12.859999656677246,100
2019-02-04,12.520000457763672,1400
2019-02-05,12.376999855041504,2000
2019-02-06,11.75,1500
2019-02-07,10.869999885559082,1700
2019-02-08,11.020000457763672,200
2019-02-11,11.399999618530273,9300
2019-02-12,11.670000076293945,1100
2019-02-13,11.635000228881836,1400
2019-02-14,11.085000038146973,400
2019-02-15,11.1899995803833,10500
2019-02-19,10.989999771118164,1600
2019-02-20,10.890000343322754,96000
2019-02-21,10.694999694824219,700
2019-02-22,10.925000190734863,1600
2019-02-25,11.09000015258789,5800
2019-02-26,11.154999732971191,7400
2019-02-27,11.100000381469727,6900
2019-02-28,11.039999961853027,4800
2019-03-01,10.710000038146973,4200
2019-03-04,10.61400032043457,1500
2019-03-05,10.25,7700
2019-03-06,9.911999702453613,16400
2019-03-07,9.555000305175781,7100
2019-03-08,9.574000358581543,2000
2019-03-11,9.600000381469727,600
2019-03-12,9.991999626159668,53500
2019-03-13,10.09000015258789,20000
2019-03-14,11.020000457763672,3400
2019-03-15,10.96500015258789,8700
2019-03-18,10.279999732971191,8800
2019-03-19,9.982999801635742,35900
2019-03-20,10.631999969482422,2100
2019-03-21,10.354999542236328,1900
2019-03-22,10.442999839782715,10000
2019-03-25,10.4350004196167,100
2019-03-26,9.972999572753906,2100
2019-03-27,9.973999977111816,500
2019-03-28,10.045000076293945,400
2019-03-29,9.359000205993652,8000
2019-04-01,9.300000190734863,300
2019-04-02,9.4350004196167,900
2019-04-03,9.5600004196167,1000
2019-04-04,9.430000305175781,3600
2019-04-05,9.545000076293945,4600
2019-04-08,9.654999732971191,700
2019-04-09,9.84000015258789,100
2019-04-10,9.704999923706055,900
2019-04-11,9.255000114440918,6300
2019-04-12,9.664999961853027,800
2019-04-15,10.130999565124512,3700
2019-04-16,10.074000358581543,3000
2019-04-17,10.4350004196167,4300
2019-04-18,10.725000381469727,17800
2019-04-22,10.770000457763672,6000
2019-04-23,11.088000297546387,6100
2019-04-24,11.0,2300
2019-04-25,11.055000305175781,400
2019-04-26,11.406000137329102,2500
2019-04-29,12.010000228881836,3000
2019-04-30,12.385000228881836,3300
2019-05-01,12.25100040435791,1600
2019-05-02,12.281999588012695,5700
2019-05-03,12.25100040435791,3300
2019-05-06,11.21500015258789,6200
2019-05-07,11.104999542236328,1000
2019-05-08,11.789999961853027,4100
2019-05-09,11.845000267028809,1400
2019-05-10,12.25,4200
2019-05-13,12.114999771118164,3000
2019-05-14,12.1850004196167,800
2019-05-15,11.800000190734863,1300
2019-05-16,11.835000038146973,200
2019-05-17,12.024999618530273,4600
2019-05-20,11.835000038146973,11100
2019-05-21,11.96500015258789,1300
2019-05-22,12.045000076293945,600
2019-05-23,12.234999656677246,900
2019-05-24,12.204999923706055,1500
2019-05-28,12.364999771118164,1700
2019-05-29,12.515999794006348,2300
2019-05-30,12.180000305175781,1000
2019-05-31,12.25,1000
2019-06-03,12.444999694824219,1600
2019-06-04,12.489999771118164,900
2019-06-05,12.5,700
2019-06-06,12.425000190734863,300
2019-06-07,12.295000076293945,2400
2019-06-10,12.085000038146973,1800
2019-06-11,12.010000228881836,600
2019-06-12,11.859999656677246,0
2019-06-13,12.085000038146973,3800
2019-06-14,12.385000228881836,1500
2019-06-17,12.369999885559082,600
2019-06-18,12.385000228881836,500
2019-06-19,12.444999694824219,200
2019-06-20,12.404999732971191,0
2019-06-21,12.6899995803833,1500
2019-06-24,12.960000038146973,1400
2019-06-25,13.005000114440918,2100
2019-06-26,12.994999885559082,800
2019-06-27,12.930000305175781,100
2019-06-28,13.149999618530273,1100
2019-07-01,13.420000076293945,4900
2019-07-02,14.302000045776367,8200
2019-07-03,15.020000457763672,5200
2019-07-05,14.899999618530273,100800
2019-07-08,15.065999984741211,8700
2019-07-09,15.774999618530273,9600
2019-07-10,15.779999732971191,4700
2019-07-11,16.30500030517578,4100
2019-07-12,16.604999542236328,11100
2019-07-15,17.125,17600
2019-07-16,16.575000762939453,11800
2019-07-17,16.975000381469727,3200
2019-07-18,17.19499969482422,52200
2019-07-19,17.565000534057617,20200
2019-07-22,17.988000869750977,6900
2019-07-23,17.065000534057617,18100
2019-07-24,16.350000381469727,35000
2019-07-25,16.899999618530273,11000
2019-07-26,16.594999313354492,43300
2019-07-29,16.389999389648438,2500
2019-07-30,16.190000534057617,2800
2019-07-31,16.1200008392334,1200
2019-08-01,15.9350004196167,2300
2019-08-02,15.574999809265137,1000
2019-08-05,14.680000305175781,17900
2019-08-06,15.75,8200
2019-08-07,15.579999923706055,600
2019-08-08,16.145000457763672,800
2019-08-09,17.079999923706055,1400
2019-08-12,17.070999145507812,2000
2019-08-13,17.920000076293945,30400
2019-08-14,18.39900016784668,5500
2019-08-15,18.320999145507812,18300
2019-08-16,18.184999465942383,3000
2019-08-19,17.75,3800
2019-08-20,18.094999313354492,1900
2019-08-21,18.924999237060547,6300
2019-08-22,19.459999084472656,2900
2019-08-23,19.5310001373291,5100
2019-08-26,19.549999237060547,4000
2019-08-27,20.440000534057617,6400
2019-08-28,20.40999984741211,3600
2019-08-29,20.405000686645508,3800
2019-08-30,21.135000228881836,5700
2019-09-03,21.59000015258789,33600
2019-09-04,21.066999435424805,11900
2019-09-05,20.59000015258789,19400
2019-09-06,20.450000762939453,31000
2019-09-09,20.190000534057617,2100
2019-09-10,20.33799934387207,2200
2019-09-11,20.80500030517578,2400
2019-09-12,21.19499969482422,16900
2019-09-13,21.114999771118164,900
2019-09-16,21.270000457763672,10100
2019-09-17,20.40999984741211,10400
2019-09-18,19.649999618530273,8600
2019-09-19,19.514999389648438,3700
2019-09-20,20.010000228881836,6300
2019-09-23,20.860000610351562,6200
2019-09-24,20.570999145507812,4300
2019-09-25,19.520000457763672,2400
2019-09-26,18.71500015258789,9200
2019-09-27,18.924999237060547,3500
2019-09-30,19.709999084472656,5400
2019-10-01,19.875,300
2019-10-02,20.115999221801758,1300
2019-10-03,19.374000549316406,2300
2019-10-04,20.405000686645508,1400
2019-10-07,20.639999389648438,8200
2019-10-08,21.489999771118164,2500
2019-10-09,21.91200065612793,9200
2019-10-10,21.4950008392334,1100
2019-10-11,21.19499969482422,2400
2019-10-14,20.90999984741211,3000
2019-10-15,20.885000228881836,4700
2019-10-16,20.075000762939453,3300
2019-10-17,20.200000762939453,1200
2019-10-18,20.479999542236328,1800
2019-10-21,19.489999771118164,8600
2019-10-22,19.05500030517578,300
2019-10-23,19.295000076293945,2600
2019-10-24,19.84000015258789,300
2019-10-25,19.815000534057617,0
2019-10-28,19.78499984741211,200
2019-10-29,19.420000076293945,1400
2019-10-30,18.545000076293945,2600
2019-10-31,18.030000686645508,4100
2019-11-01,18.1200008392334,3100
2019-11-04,18.049999237060547,2800
2019-11-05,17.600000381469727,600
2019-11-06,16.774999618530273,21300
2019-11-07,16.299999237060547,4000
2019-11-08,16.2450008392334,400
2019-11-11,16.545000076293945,300
2019-11-12,16.975000381469727,0
2019-11-13,16.709999084472656,1300
2019-11-14,16.584999084472656,9400
2019-11-15,16.774999618530273,4100
2019-11-18,16.584999084472656,1400
2019-11-19,16.354999542236328,0
2019-11-20,16.530000686645508,1300
2019-11-21,16.674999237060547,5000
2019-11-22,17.094999313354492,200
2019-11-25,17.80500030517578,1100
2019-11-26,18.36199951171875,8500
2019-11-27,18.05500030517578,300
2019-11-29,18.329999923706055,1900
2019-12-02,19.05500030517578,500
2019-12-03,18.315000534057617,800
2019-12-04,17.975000381469727,1400
2019-12-05,17.889999389648438,100
2019-12-06,18.204999923706055,400
2019-12-09,17.899999618530273,400
2019-12-10,17.739999771118164,4600
2019-12-11,17.334999084472656,2500
2019-12-12,16.84000015258789,600
2019-12-13,16.9950008392334,1000
2019-12-16,16.674999237060547,2100
2019-12-17,16.1200008392334,700
2019-12-18,15.6850004196167,800
2019-12-19,15.324999809265137,11600
2019-12-20,15.225000381469727,1100
2019-12-23,15.335000038146973,300
2019-12-24,15.345000267028809,100
2019-12-26,15.37399959564209,200
2019-12-27,15.289999961853027,100
2019-12-30,15.100000381469727,1200
2019-12-31,15.449999809265137,500
2020-01-02,13.961000442504883,4000
2020-01-03,13.050000190734863,8200
2020-01-06,11.920000076293945,3900
2020-01-07,11.895000457763672,3200
2020-01-08,13.654999732971191,7700
2020-01-09,13.3100004196167,3000
2020-01-10,13.845000267028809,3000
2020-01-13,12.994999885559082,7000
2020-01-14,13.664999961853027,8700
2020-01-15,13.350000381469727,9100
2020-01-16,12.630000114440918,5900
2020-01-17,12.104999542236328,9200
2020-01-21,11.369999885559082,18800
2020-01-22,11.031999588012695,30000
2020-01-23,11.045000076293945,21800
2020-01-24,11.135000228881836,12300
2020-01-27,10.4399995803833,33800
2020-01-28,10.279999732971191,47500
2020-01-29,10.085000038146973,11400
2020-01-30,9.550000190734863,48700
2020-01-31,9.819999694824219,18700
2020-02-03,9.293000221252441,47900
2020-02-04,9.350000381469727,44700
2020-02-05,9.550000190734863,40300
2020-02-06,9.449999809265137,173200
2020-02-07,9.225000381469727,54100
2020-02-10,8.800000190734863,81200
2020-02-11,9.300000190734863,65000
2020-02-12,9.399999618530273,155700
2020-02-13,9.140000343322754,63700
2020-02-14,9.225000381469727,109200
2020-02-18,9.270000457763672,259500
2020-02-19,9.100000381469727,280300
2020-02-20,9.029999732971191,150800
2020-02-21,9.010000228881836,104900
2020-02-24,8.369999885559082,118600
2020-02-25,8.220000267028809,87900
2020-02-26,8.180000305175781,124300
2020-02-27,8.300000190734863,153100
2020-02-28,8.1899995803833,211600
2020-03-02,7.909999847412109,148000
2020-03-03,8.100000381469727,44500
2020-03-04,8.3100004196167,138700
2020-03-05,8.369999885559082,92800
2020-03-06,8.25,81200
2020-03-09,7.5,74700
2020-03-10,7.809999942779541,40100
2020-03-11,7.5,62000
2020-03-12,6.909999847412109,119200
2020-03-13,6.840000152587891,178100
2020-03-16,6.099999904632568,102800
2020-03-17,6.059999942779541,63600
2020-03-18,5.389999866485596,193300
2020-03-19,5.559999942779541,133800
2020-03-20,5.820000171661377,32000
2020-03-23,5.739999771118164,22400
2020-03-24,5.369999885559082,58000
2020-03-25,5.03000020980835,61600
2020-03-26,5.389999866485596,160800
2020-03-27,5.400000095367432,94600
2020-03-30,5.804999828338623,160300
2020-03-31,6.389999866485596,305800
2020-04-01,6.289999961853027,61300
2020-04-02,6.380000114440918,51200
2020-04-03,6.239999771118164,24600
2020-04-06,6.099999904632568,28600
2020-04-07,6.289999961853027,44000
2020-04-08,6.869999885559082,33400
2020-04-09,7.349999904632568,218800
2020-04-13,7.320000171661377,95800
2020-04-14,7.230000019073486,104300
2020-04-15,7.25,36000
2020-04-16,7.230000019073486,28700
2020-04-17,7.25,48800
2020-04-20,6.809999942779541,585000
2020-04-21,6.150000095367432,198700
2020-04-22,6.150000095367432,191500
2020-04-23,6.110000133514404,40600
2020-04-24,6.019999980926514,25600
2020-04-27,5.809999942779541,42200
2020-04-28,5.550000190734863,76600
2020-04-29,5.679999828338623,133200
2020-04-30,5.539999961853027,76400
2020-05-01,5.349999904632568,45100
2020-05-04,5.099999904632568,75800
2020-05-05,4.789999961853027,145200
2020-05-06,4.449999809265137,188900
2020-05-07,4.579999923706055,56600
2020-05-08,4.599999904632568,119000
2020-05-11,4.429999828338623,162400
2020-05-12,4.130000114440918,100000
2020-05-13,3.9100000858306885,873900
2020-05-14,4.013000011444092,78200
2020-05-15,4.170000076293945,131300
2020-05-18,4.590000152587891,726000
2020-05-19,4.619999885559082,427000
2020-05-20,4.909999847412109,253300
2020-05-21,4.940000057220459,256300
2020-05-22,4.880000114440918,45700
2020-05-26,4.800000190734863,110800
2020-05-27,4.650000095367432,365800
2020-05-28,4.550000190734863,100600
2020-05-29,4.650000095367432,53200
2020-06-01,4.639999866485596,92400
2020-06-02,5.0,324300
2020-06-03,5.03000020980835,305100
2020-06-04,5.050000190734863,144300
2020-06-05,5.449999809265137,340300
2020-06-08,5.510000228881836,207600
2020-06-09,5.269999980926514,284600
2020-06-10,5.78000020980835,231200
2020-06-11,5.78000020980835,506400
2020-06-12,6.360000133514404,312200
2020-06-15,6.420000076293945,332800
2020-06-16,7.21999979019165,512900
2020-06-17,7.820000171661377,725400
2020-06-18,7.260000228881836,504800
2020-06-19,7.275000095367432,230500
2020-06-22,7.429999828338623,267500
2020-06-23,8.180000305175781,343300
2020-06-24,7.440000057220459,398300
2020-06-25,7.239999771118164,487500
2020-06-26,7.610000133514404,228400
2020-06-29,7.559999942779541,210300
2020-06-30,7.389999866485596,168000
2020-07-01,7.199999809265137,286700
2020-07-02,8.050000190734863,527100
2020-07-06,9.420000076293945,609800
2020-07-07,8.930000305175781,374800
2020-07-08,9.0,317200
2020-07-09,8.75,170300
2020-07-10,8.489999771118164,244000
2020-07-13,8.100000381469727,330000
2020-07-14,7.820000171661377,201100
2020-07-15,7.519999980926514,165500
2020-07-16,7.980000019073486,91400
2020-07-17,8.0,35600
2020-07-20,7.5,44700
2020-07-21,7.110000133514404,216400
2020-07-22,6.909999847412109,252000
2020-07-23,7.150000095367432,225500
2020-07-24,7.389999866485596,166600
2020-07-27,7.550000190734863,155400
2020-07-28,7.900000095367432,188600
2020-07-29,8.510000228881836,141000
2020-07-30,8.1899995803833,212400
2020-07-31,8.149999618530273,78900
2020-08-03,8.420000076293945,109800
2020-08-04,8.6899995803833,58400
2020-08-05,8.510000228881836,265900
2020-08-06,8.800000190734863,66300
2020-08-07,8.5,35600
2020-08-10,8.609999656677246,97800
2020-08-11,9.319999694824219,244800
2020-08-12,9.15999984741211,134300
2020-08-13,9.020000457763672,81400
2020-08-14,8.850000381469727,33900
2020-08-17,8.899999618530273,50100
2020-08-18,8.84000015258789,65300
2020-08-19,8.470000267028809,158600
2020-08-20,8.050000190734863,179800
2020-08-21,8.109999656677246,40400
2020-08-24,8.65999984741211,45900
2020-08-25,8.760000228881836,90200
2020-08-26,8.789999961853027,33700
2020-08-27,8.770000457763672,39600
2020-08-28,8.770000457763672,121400
2020-08-31,8.520000457763672,48000
2020-09-01,8.130000114440918,87100
2020-09-02,7.820000171661377,112900
2020-09-03,7.409999847412109,91900
2020-09-04,7.769999980926514,55100
2020-09-08,7.40500020980835,75200
2020-09-09,7.139999866485596,58100
2020-09-10,7.485000133514404,39900
2020-09-11,7.690000057220459,43400
2020-09-14,7.849999904632568,19300
2020-09-15,7.550000190734863,80900
2020-09-16,7.599999904632568,25300
2020-09-17,7.639999866485596,19500
2020-09-18,7.570000171661377,13500
2020-09-21,7.625,101800
2020-09-22,7.679999828338623,33100
2020-09-23,8.109999656677246,48900
2020-09-24,8.430000305175781,119200
2020-09-25,8.210000038146973,44500
2020-09-28,8.09000015258789,66700
2020-09-29,8.229999542236328,52100
2020-09-30,8.239999771118164,63200
2020-10-01,8.359999656677246,21200
2020-10-02,8.649999618530273,134300
2020-10-05,8.729999542236328,59300
2020-10-06,8.520000457763672,110900
2020-10-07,8.15999984741211,68400
2020-10-08,8.130000114440918,79000
2020-10-09,7.880000114440918,54900
2020-10-12,7.949999809265137,37200
2020-10-13,7.940000057220459,59500
2020-10-14,7.489999771118164,53500
2020-10-15,7.400000095367432,112100
2020-10-16,7.0,103100
2020-10-19,7.110000133514404,195600
2020-10-20,7.389999866485596,51200
2020-10-21,7.670000076293945,54800
2020-10-22,7.510000228881836,44200
2020-10-23,7.389999866485596,10700
2020-10-26,7.179999828338623,141900
2020-10-27,7.119999885559082,33100
2020-10-28,6.860000133514404,33300
2020-10-29,6.5,81100
2020-10-30,6.769999980926514,71900
2020-11-02,6.519999980926514,22900
2020-11-03,6.559999942779541,28700
2020-11-04,6.360000133514404,27000
2020-11-05,6.539999961853027,44500
2020-11-06,6.800000190734863,26400
2020-11-09,7.010000228881836,57700
2020-11-10,6.670000076293945,77900
2020-11-11,6.21999979019165,98900
2020-11-12,6.409999847412109,46700
2020-11-13,6.309999942779541,63500
2020-11-16,6.28000020980835,14100
2020-11-17,6.25,24300
2020-11-18,6.369999885559082,14600
2020-11-19,6.599999904632568,93100
2020-11-20,6.610000133514404,13600
2020-11-23,6.610000133514404,43400
2020-11-24,6.590000152587891,89800
2020-11-25,6.699999809265137,35400
2020-11-27,6.619999885559082,59000
2020-11-30,6.420000076293945,39100
2020-12-01,6.409999847412109,22700
2020-12-02,6.170000076293945,46500
2020-12-03,6.239999771118164,37900
2020-12-04,6.539999961853027,54200
2020-12-07,6.400000095367432,15600
2020-12-08,6.460000038146973,14400
2020-12-09,6.710000038146973,75800
2020-12-10,7.044000148773193,50100
2020-12-11,7.179999828338623,54100
2020-12-14,7.300000190734863,83300
2020-12-15,7.300000190734863,42500
2020-12-16,7.090000152587891,42000
2020-12-17,7.409999847412109,68300
2020-12-18,7.460000038146973,39400
2020-12-21,7.269999980926514,57600
2020-12-22,7.51200008392334,54200
2020-12-23,7.730000019073486,95700
2020-12-24,7.559999942779541,13200
2020-12-28,7.635000228881836,34600
2020-12-29,7.199999809265137,133000
2020-12-30,7.510000228881836,176900
2020-12-31,7.699999809265137,24700
2021-01-04,8.470000267028809,191700
2021-01-05,8.5600004196167,219900
2021-01-06,8.529999732971191,83000
2021-01-07,9.319999694824219,294500
2021-01-08,10.34000015258789,364900
2021-01-11,11.800000190734863,428100
2021-01-12,10.59000015258789,477200
2021-01-13,9.960000038146973,308100
2021-01-14,10.470000267028809,111700
2021-01-15,11.039999961853027,128700
2021-01-19,10.710000038146973,158200
2021-01-20,10.800000190734863,43300
2021-01-21,11.329999923706055,182300
2021-01-22,11.0,133400
2021-01-25,10.699999809265137,94400
2021-01-26,9.600000381469727,299400
2021-01-27,10.02299976348877,130800
2021-01-28,9.760000228881836,59200
2021-01-29,10.34000015258789,116600
2021-02-01,10.1899995803833,38500
2021-02-02,9.229999542236328,104500
2021-02-03,9.449999809265137,87700
2021-02-04,9.8100004196167,41200
2021-02-05,10.239999771118164,85000
2021-02-08,9.789999961853027,85200
2021-02-09,10.100000381469727,63700
2021-02-10,10.75,83700
2021-02-11,11.550000190734863,131500
2021-02-12,12.430000305175781,368900
2021-02-16,15.819999694824219,517500
2021-02-17,16.65999984741211,352400
2021-02-18,13.520000457763672,361100
2021-02-19,14.5,202300
2021-02-22,13.739999771118164,226700
2021-02-23,13.34000015258789,210700
2021-02-24,13.170000076293945,147700
2021-02-25,13.3100004196167,118500
2021-02-26,12.710000038146973,98400
2021-03-01,13.020000457763672,49300
2021-03-02,14.890000343322754,238000
2021-03-03,15.279999732971191,217400
2021-03-04,15.260000228881836,178100
2021-03-05,16.25,293700
2021-03-08,16.5,404500
2021-03-09,16.329999923706055,415800
2021-03-10,15.319999694824219,290900
2021-03-11,16.200000762939453,110100
2021-03-12,16.59000015258789,103500
2021-03-15,17.950000762939453,309700
2021-03-16,18.0,350100
2021-03-17,19.5,330400
2021-03-18,20.329999923706055,682100
2021-03-19,19.56999969482422,420700
2021-03-22,19.059999465942383,250500
2021-03-23,16.700000762939453,531000
2021-03-24,17.239999771118164,468000
2021-03-25,19.299999237060547,446600
2021-03-26,18.420000076293945,229400
2021-03-29,16.8700008392334,248400
2021-03-30,16.5,180100
2021-03-31,16.920000076293945,171000
2021-04-01,17.93000030517578,185500
2021-04-05,18.209999084472656,677200
2021-04-06,17.56999969482422,370300
2021-04-07,16.969999313354492,163500
2021-04-08,16.530000686645508,357600
2021-04-09,17.520000457763672,142700
2021-04-12,18.079999923706055,184600
2021-04-13,17.06999969482422,219300
2021-04-14,18.790000915527344,335000
2021-04-15,20.299999237060547,395300
2021-04-16,19.790000915527344,285800
2021-04-19,20.0,234000
2021-04-20,20.450000762939453,281900
2021-04-21,21.8799991607666,571100
2021-04-22,20.469999313354492,289300
2021-04-23,20.920000076293945,180700
2021-04-26,21.399999618530273,273600
2021-04-27,22.979999542236328,566500
2021-04-28,23.520000457763672,626000
2021-04-29,24.010000228881836,481600
2021-04-30,24.700000762939453,613000
2021-05-03,25.079999923706055,880600
2021-05-04,26.209999084472656,1040600
2021-05-05,26.670000076293945,1619100
2021-05-06,23.559999465942383,1408400
2021-05-07,25.899999618530273,641400
2021-05-10,27.59000015258789,1143200
2021-05-11,25.989999771118164,959500
2021-05-12,24.200000762939453,859100
2021-05-13,23.959999084472656,492600
2021-05-14,22.950000762939453,854300
2021-05-17,21.93000030517578,806600
2021-05-18,24.079999923706055,599800
2021-05-19,24.450000762939453,606800
2021-05-20,25.6200008392334,463400
2021-05-21,26.860000610351562,652300
2021-05-24,25.239999771118164,790100
2021-05-25,23.959999084472656,767800
2021-05-26,23.959999084472656,597100
2021-05-27,23.920000076293945,242000
2021-05-28,23.0,382900
2021-06-01,23.850000381469727,282700
2021-06-02,22.579999923706055,595400
2021-06-03,22.709999084472656,320300
2021-06-04,23.5,291700
2021-06-07,22.65999984741211,436600
2021-06-08,23.110000610351562,445700
2021-06-09,24.989999771118164,700200
2021-06-10,27.049999237060547,577200
2021-06-11,27.81999969482422,481700
2021-06-14,27.0,439200
2021-06-15,28.989999771118164,563800
2021-06-16,30.139999389648438,531700
2021-06-17,28.06999969482422,559200
2021-06-18,27.06999969482422,421000
2021-06-21,26.559999465942383,242200
2021-06-22,27.049999237060547,328300
2021-06-23,27.8799991607666,305800
2021-06-24,28.84000015258789,486200
2021-06-25,29.959999084472656,472000
2021-06-28,28.93000030517578,431800
2021-06-29,28.81999969482422,382600
2021-06-30,29.350000381469727,211500
2021-07-01,27.31999969482422,399400
2021-07-02,26.8700008392334,273800
2021-07-06,25.260000228881836,849100
2021-07-07,26.920000076293945,459500
2021-07-08,26.34000015258789,164700
2021-07-09,26.790000915527344,240100
2021-07-12,25.34000015258789,288400
2021-07-13,24.489999771118164,535300
2021-07-14,23.149999618530273,649800
2021-07-15,24.450000762939453,259100
2021-07-16,24.510000228881836,184200
2021-07-19,25.329999923706055,425100
2021-07-20,25.479999542236328,146200
2021-07-21,26.100000381469727,173100
2021-07-22,26.579999923706055,161900
2021-07-23,27.09000015258789,96500
2021-07-26,25.6299991607666,310300
2021-07-27,24.6299991607666,179500
2021-07-28,25.489999771118164,102900
2021-07-29,26.649999618530273,204700
2021-07-30,25.799999237060547,185600
2021-08-02,26.549999237060547,78800
2021-08-03,26.6299991607666,109200
2021-08-04,27.190000534057617,150100
2021-08-05,26.729999542236328,95300
2021-08-06,26.600000381469727,46500
2021-08-09,26.420000076293945,122700
2021-08-10,27.010000228881836,78400
2021-08-11,27.770000457763672,129300
2021-08-12,28.25,164200
2021-08-13,27.969999313354492,109700
2021-08-16,28.780000686645508,170400
2021-08-17,29.209999084472656,389600
2021-08-18,29.600000381469727,191800
2021-08-19,29.270000457763672,213400
2021-08-20,29.979999542236328,112000
2021-08-23,30.329999923706055,148000
2021-08-24,30.3700008392334,179100
2021-08-25,29.399999618530273,201800
2021-08-26,30.739999771118164,105700
2021-08-27,30.0,103300
2021-08-30,29.940000534057617,103900
2021-08-31,28.329999923706055,279600
2021-09-01,27.729999542236328,198600
2021-09-02,28.260000228881836,132800
2021-09-03,27.360000610351562,171800
2021-09-07,26.899999618530273,227100
2021-09-08,27.670000076293945,127200
2021-09-09,29.350000381469727,386400
2021-09-10,30.1200008392334,356700
2021-09-13,30.829999923706055,284100
2021-09-14,29.8799991607666,226400
2021-09-15,30.200000762939453,105800
2021-09-16,30.649999618530273,84400
2021-09-17,30.729999542236328,167500
2021-09-20,28.899999618530273,546600
2021-09-21,30.899999618530273,241700
2021-09-22,30.739999771118164,130600
2021-09-23,31.860000610351562,192800
2021-09-24,32.47999954223633,229200
2021-09-27,34.349998474121094,414600
2021-09-28,36.56999969482422,602700
2021-09-29,35.68000030517578,550000
2021-09-30,36.0099983215332,244100
2021-10-01,36.900001525878906,221600
2021-10-04,37.77000045776367,295700
2021-10-05,41.25,407000
2021-10-06,41.5099983215332,506900
2021-10-07,38.84000015258789,554200
2021-10-08,39.22999954223633,264800
2021-10-11,40.959999084472656,420000
2021-10-12,37.630001068115234,556700
2021-10-13,36.88999938964844,667700
2021-10-14,37.279998779296875,184600
2021-10-15,35.29999923706055,709500
2021-10-18,37.290000915527344,153200
2021-10-19,38.47999954223633,404100
2021-10-20,37.310001373291016,343500
2021-10-21,34.56999969482422,426200
2021-10-22,32.20000076293945,564300
2021-10-25,30.610000610351562,785000
2021-10-26,27.760000228881836,779200
2021-10-27,29.479999542236328,277900
2021-10-28,30.3700008392334,226300
2021-10-29,30.040000915527344,236100
2021-11-01,26.399999618530273,418100
2021-11-02,22.8799991607666,568500
2021-11-03,20.81999969482422,416300
2021-11-04,23.06999969482422,497700
2021-11-05,23.049999237060547,245700
2021-11-08,25.15999984741211,316900
2021-11-09,24.219999313354492,498100
2021-11-10,22.700000762939453,412500
2021-11-11,21.940000534057617,253600
2021-11-12,22.6299991607666,218100
2021-11-15,21.670000076293945,244700
2021-11-16,19.649999618530273,850800
2021-11-17,20.450000762939453,201600
2021-11-18,22.229999542236328,203200
2021-11-19,24.790000915527344,371600
2021-11-22,24.889999389648438,368700
2021-11-23,23.389999389648438,252900
2021-11-24,25.200000762939453,329000
2021-11-26,24.729999542236328,487500
2021-11-29,26.959999084472656,320300
2021-11-30,26.649999618530273,240000
2021-12-01,27.790000915527344,156500
2021-12-02,28.719999313354492,277600
2021-12-03,29.59000015258789,169400
2021-12-06,29.600000381469727,289700
2021-12-07,30.440000534057617,300000
2021-12-08,28.459999084472656,331700
2021-12-09,27.170000076293945,675100
2021-12-10,28.139999389648438,232300
2021-12-13,27.829999923706055,69300
2021-12-14,23.610000610351562,593900
2021-12-15,24.790000915527344,68200
2021-12-16,24.280000686645508,89700
2021-12-17,23.950000762939453,58300
2021-12-20,25.719999313354492,195400
2021-12-21,25.040000915527344,176600
2021-12-22,26.270000457763672,90600
2021-12-23,26.770000457763672,99200
2021-12-27,26.700000762939453,93100
2021-12-28,26.489999771118164,58100
2021-12-29,28.25,103800
2021-12-30,29.600000381469727,149900
2021-12-31,29.489999771118164,63100
2022-01-03,29.219999313354492,145700
2022-01-04,26.84000015258789,170000
2022-01-05,26.219999313354492,149300
2022-01-06,26.479999542236328,68100
2022-01-07,26.860000610351562,70400
2022-01-10,24.079999923706055,183300
2022-01-11,24.700000762939453,137200
2022-01-12,23.5,197500
2022-01-13,22.360000610351562,164400
2022-01-14,23.190000534057617,81600
2022-01-18,21.0,385700
2022-01-19,19.90999984741211,252800
2022-01-20,21.530000686645508,307600
2022-01-21,20.110000610351562,169200
2022-01-24,21.079999923706055,160500
2022-01-25,19.940000534057617,126200
2022-01-26,19.639999389648438,221700
2022-01-27,20.5,292800
2022-01-28,22.010000228881836,224300
2022-01-31,21.940000534057617,132000
2022-02-01,21.5,186000
2022-02-02,22.290000915527344,342400
2022-02-03,21.829999923706055,153200
2022-02-04,21.700000762939453,88200
2022-02-07,21.780000686645508,134700
2022-02-08,22.780000686645508,76600
2022-02-09,24.850000381469727,562600
2022-02-10,25.43000030517578,274900
2022-02-11,24.729999542236328,339200
2022-02-14,22.780000686645508,308000
2022-02-15,22.65999984741211,144100
2022-02-16,22.170000076293945,71200
2022-02-17,23.530000686645508,155300
2022-02-18,23.56999969482422,175900
2022-02-22,23.860000610351562,112500
2022-02-23,24.940000534057617,187400
2022-02-24,22.6200008392334,368600
2022-02-25,22.610000610351562,141000
2022-02-28,21.43000030517578,195900
2022-03-01,23.8799991607666,232800
2022-03-02,23.670000076293945,203200
2022-03-03,23.579999923706055,69200
2022-03-04,24.899999618530273,219200
2022-03-07,26.280000686645508,216200
2022-03-08,26.829999923706055,422100
2022-03-09,27.84000015258789,378300
2022-03-10,27.56999969482422,532500
2022-03-11,27.049999237060547,429300
2022-03-14,24.700000762939453,406000
2022-03-15,23.729999542236328,684600
2022-03-16,25.540000915527344,218200
2022-03-17,26.040000915527344,471300
2022-03-18,26.350000381469727,180800
2022-03-21,25.760000228881836,60400
2022-03-22,25.049999237060547,163300
2022-03-23,25.950000762939453,166700
2022-03-24,24.8799991607666,177500
2022-03-25,24.389999389648438,83400
2022-03-28,23.770000457763672,181900
2022-03-29,24.260000228881836,318800
2022-03-30,25.010000228881836,1207800
2022-03-31,24.18000030517578,648300
2022-04-01,23.959999084472656,125000
2022-04-04,22.399999618530273,553900
2022-04-05,21.770000457763672,1346500
2022-04-06,20.6200008392334,600000
2022-04-07,21.65999984741211,160400
2022-04-08,22.450000762939453,174100
2022-04-11,21.0,233900
2022-04-12,21.280000686645508,142300
2022-04-13,21.239999771118164,131000
2022-04-14,22.15999984741211,349500
2022-04-18,22.219999313354492,128500
2022-04-19,21.229999542236328,284300
2022-04-20,20.290000915527344,257800
2022-04-21,21.739999771118164,183400
2022-04-22,22.309999465942383,178700
2022-04-25,20.920000076293945,190500
2022-04-26,20.739999771118164,189500
2022-04-27,21.549999237060547,178200
2022-04-28,21.010000228881836,69900
2022-04-29,21.479999542236328,38500
2022-05-02,21.489999771118164,82500
2022-05-03,22.1200008392334,107000
2022-05-04,23.290000915527344,143600
2022-05-05,23.690000534057617,135500
2022-05-06,23.75,142800
2022-05-09,23.8799991607666,246500
2022-05-10,23.389999389648438,89800
2022-05-11,23.899999618530273,201100
2022-05-12,23.190000534057617,222500
2022-05-13,23.1200008392334,118900
2022-05-16,23.34000015258789,96200
2022-05-17,24.6299991607666,90400
2022-05-18,25.780000686645508,490400
2022-05-19,24.969999313354492,259100
2022-05-20,25.420000076293945,212000
2022-05-23,24.600000381469727,160000
2022-05-24,23.389999389648438,57000
2022-05-25,22.969999313354492,115500
2022-05-26,22.549999237060547,225500
2022-05-27,21.479999542236328,228100
2022-05-31,22.190000534057617,500200
2022-06-01,21.889999389648438,240900
2022-06-02,22.0,82000
2022-06-03,22.010000228881836,187400
2022-06-06,21.459999084472656,185900
2022-06-07,20.350000381469727,186400
2022-06-08,19.239999771118164,468200
2022-06-09,19.360000610351562,146800
2022-06-10,19.850000381469727,265600
2022-06-13,19.139999389648438,65200
2022-06-14,19.8799991607666,38200
2022-06-15,19.549999237060547,69700
2022-06-16,19.690000534057617,97100
2022-06-17,20.15999984741211,80100
2022-06-21,18.290000915527344,231600
2022-06-22,16.790000915527344,687700
2022-06-23,17.579999923706055,185900
2022-06-24,16.899999618530273,94300
2022-06-27,16.3700008392334,295400
2022-06-28,16.030000686645508,113800
2022-06-29,16.729999542236328,228100
2022-06-30,17.170000076293945,200700
2022-07-01,17.110000610351562,14100
2022-07-05,15.899999618530273,54800
2022-07-06,14.949999809265137,266000
2022-07-07,15.90999984741211,226100
2022-07-08,15.289999961853027,353500
2022-07-11,15.020000457763672,159300
2022-07-12,13.859999656677246,173200
2022-07-13,14.479999542236328,232300
2022-07-14,15.180000305175781,100100
2022-07-15,15.989999771118164,80800
2022-07-18,15.279999732971191,161200
2022-07-19,14.8100004196167,191400
2022-07-20,14.539999961853027,186300
2022-07-21,14.649999618530273,85800
2022-07-22,14.600000381469727,245800
2022-07-25,13.279999732971191,238200
2022-07-26,13.470000267028809,198100
2022-07-27,13.3100004196167,141000
2022-07-28,12.789999961853027,328100
2022-07-29,12.420000076293945,233000
2022-08-01,12.649999618530273,124300
2022-08-02,11.779999732971191,552500
2022-08-03,10.829999923706055,395400
2022-08-04,10.819999694824219,282600
2022-08-05,11.100000381469727,297000
2022-08-08,11.229999542236328,297500
2022-08-09,11.5600004196167,287600
2022-08-10,11.579999923706055,230800
2022-08-11,10.890000343322754,352200
2022-08-12,10.539999961853027,309700
2022-08-15,9.890000343322754,382100
2022-08-16,9.989999771118164,70000
2022-08-17,9.770000457763672,92800
2022-08-18,9.420000076293945,256300
2022-08-19,9.3100004196167,100600
2022-08-22,9.210000038146973,129200
2022-08-23,8.699999809265137,275500
2022-08-24,8.550000190734863,216300
2022-08-25,7.96999979019165,549600
2022-08-26,7.920000076293945,281900
2022-08-29,7.860000133514404,449400
2022-08-30,7.199999809265137,1201400
2022-08-31,7.840000152587891,649500
2022-09-01,8.729999542236328,997000
2022-09-02,8.779999732971191,403400
2022-09-06,7.989999771118164,533600
2022-09-07,8.25,348300
2022-09-08,8.779999732971191,263800
2022-09-09,8.630000114440918,236600
2022-09-12,9.550000190734863,519900
2022-09-13,9.75,346300
2022-09-14,9.390000343322754,472000
2022-09-15,9.140000343322754,110300
2022-09-16,9.069999694824219,228000
2022-09-19,9.180000305175781,131700
2022-09-20,10.25,500500
2022-09-21,10.050000190734863,246900
2022-09-22,9.9399995803833,127700
2022-09-23,10.270000457763672,804800
2022-09-26,10.050000190734863,182700
2022-09-27,10.390000343322754,145500
2022-09-28,9.579999923706055,244200
2022-09-29,8.960000038146973,444000
2022-09-30,9.039999961853027,93600
2022-10-03,9.140000343322754,205200
2022-10-04,10.350000381469727,195700
2022-10-05,10.100000381469727,172900
2022-10-06,9.6899995803833,212400
2022-10-07,9.699999809265137,98300
2022-10-10,9.199999809265137,127500
2022-10-11,9.34000015258789,197600
2022-10-12,9.09000015258789,149000
2022-10-13,8.6899995803833,155500
2022-10-14,9.210000038146973,373700
2022-10-17,8.829999923706055,212500
2022-10-18,9.1899995803833,181100
2022-10-19,8.949999809265137,145100
2022-10-20,8.710000038146973,113200
2022-10-21,8.8100004196167,95300
2022-10-24,8.479999542236328,117400
2022-10-25,8.350000381469727,120600
2022-10-26,8.09000015258789,191100
2022-10-27,7.75,148900
2022-10-28,7.710000038146973,73500
2022-10-31,7.099999904632568,433400
2022-11-01,7.409999847412109,112200
2022-11-02,7.670000076293945,398200
2022-11-03,7.369999885559082,188200
2022-11-04,7.71999979019165,262800
2022-11-07,7.570000171661377,478900
2022-11-08,7.699999809265137,204200
2022-11-09,7.900000095367432,191500
2022-11-10,7.889999866485596,196900
2022-11-11,8.199999809265137,228500
2022-11-14,8.199999809265137,191700
2022-11-15,7.710000038146973,915800
2022-11-16,7.349999904632568,341200
2022-11-17,7.190000057220459,226000
2022-11-18,7.090000152587891,111000
2022-11-21,7.369999885559082,230200
2022-11-22,7.070000171661377,400500
2022-11-23,7.380000114440918,316900
2022-11-25,7.820000171661377,365500
2022-11-28,7.659999847412109,547600
2022-11-29,7.539999961853027,152300
2022-11-30,7.860000133514404,217700
2022-12-01,7.710000038146973,258600
2022-12-02,7.699999809265137,126700
2022-12-05,7.96999979019165,526000
2022-12-06,8.4399995803833,793600
2022-12-07,8.399999618530273,155200
2022-12-08,9.010000228881836,236200
2022-12-09,9.1899995803833,183500
2022-12-12,8.739999771118164,299900
2022-12-13,9.289999961853027,426500
2022-12-14,9.819999694824219,275900
2022-12-15,9.760000228881836,507700
2022-12-16,9.029999732971191,230300
2022-12-19,8.850000381469727,295800
2022-12-20,9.979999542236328,326400
2022-12-21,9.979999542236328,219600
2022-12-22,9.739999771118164,204000
2022-12-23,9.460000038146973,251400
2022-12-27,9.5,465800
2022-12-28,9.449999809265137,102600
2022-12-29,9.399999618530273,93000
2022-12-30,9.1899995803833,148000
2023-01-03,8.819999694824219,75000
2023-01-04,9.25,45200
2023-01-05,9.510000228881836,56200
2023-01-06,10.039999961853027,83700
2023-01-09,9.739999771118164,56100
2023-01-10,9.119999885559082,48800
2023-01-11,8.979999542236328,44300
2023-01-12,9.09000015258789,53500
2023-01-13,9.359999656677246,115500
2023-01-17,9.40999984741211,71100
2023-01-18,8.9399995803833,65900
2023-01-19,8.774999618530273,123200
2023-01-20,8.949999809265137,72800
2023-01-23,8.640000343322754,100700
2023-01-24,8.4399995803833,44600
2023-01-25,8.449999809265137,31200
2023-01-26,8.119999885559082,134800
2023-01-27,8.270000457763672,144100
2023-01-30,8.0,283400
2023-01-31,7.800000190734863,208900
2023-02-01,7.53000020980835,514600
2023-02-02,7.309999942779541,486400
2023-02-03,7.110000133514404,393400
2023-02-06,6.800000190734863,630100
2023-02-07,7.159999847412109,905500
2023-02-08,7.619999885559082,752700
2023-02-09,7.119999885559082,766500
2023-02-10,7.230000019073486,276600
2023-02-13,7.0,960500
2023-02-14,6.730000019073486,842200
2023-02-15,6.53000020980835,756000
2023-02-16,6.75,840600
2023-02-17,6.599999904632568,549000
2023-02-21,7.059999942779541,1312000
2023-02-22,7.289999961853027,958500
2023-02-23,7.960000038146973,1597000
2023-02-24,7.949999809265137,629900
2023-02-27,8.149999618530273,574200
2023-02-28,9.050000190734863,1039600
2023-03-01,8.819999694824219,860200
2023-03-02,8.979999542236328,460900
2023-03-03,9.390000343322754,406300
2023-03-06,9.149999618530273,407600
2023-03-07,9.180000305175781,448100
2023-03-08,9.600000381469727,407800
2023-03-09,9.920000076293945,599200
2023-03-10,10.1899995803833,414300
2023-03-13,10.260000228881836,313500
2023-03-14,10.569999694824219,400400
2023-03-15,9.6899995803833,902500
2023-03-16,9.979999542236328,330800
2023-03-17,9.970000267028809,288800
2023-03-20,9.5,456200
2023-03-21,9.3100004196167,362200
2023-03-22,9.489999771118164,291800
2023-03-23,10.1899995803833,293800
2023-03-24,9.760000228881836,259600
2023-03-27,9.449999809265137,152900
2023-03-28,9.460000038146973,132900
2023-03-29,10.020000457763672,277000
2023-03-30,9.649999618530273,195400
2023-03-31,10.100000381469727,136200
2023-04-03,10.010000228881836,148900
2023-04-04,10.3100004196167,196600
2023-04-05,10.020000457763672,80400
2023-04-06,9.8100004196167,524800
2023-04-10,9.90999984741211,298000
2023-04-11,9.279999732971191,366200
2023-04-12,9.40999984741211,358100
2023-04-13,9.369999885559082,162100
2023-04-14,9.1899995803833,493500
2023-04-17,8.960000038146973,377100
2023-04-18,8.619999885559082,700500
2023-04-19,9.15999984741211,194800
2023-04-20,9.25,65100
2023-04-21,9.15999984741211,56300
2023-04-24,8.779999732971191,177500
2023-04-25,8.760000228881836,222500
2023-04-26,8.819999694824219,108500
2023-04-27,8.850000381469727,157800
2023-04-28,8.760000228881836,127400
2023-05-01,8.779999732971191,124300
2023-05-02,8.279999732971191,286200
2023-05-03,8.449999809265137,231100
2023-05-04,7.929999828338623,563400
2023-05-05,8.300000190734863,69700
2023-05-08,8.350000381469727,233200
2023-05-09,8.989999771118164,233100
2023-05-10,8.600000381469727,87500
2023-05-11,8.09000015258789,191800
2023-05-12,7.71999979019165,280900
2023-05-15,7.289999961853027,364400
2023-05-16,7.21999979019165,188900
2023-05-17,7.21999979019165,311400
2023-05-18,7.489999771118164,132000
2023-05-19,7.409999847412109,62800
2023-05-22,7.389999866485596,100000
2023-05-23,7.090000152587891,181100
2023-05-24,6.559999942779541,668100
2023-05-25,6.440000057220459,494800
2023-05-26,6.570000171661377,204900
2023-05-30,6.079999923706055,515800
2023-05-31,5.78000020980835,841400
2023-06-01,5.840000152587891,314300
2023-06-02,6.139999866485596,295800
2023-06-05,6.550000190734863,192000
2023-06-06,6.550000190734863,242700
2023-06-07,6.139999866485596,320900
2023-06-08,6.369999885559082,315300
2023-06-09,6.329999923706055,141500
2023-06-12,6.190000057220459,205400
2023-06-13,6.300000190734863,309600
2023-06-14,6.400000095367432,258100
2023-06-15,6.340000152587891,274300
2023-06-16,6.139999866485596,408700
2023-06-20,6.159999847412109,268500
2023-06-21,6.119999885559082,339800
2023-06-22,6.170000076293945,164200
2023-06-23,6.159999847412109,131600
2023-06-26,5.920000076293945,291700
2023-06-27,5.659999847412109,544400
2023-06-28,5.570000171661377,299100
2023-06-29,5.610000133514404,385200
2023-06-30,5.550000190734863,721200
2023-07-03,5.170000076293945,375900
2023-07-05,5.050000190734863,654900
2023-07-06,5.199999809265137,459100
2023-07-07,5.010000228881836,231500
2023-07-10,5.039999961853027,301200
2023-07-11,5.21999979019165,228000
2023-07-12,5.369999885559082,452400
2023-07-13,5.170000076293945,370600
2023-07-14,5.079999923706055,141900
2023-07-17,4.840000152587891,696400
2023-07-18,4.610000133514404,632300
2023-07-19,4.5,631000
2023-07-20,4.730000019073486,1202700
2023-07-21,4.730000019073486,537400
2023-07-24,4.559999942779541,564100
2023-07-25,4.789999961853027,875300
2023-07-26,4.869999885559082,834400
2023-07-27,4.800000190734863,338800
2023-07-28,4.760000228881836,296700
2023-07-31,4.949999809265137,325200
2023-08-01,4.949999809265137,289700
2023-08-02,4.820000171661377,384300
2023-08-03,4.889999866485596,91200
2023-08-04,4.889999866485596,228400
2023-08-07,5.210000038146973,491500
2023-08-08,5.070000171661377,289800
2023-08-09,5.059999942779541,112700
2023-08-10,5.21999979019165,245700
2023-08-11,5.329999923706055,195400
2023-08-14,5.340000152587891,173400
2023-08-15,5.590000152587891,545700
2023-08-16,5.659999847412109,808000
2023-08-17,5.449999809265137,388800
2023-08-18,5.329999923706055,328200
2023-08-21,5.090000152587891,408900
2023-08-22,4.940000057220459,189900
2023-08-23,4.829999923706055,359000
2023-08-24,5.059999942779541,222400
2023-08-25,4.940000057220459,171300
2023-08-28,4.96999979019165,93000
2023-08-29,5.050000190734863,181400
2023-08-30,4.880000114440918,231600
2023-08-31,4.889999866485596,150200
2023-09-01,4.860000133514404,171000
2023-09-05,4.900000095367432,149700
2023-09-06,5.070000171661377,143900
2023-09-07,5.239999771118164,243400
2023-09-08,5.300000190734863,159300
2023-09-11,5.099999904632568,298800
2023-09-12,5.269999980926514,199700
2023-09-13,5.300000190734863,287000
2023-09-14,5.460000038146973,204600
2023-09-15,5.480000019073486,111100
2023-09-18,5.670000076293945,308800
2023-09-19,5.699999809265137,746900
2023-09-20,5.460000038146973,225500
2023-09-21,5.369999885559082,242000
2023-09-22,5.53000020980835,174700
2023-09-25,5.590000152587891,195400
2023-09-26,5.539999961853027,152200
2023-09-27,5.53000020980835,733200
2023-09-28,5.369999885559082,295000
2023-09-29,5.489999771118164,184600
2023-10-02,5.630000114440918,580600
2023-10-03,5.590000152587891,353800
2023-10-04,5.550000190734863,238200
2023-10-05,5.75,299200
2023-10-06,5.909999847412109,553900
2023-10-09,5.96999979019165,238000
2023-10-10,5.670000076293945,237200
2023-10-11,5.78000020980835,254900
2023-10-12,5.599999904632568,272000
2023-10-13,5.869999885559082,498100
2023-10-16,5.809999942779541,140700
2023-10-17,6.090000152587891,347300
2023-10-18,5.829999923706055,165900
2023-10-19,5.670000076293945,288300
2023-10-20,5.760000228881836,198500
2023-10-23,5.539999961853027,766600
2023-10-24,5.409999847412109,425700
2023-10-25,5.289999961853027,327200
2023-10-26,5.179999828338623,393700
2023-10-27,5.059999942779541,128500
2023-10-30,4.940000057220459,245100
2023-10-31,5.010000228881836,143000
2023-11-01,4.800000190734863,175000
2023-11-02,5.010000228881836,237500
2023-11-03,5.150000095367432,132800
2023-11-06,5.269999980926514,100400
2023-11-07,5.199999809265137,75800
2023-11-08,5.400000095367432,273600
2023-11-09,5.800000190734863,442500
2023-11-10,5.699999809265137,62200
2023-11-13,5.949999809265137,413200
2023-11-14,5.929999828338623,122300
2023-11-15,6.150000095367432,301900
2023-11-16,6.440000057220459,449300
2023-11-17,6.420000076293945,87000
2023-11-20,6.420000076293945,129000
2023-11-21,6.550000190734863,252900
2023-11-22,6.619999885559082,111800
2023-11-24,7.519999980926514,870300
2023-11-27,7.769999980926514,442000
2023-11-28,7.800000190734863,325100
2023-11-29,8.710000038146973,570400
2023-11-30,9.329999923706055,840400
2023-12-01,10.039999961853027,928000
2023-12-04,9.34000015258789,1482400
2023-12-05,8.300000190734863,813100
2023-12-06,8.229999542236328,394800
2023-12-07,8.34000015258789,305500
2023-12-08,8.699999809265137,202600
2023-12-11,8.600000381469727,180000
2023-12-12,9.4399995803833,547900
2023-12-13,8.869999885559082,139300
2023-12-14,9.239999771118164,230100
2023-12-15,9.920000076293945,351300
2023-12-18,10.600000381469727,456000
2023-12-19,9.779999732971191,319300
2023-12-20,10.039999961853027,173900
2023-12-21,9.970000267028809,263200
2023-12-22,10.4399995803833,317500
2023-12-26,10.399999618530273,193000
2023-12-27,10.869999885559082,267300
2023-12-28,11.649999618530273,343500
2023-12-29,11.5600004196167,169000
2024-01-02,10.619999885559082,485700
2024-01-03,10.140000343322754,366400
2024-01-04,10.899999618530273,209500
2024-01-05,10.609999656677246,124400
2024-01-08,9.609999656677246,250800
2024-01-09,9.0,436400
2024-01-10,9.550000190734863,221800
2024-01-11,9.4399995803833,199600
2024-01-12,9.5,85800
2024-01-16,9.770000457763672,224900
2024-01-17,10.0600004196167,279900
2024-01-18,11.1899995803833,336700
2024-01-19,11.050000190734863,163800
2024-01-22,10.430000305175781,209200
2024-01-23,10.720000267028809,200100
2024-01-24,11.75,413200
2024-01-25,11.100000381469727,211900
2024-01-26,11.0600004196167,101400
2024-01-29,10.75,364300
2024-01-30,10.979999542236328,193900
2024-01-31,11.239999771118164,134900
2024-02-01,11.109999656677246,137800
2024-02-02,11.170000076293945,65500
2024-02-05,11.8100004196167,223000
2024-02-06,12.640000343322754,251500
2024-02-07,11.800000190734863,275300
2024-02-08,12.550000190734863,414900
2024-02-09,12.350000381469727,139100
2024-02-12,12.5,84600
2024-02-13,12.260000228881836,90200
2024-02-14,12.75,129600
2024-02-15,12.789999961853027,80500
2024-02-16,12.819999694824219,48300
2024-02-20,12.5,85400
2024-02-21,12.949999809265137,113400
2024-02-22,13.510000228881836,191600
2024-02-23,14.336999893188477,189500
2024-02-26,13.732999801635742,220300
2024-02-27,14.449999809265137,136200
2024-02-28,15.029999732971191,183100
2024-02-29,15.25,189600
2024-03-01,16.100000381469727,263700
2024-03-04,16.229999542236328,215900
2024-03-05,15.75,392400
2024-03-06,15.569999694824219,273300
2024-03-07,16.43000030517578,171400
2024-03-08,16.84000015258789,141000
2024-03-11,16.040000915527344,151600
2024-03-12,16.479999542236328,228800
2024-03-13,16.25,121700
2024-03-14,16.059999465942383,163000
2024-03-15,15.6899995803833,204500
2024-03-18,16.190000534057617,262300
2024-03-19,15.489999771118164,732100
2024-03-20,14.680000305175781,599700
2024-03-21,15.270000457763672,513800
2024-03-22,14.729999542236328,190400
2024-03-25,14.069999694824219,311400
2024-03-26,13.380000114440918,859000
2024-03-27,13.350000381469727,384400
2024-03-28,13.859999656677246,476300
2024-04-01,13.890000343322754,241700
2024-04-02,12.699999809265137,241800
2024-04-03,13.319999694824219,215900
2024-04-04,12.710000038146973,165400
2024-04-05,12.850000381469727,114400
2024-04-08,12.510000228881836,169800
2024-04-09,12.779999732971191,296500
2024-04-10,13.5,337900
2024-04-11,13.539999961853027,160200
2024-04-12,13.670000076293945,132200
2024-04-15,13.5600004196167,125800
2024-04-16,13.399999618530273,84200
2024-04-17,13.8100004196167,128500
2024-04-18,13.430000305175781,135300
2024-04-19,13.609999656677246,89200
2024-04-22,13.029999732971191,594900
2024-04-23,13.399999618530273,180500
2024-04-24,13.15999984741211,423400
2024-04-25,13.020000457763672,149800
2024-04-26,12.819999694824219,119300
2024-04-29,12.600000381469727,147700
2024-04-30,12.710000038146973,289000
2024-05-01,12.6899995803833,77900
2024-05-02,13.460000038146973,227000
2024-05-03,13.449999809265137,77900
2024-05-06,13.569999694824219,67500
2024-05-07,14.600000381469727,209500
2024-05-08,13.930000305175781,255300
2024-05-09,13.65999984741211,157700
2024-05-10,13.739999771118164,52400
2024-05-13,13.270000457763672,155500
2024-05-14,12.949999809265137,389200
2024-05-15,12.619999885559082,366800
2024-05-16,12.75,189200
2024-05-17,12.729999542236328,525700
2024-05-20,12.829999923706055,90100
2024-05-21,12.380000114440918,506700
2024-05-22,12.140000343322754,357600
2024-05-23,12.100000381469727,111500
2024-05-24,12.260000228881836,71200
2024-05-28,12.0,63000
2024-05-29,12.079999923706055,42200
2024-05-30,12.15999984741211,43200
2024-05-31,11.9399995803833,28800
2024-06-03,12.119999885559082,108900
2024-06-04,12.25,34700
2024-06-05,12.0600004196167,62000
2024-06-06,12.0600004196167,28300
2024-06-07,11.84000015258789,37800
2024-06-10,11.460000038146973,264000
2024-06-11,11.420000076293945,120700
2024-06-12,11.9399995803833,75400
2024-06-13,12.119999885559082,41500
2024-06-14,11.770000457763672,41500
2024-06-17,11.960000038146973,45800
2024-06-18,11.869999885559082,36900
2024-06-20,11.920000076293945,46900
2024-06-21,11.779999732971191,19500
2024-06-24,11.4399995803833,76200
2024-06-25,11.399999618530273,26200
2024-06-26,11.800000190734863,61900
2024-06-27,11.920000076293945,84000
2024-06-28,12.239999771118164,76400
2024-07-01,12.5,125600
2024-07-02,11.859999656677246,81500
2024-07-03,12.0,27700
2024-07-05,11.329999923706055,37800
2024-07-08,11.520000457763672,54900
2024-07-09,11.65999984741211,19100
2024-07-10,11.979999542236328,44300
2024-07-11,11.9399995803833,20400
2024-07-12,12.079999923706055,19200
2024-07-15,11.720000267028809,60900
2024-07-16,11.600000381469727,23400
2024-07-17,11.6899995803833,39900
2024-07-18,11.800000190734863,34100
2024-07-19,11.760000228881836,26300
2024-07-22,11.770000457763672,35200
2024-07-23,11.489999771118164,28800
2024-07-24,11.640000343322754,19100
2024-07-25,11.359999656677246,23200
2024-07-26,11.0600004196167,105500
2024-07-29,11.229999542236328,39500
2024-07-30,10.829999923706055,58500
2024-07-31,10.720000267028809,10900
2024-08-01,10.890000343322754,164100
2024-08-02,10.9399995803833,347100
2024-08-05,10.770000457763672,47400
2024-08-06,10.979999542236328,14700
2024-08-07,10.770000457763672,37000
2024-08-08,10.899999618530273,5900
2024-08-09,10.710000038146973,7000
2024-08-12,10.579999923706055,14800
2024-08-13,10.829999923706055,28600
2024-08-14,10.899999618530273,11300
2024-08-15,10.770000457763672,15700
2024-08-16,10.6899995803833,23100
2024-08-19,10.449999809265137,24400
2024-08-20,10.6899995803833,12100
2024-08-21,10.800000190734863,22000
2024-08-22,10.592000007629395,4200
2024-08-23,10.40999984741211,10100
2024-08-26,10.65999984741211,11700
2024-08-27,10.6899995803833,13900
2024-08-28,10.694999694824219,8800
2024-08-29,11.140000343322754,15900
2024-08-30,11.109999656677246,16600
2024-09-03,10.5,19700
2024-09-04,10.619999885559082,36300
2024-09-05,10.739999771118164,23900
2024-09-06,10.739999771118164,20500
2024-09-09,10.569999694824219,8900
2024-09-10,10.5600004196167,5500
2024-09-11,10.75,20000
2024-09-12,10.619999885559082,7200
2024-09-13,10.270000457763672,18900
2024-09-16,10.369999885559082,3800
2024-09-17,10.350000381469727,7800
2024-09-18,10.680000305175781,29200
2024-09-19,10.569999694824219,24200
2024-09-20,10.399999618530273,2900
2024-09-23,10.619999885559082,24000
2024-09-24,10.739999771118164,30100
2024-09-25,10.649999618530273,28400
2024-09-26,10.720000267028809,41800
2024-09-27,10.449999809265137,27000
2024-09-30,10.739999771118164,48900
2024-10-01,10.1899995803833,252800
2024-10-02,10.079999923706055,34400
2024-10-03,10.350000381469727,60600
2024-10-04,10.260000228881836,14100
2024-10-07,10.220000267028809,16900
2024-10-08,9.789999961853027,51600
2024-10-09,9.329999923706055,107200
2024-10-10,9.539999961853027,147700
2024-10-11,9.40999984741211,16900
2024-10-14,9.039999961853027,25200
2024-10-15,8.520000457763672,57600
2024-10-16,8.100000381469727,80000
2024-10-17,8.420000076293945,254000
2024-10-18,8.220000267028809,20600
2024-10-21,7.929999828338623,286600
2024-10-22,7.929999828338623,66400
2024-10-23,8.0600004196167,30200
2024-10-24,7.929999828338623,49100
2024-10-25,7.809999942779541,29800
2024-10-28,7.53000020980835,38200
2024-10-29,7.869999885559082,32400
2024-10-30,7.480000019073486,74900
2024-10-31,7.480000019073486,66600
2024-11-01,7.46999979019165,23400
2024-11-04,7.78000020980835,46000
2024-11-05,7.849999904632568,68200
2024-11-06,7.650000095367432,33800
2024-11-07,7.889999866485596,32600
2024-11-08,8.149999618530273,49700
2024-11-11,8.460000038146973,97200
2024-11-12,8.300000190734863,132400
2024-11-13,8.489999771118164,25800
2024-11-14,8.449999809265137,44000
2024-11-15,8.5,38100
2024-11-18,7.989999771118164,149100
2024-11-19,7.800000190734863,102400
2024-11-20,7.664000034332275,28600
2024-11-21,7.5,77500
2024-11-22,7.230000019073486,359200
2024-11-25,7.451000213623047,72800
2024-11-26,7.409999847412109,31900
2024-11-27,6.800000190734863,428300
2024-11-29,6.650000095367432,205700
2024-12-02,6.349999904632568,214500
2024-12-03,6.349999904632568,192300
2024-12-04,6.440000057220459,195600
2024-12-05,6.619999885559082,120900
2024-12-06,6.489999771118164,58400
2024-12-09,6.199999809265137,266200
2024-12-10,6.019999980926514,101500
2024-12-11,5.710000038146973,484200
2024-12-12,5.900000095367432,520800
2024-12-13,6.099999904632568,149400
2024-12-16,6.070000171661377,161500
2024-12-17,5.849999904632568,211300
2024-12-18,6.059999942779541,89800
2024-12-19,6.010000228881836,56400
2024-12-20,6.21999979019165,103200
2024-12-23,6.25,121800
2024-12-24,6.130000114440918,77300
2024-12-26,6.065000057220459,72900
2024-12-27,6.099999904632568,37000
2024-12-30,5.920000076293945,71700
2024-12-31,6.079999923706055,32600
2025-01-02,6.25,44200
2025-01-03,6.260000228881836,123000
2025-01-06,5.820000171661377,393300
2025-01-07,5.630000114440918,380100
2025-01-08,5.550000190734863,181500
2025-01-10,6.699999809265137,173700
2025-01-13,5.840000152587891,247900
2025-01-14,6.130000114440918,132700
2025-01-15,5.889999866485596,161000
2025-01-16,5.730000019073486,102500
2025-01-17,5.71999979019165,99700
2025-01-21,5.610000133514404,329800
2025-01-22,5.28000020980835,727000
2025-01-23,5.139999866485596,420600
2025-01-24,5.139999866485596,659200
2025-01-27,5.320000171661377,351400
2025-01-28,5.28000020980835,354300
2025-01-29,5.320000171661377,421400
2025-01-30,5.489999771118164,490800
2025-01-31,5.769999980926514,388200
2025-02-03,5.46999979019165,265500
2025-02-04,5.869999885559082,210300
2025-02-05,5.989999771118164,177900
2025-02-06,5.800000190734863,198300
2025-02-07,5.860000133514404,103200
2025-02-10,5.78000020980835,131500
2025-02-11,5.679999828338623,194000
2025-02-12,5.510000228881836,359700
2025-02-13,5.5,237100
2025-02-14,5.639999866485596,174000
2025-02-18,6.079999923706055,434800
2025-02-19,5.989999771118164,313700
2025-02-20,6.449999809265137,504900
2025-02-21,6.320000171661377,229100
2025-02-24,6.090000152587891,304100
2025-02-25,6.260000228881836,166700
2025-02-26,6.400000095367432,332500
2025-02-27,6.170000076293945,117300
2025-02-28,6.400000095367432,110000
2025-03-03,6.150000095367432,118100
2025-03-04,6.0,168600
2025-03-05,6.289999961853027,340500
2025-03-06,6.5,172400
2025-03-07,6.570000171661377,148800
2025-03-10,6.550000190734863,282000
2025-03-11,6.679999828338623,194300
2025-03-12,7.139999866485596,435700
2025-03-13,6.849999904632568,178300
2025-03-14,6.949999809265137,117300
2025-03-17,6.860000133514404,200900
2025-03-18,6.730000019073486,385300
2025-03-19,6.5,158600
2025-03-20,6.775000095367432,111000
2025-03-21,6.909999847412109,125300
2025-03-24,6.75,91000
2025-03-25,6.510000228881836,156500
2025-03-26,6.400000095367432,112400
2025-03-27,6.349999904632568,73900
2025-03-28,6.360000133514404,158100
2025-03-31,6.25,107000
2025-04-01,6.5,69300
2025-04-02,6.369999885559082,66900
2025-04-03,6.019999980926514,419500
2025-04-04,5.619999885559082,611800
2025-04-07,5.380000114440918,592500
2025-04-08,5.360000133514404,245500
2025-04-09,5.329999923706055,435900
2025-04-10,5.599999904632568,284600
2025-04-11,5.630000114440918,83200
2025-04-14,5.75,220800
2025-04-15,5.690000057220459,57700
2025-04-16,5.71999979019165,182100
2025-04-17,5.739999771118164,36700
2025-04-21,5.730000019073486,76000
2025-04-22,5.599999904632568,78600
2025-04-23,5.880000114440918,174800
2025-04-24,5.829999923706055,43100
2025-04-25,5.920000076293945,116000
2025-04-28,5.78000020980835,73600
2025-04-29,5.570000171661377,87600
2025-04-30,5.764999866485596,35000
2025-05-01,5.949999809265137,67300
2025-05-02,5.840000152587891,107100
2025-05-05,5.914000034332275,25900
2025-05-06,5.619999885559082,66000
2025-05-07,5.619999885559082,20100
2025-05-08,5.420000076293945,250500
2025-05-09,5.429999828338623,137000
2025-05-12,5.539999961853027,237900
2025-05-13,5.300000190734863,414300
2025-05-14,5.460000038146973,126400
2025-05-15,5.550000190734863,107700
2025-05-16,5.504000186920166,86900
2025-05-19,5.309999942779541,286600
2025-05-20,5.360000133514404,31200
2025-05-21,5.340000152587891,96100
2025-05-22,5.210000038146973,145800
2025-05-23,5.150000095367432,112100
2025-05-27,5.150000095367432,217800
2025-05-28,5.166999816894531,79400
2025-05-29,5.190000057220459,170700
2025-05-30,5.190000057220459,53500
2025-06-02,5.099999904632568,45500
2025-06-03,5.199999809265137,92800
2025-06-04,5.420000076293945,100000
2025-06-05,5.489999771118164,100600
2025-06-06,5.409999847412109,167100
2025-06-09,5.372000217437744,34500
2025-06-10,5.519999980926514,200100
2025-06-11,5.650000095367432,149100
2025-06-12,5.730000019073486,57400
2025-06-13,5.869999885559082,225300
2025-06-16,5.679999828338623,266200
2025-06-17,5.630000114440918,108200
2025-06-18,5.619999885559082,45300
2025-06-20,5.730000019073486,80700
2025-06-23,5.78000020980835,181900
2025-06-24,5.735000133514404,97100
2025-06-25,5.800000190734863,104100
2025-06-26,5.659999847412109,42900
2025-06-27,5.584000110626221,97300
2025-06-30,5.550000190734863,138900
2025-07-01,5.630000114440918,137800
2025-07-02,5.769999980926514,166200
2025-07-03,5.929999828338623,96700
2025-07-07,6.070000171661377,245000
2025-07-08,6.179999828338623,187200
2025-07-09,6.25,70300
2025-07-10,6.659999847412109,2067500
2025-07-11,7.090000152587891,1083700
2025-07-14,7.260000228881836,203800
2025-07-15,6.78000020980835,270300
2025-07-16,7.25,370300
2025-07-17,7.610000133514404,418800
2025-07-18,7.400000095367432,602300
2025-07-21,7.349999904632568,355000
2025-07-22,7.670000076293945,655500
2025-07-23,7.519999980926514,264900
2025-07-24,7.420000076293945,129500
2025-07-25,7.150000095367432,135100
2025-07-28,7.245999813079834,34500
2025-07-29,6.940000057220459,160200
2025-07-30,7.019999980926514,73700
2025-07-31,7.400000095367432,85200
2025-08-01,7.460000038146973,148500
2025-08-04,7.309999942779541,54500
2025-08-05,7.769999980926514,215900
2025-08-06,7.730000019073486,98200
2025-08-07,7.75,133400
2025-08-08,7.800000190734863,81200
2025-08-11,7.900000095367432,108500
2025-08-12,8.020000457763672,106800
2025-08-13,8.166999816894531,489200
2025-08-14,8.130000114440918,334400
2025-08-15,8.020000457763672,174700
2025-08-18,8.079999923706055,214100
2025-08-19,7.7729997634887695,350500
2025-08-20,8.039999961853027,72400
2025-08-21,8.15999984741211,234700
2025-08-22,8.40999984741211,159300
2025-08-25,8.5,126300
2025-08-26,8.600000381469727,115100
2025-08-27,8.300000190734863,87000
2025-08-28,8.350000381469727,92200
2025-08-29,8.369999885559082,687800
2025-09-02,8.020000457763672,1075800
2025-09-03,8.140000343322754,839900
2025-09-04,8.062999725341797,523800
2025-09-05,8.039999961853027,74400
2025-09-08,8.149999618530273,294200
2025-09-09,8.390000343322754,285800
2025-09-10,8.220000267028809,187900
2025-09-11,8.114999771118164,119300
2025-09-12,8.100000381469727,1149300
2025-09-15,8.210000038146973,192600
2025-09-16,8.039999961853027,109300
2025-09-17,8.140000343322754,70500
2025-09-18,8.199999809265137,106700
2025-09-19,8.15999984741211,60300
2025-09-22,8.0600004196167,70100
2025-09-23,8.25,227500
2025-09-24,8.380000114440918,241900
2025-09-25,8.199999809265137,62800
2025-09-26,8.050000190734863,75100
2025-09-29,7.769999980926514,275700
2025-09-30,7.510000228881836,249400
2025-10-01,7.579999923706055,163200
2025-10-02,7.78000020980835,53200
2025-10-03,7.71999979019165,45300
2025-10-06,7.866000175476074,45300
2025-10-07,8.0,40500
2025-10-08,7.599999904632568,83100
2025-10-09,7.699999809265137,71900
2025-10-10,8.180000305175781,354300
2025-10-13,8.640000343322754,303100
2025-10-14,8.199999809265137,83800
2025-10-15,8.520000457763672,46000
2025-10-16,8.329999923706055,37700
2025-10-17,8.15999984741211,25800
2025-10-20,8.239999771118164,14700
2025-10-21,8.380000114440918,55400
2025-10-22,8.229999542236328,44500
2025-10-23,7.820000171661377,69400
2025-10-24,7.849999904632568,17300
2025-10-27,7.96999979019165,38400
2025-10-28,7.953000068664551,15300
2025-10-29,8.199999809265137,29700
2025-10-30,8.25,56900
2025-10-31,8.100000381469727,16300
2025-11-03,7.920000076293945,43700
2025-11-04,8.180000305175781,107200
2025-11-05,8.300000190734863,49400
2025-11-06,8.5,79600
2025-11-07,8.350000381469727,40100
2025-11-10,8.369999885559082,12200
2025-11-11,8.420000076293945,23000
2025-11-12,8.479999542236328,27200
2025-11-13,8.699999809265137,60300
2025-11-14,8.600000381469727,23300
2025-11-17,8.800000190734863,110900
2025-11-18,8.989999771118164,84400
2025-11-19,8.899999618530273,41300
2025-11-20,8.920000076293945,52300
2025-11-21,8.949999809265137,34600
2025-11-24,9.1899995803833,47300
2025-11-25,9.229999542236328,61800
2025-11-26,9.199999809265137,74300
2025-11-28,8.770000457763672,155100
2025-12-01,9.34000015258789,199700
2025-12-02,9.25,124500
2025-12-03,9.300000190734863,78800
2025-12-04,9.270000457763672,29900
2025-12-05,9.0,67300
2025-12-08,9.25,46600
2025-12-09,8.829999923706055,144500
2025-12-10,9.012999534606934,106400
2025-12-11,8.84000015258789,87500
2025-12-12,8.680000305175781,70400
2025-12-15,8.920000076293945,43600
2025-12-16,8.770000457763672,16000
2025-12-17,8.420000076293945,129300
2025-12-18,8.656000137329102,25200
2025-12-19,8.699999809265137,18000
2025-12-22,8.880000114440918,96300
2025-12-23,8.739999771118164,14000
2025-12-24,8.770000457763672,19100
2025-12-26,8.75,33100
2025-12-29,8.739999771118164,9700
2025-12-30,8.680000305175781,12100
2025-12-31,8.770000457763672,77900
2026-01-02,8.460000038146973,30700
2026-01-05,8.720000267028809,22400
2026-01-06,8.8100004196167,21500
2026-01-07,8.789999961853027,18600
2026-01-08,9.140000343322754,19200
2026-01-09,8.850000381469727,18400
2026-01-12,8.729999542236328,39600
2026-01-13,8.720999717712402,8700
2026-01-14,9.039999961853027,42200
2026-01-15,9.479999542236328,63600
2026-01-16,9.800000190734863,108200
2026-01-20,10.239999771118164,119400
2026-01-21,10.069999694824219,68800
2026-01-22,10.0,51200
2026-01-23,10.359999656677246,26000
2026-01-26,10.979999542236328,127700
2026-01-27,11.260000228881836,86400
2026-01-28,11.010000228881836,59500
2026-01-29,11.479999542236328,82800
2026-01-30,11.529999732971191,84100
2026-02-02,11.199999809265137,184000
2026-02-03,10.550000190734863,125600
2026-02-04,10.850000381469727,30100
2026-02-05,10.710000038146973,32200
2026-02-06,10.649999618530273,22900
2026-02-09,10.949999809265137,128900
2026-02-10,11.180000305175781,135500
2026-02-11,11.4399995803833,64400
2026-02-12,11.300000190734863,44000
2026-02-13,11.489999771118164,29500
2026-02-17,11.680000305175781,110900
2026-02-18,11.760000228881836,85800
2026-02-19,11.65999984741211,55900
2026-02-20,11.729999542236328,89300
2026-02-23,11.770000457763672,90500
2026-02-24,11.869999885559082,79200
2026-02-25,11.680000305175781,74800
2026-02-26,11.90999984741211,52200
2026-02-27,12.069999694824219,61500
2026-03-02,12.220000267028809,306200
2026-03-03,12.5,207500
2026-03-04,11.90999984741211,1277700
2026-03-05,11.520000457763672,631100
2026-03-06,10.460000038146973,1109400
2026-03-09,10.260000228881836,1267400
2026-03-10,10.229999542236328,203900
2026-03-11,10.699999809265137,245800
2026-03-12,10.399999618530273,76300
2026-03-13,10.489999771118164,217400
2026-03-16,10.670000076293945,140400
2026-03-17,10.430000305175781,86900
2026-03-18,10.699999809265137,56800
2026-03-19,10.020000457763672,104800
2026-03-20,10.010000228881836,164200
2026-03-23,9.989999771118164,79200
2026-03-24,9.800000190734863,266400
2026-03-25,10.0,50700
2026-03-26,10.0,34200
2026-03-27,9.930000305175781,71800
2026-03-30,9.9399995803833,167900
2026-03-31,9.970000267028809,60200
2026-04-01,10.324999809265137,29400
2026-04-02,10.449999809265137,29300
2026-04-06,9.9399995803833,192300
2026-04-07,10.279999732971191,17182
