date,usd_flow,nav,perf_pct,cumulative_flow,daily_inflow,daily_outflow
2021-01-04,-218000.0,8.71,0.098169,-218000.0,0.0,-218000.0
2021-01-05,-223000.0,8.92,0.024352,-441000.0,0.0,-223000.0
2021-01-06,-218000.0,8.74,-0.020478,-659000.0,0.0,-218000.0
2021-01-07,0.0,9.69,0.109129,-659000.0,0.0,0.0
2021-01-08,-517000.0,10.35,0.067575,-1176000.0,0.0,-517000.0
2021-01-11,0.0,11.73,0.13367,-1176000.0,0.0,0.0
2021-01-12,-5803000.0,10.55,-0.100604,-6979000.0,0.0,-5803000.0
2021-01-13,-251000.0,10.05,-0.047759,-7230000.0,0.0,-251000.0
2021-01-14,0.0,10.61,0.056047,-7230000.0,0.0,0.0
2021-01-15,0.0,11.09,0.04507,-7230000.0,0.0,0.0
2021-01-19,0.0,10.83,-0.023196,-7230000.0,0.0,0.0
2021-01-20,0.0,11.07,0.022463,-7230000.0,0.0,0.0
2021-01-21,0.0,11.15,0.006556,-7230000.0,0.0,0.0
2021-01-22,0.0,10.88,-0.024087,-7230000.0,0.0,0.0
2021-01-25,-1057000.0,10.57,-0.028598,-8287000.0,0.0,-1057000.0
2021-01-26,0.0,9.77,-0.075458,-8287000.0,0.0,0.0
2021-01-27,0.0,10.28,0.052037,-8287000.0,0.0,0.0
2021-01-28,0.0,9.91,-0.036105,-8287000.0,0.0,0.0
2021-01-29,0.0,10.43,0.053102,-8287000.0,0.0,0.0
2021-02-01,0.0,10.13,-0.029396,-8287000.0,0.0,0.0
2021-02-02,-1363000.0,9.08,-0.102995,-9650000.0,0.0,-1363000.0
2021-02-03,0.0,9.65,0.061803,-9650000.0,0.0,0.0
2021-02-04,0.0,9.8,0.016008,-9650000.0,0.0,0.0
2021-02-05,0.0,10.13,0.033481,-9650000.0,0.0,0.0
2021-02-08,0.0,9.69,-0.043673,-9650000.0,0.0,0.0
2021-02-09,0.0,10.15,0.047474,-9650000.0,0.0,0.0
2021-02-10,0.0,10.58,0.043174,-9650000.0,0.0,0.0
2021-02-11,0.0,11.47,0.083501,-9650000.0,0.0,0.0
2021-02-12,0.0,12.12,0.056703,-9650000.0,0.0,0.0
2021-02-16,0.0,15.56,0.283998,-9650000.0,0.0,0.0
2021-02-17,0.0,16.28,0.046651,-9650000.0,0.0,0.0
2021-02-18,0.0,13.31,-0.182596,-9650000.0,0.0,0.0
2021-02-19,2112000.0,14.08,0.057586,-7538000.0,2112000.0,0.0
2021-02-22,337000.0,13.5,-0.041123,-7201000.0,337000.0,0.0
2021-02-23,0.0,13.21,-0.021106,-7201000.0,0.0,0.0
2021-02-24,0.0,12.77,-0.033814,-7201000.0,0.0,0.0
2021-02-25,1307000.0,13.07,0.024024,-5894000.0,1307000.0,0.0
2021-02-26,0.0,12.84,-0.017754,-5894000.0,0.0,0.0
2021-03-01,0.0,12.92,0.006495,-5894000.0,0.0,0.0
2021-03-02,0.0,14.79,0.144362,-5894000.0,0.0,0.0
2021-03-03,0.0,14.94,0.010345,-5894000.0,0.0,0.0
2021-03-04,0.0,15.09,0.010005,-5894000.0,0.0,0.0
2021-03-05,0.0,15.9,0.053615,-5894000.0,0.0,0.0
2021-03-08,6044000.0,16.12,0.013508,150000.0,6044000.0,0.0
2021-03-09,0.0,16.71,0.036552,150000.0,0.0,0.0
2021-03-10,-3136000.0,15.68,-0.06132,-2986000.0,0.0,-3136000.0
2021-03-11,0.0,16.07,0.024672,-2986000.0,0.0,0.0
2021-03-12,0.0,16.4,0.020612,-2986000.0,0.0,0.0
2021-03-15,0.0,17.44,0.063453,-2986000.0,0.0,0.0
2021-03-16,1765000.0,17.65,0.011795,-1221000.0,1765000.0,0.0
2021-03-17,0.0,18.91,0.071478,-1221000.0,0.0,0.0
2021-03-18,5431000.0,19.75,0.044592,4210000.0,5431000.0,0.0
2021-03-19,496000.0,19.84,0.004729,4706000.0,496000.0,0.0
2021-03-22,-3396000.0,19.41,-0.021931,1310000.0,0.0,-3396000.0
2021-03-23,-3021000.0,17.26,-0.110555,-1711000.0,0.0,-3021000.0
2021-03-24,-3402000.0,17.01,-0.014754,-5113000.0,0.0,-3402000.0
2021-03-25,3738000.0,18.69,0.098847,-1375000.0,3738000.0,0.0
2021-03-26,0.0,18.39,-0.015945,-1375000.0,0.0,0.0
2021-03-29,-428000.0,17.14,-0.068059,-1803000.0,0.0,-428000.0
2021-03-30,0.0,16.55,-0.034622,-1803000.0,0.0,0.0
2021-03-31,0.0,16.81,0.015853,-1803000.0,0.0,0.0
2021-04-01,0.0,17.55,0.043823,-1803000.0,0.0,0.0
2021-04-05,0.0,17.55,0.000422,-1803000.0,0.0,0.0
2021-04-06,0.0,17.62,0.00376,-1803000.0,0.0,0.0
2021-04-07,0.0,17.21,-0.023129,-1803000.0,0.0,0.0
2021-04-08,-413000.0,16.53,-0.039765,-2216000.0,0.0,-413000.0
2021-04-09,6034000.0,17.24,0.043179,3818000.0,6034000.0,0.0
2021-04-12,0.0,18.18,0.054791,3818000.0,0.0,0.0
2021-04-13,0.0,17.36,-0.045093,3818000.0,0.0,0.0
2021-04-14,0.0,19.01,0.094617,3818000.0,0.0,0.0
2021-04-15,0.0,20.16,0.06058,3818000.0,0.0,0.0
2021-04-16,0.0,19.93,-0.011374,3818000.0,0.0,0.0
2021-04-19,0.0,20.2,0.013653,3818000.0,0.0,0.0
2021-04-20,0.0,20.73,0.026339,3818000.0,0.0,0.0
2021-04-21,0.0,21.52,0.037894,3818000.0,0.0,0.0
2021-04-22,-7189000.0,20.54,-0.045544,-3371000.0,0.0,-7189000.0
2021-04-23,0.0,21.0,0.022177,-3371000.0,0.0,0.0
2021-04-26,0.0,21.09,0.00432,-3371000.0,0.0,0.0
2021-04-27,0.0,22.65,0.0744,-3371000.0,0.0,0.0
2021-04-28,6303000.0,22.92,0.011733,2932000.0,6303000.0,0.0
2021-04-29,1182000.0,23.63,0.03116,4114000.0,1182000.0,0.0
2021-04-30,6067000.0,24.27,0.026808,10181000.0,6067000.0,0.0
2021-05-03,8487000.0,24.25,-0.000808,18668000.0,8487000.0,0.0
2021-05-04,11611000.0,25.8,0.064077,30279000.0,11611000.0,0.0
2021-05-05,9769000.0,26.05,0.009639,40048000.0,9769000.0,0.0
2021-05-06,-2370000.0,23.7,-0.090114,37678000.0,0.0,-2370000.0
2021-05-07,1274000.0,25.48,0.074976,38952000.0,1274000.0,0.0
2021-05-10,10187000.0,27.17,0.066097,49139000.0,10187000.0,0.0
2021-05-11,0.0,25.48,-0.062091,49139000.0,0.0,0.0
2021-05-12,0.0,24.5,-0.038338,49139000.0,0.0,0.0
2021-05-13,-604000.0,24.14,-0.014636,48535000.0,0.0,-604000.0
2021-05-14,-583000.0,23.33,-0.033881,47952000.0,0.0,-583000.0
2021-05-17,-5592000.0,22.37,-0.041102,42360000.0,0.0,-5592000.0
2021-05-18,596000.0,23.83,0.065482,42956000.0,596000.0,0.0
2021-05-19,-616000.0,24.63,0.033633,42340000.0,0.0,-616000.0
2021-05-20,0.0,25.38,0.030354,42340000.0,0.0,0.0
2021-05-21,0.0,26.39,0.039964,42340000.0,0.0,0.0
2021-05-24,-1879000.0,25.05,-0.050863,40461000.0,0.0,-1879000.0
2021-05-25,-2423000.0,24.23,-0.03264,38038000.0,0.0,-2423000.0
2021-05-26,0.0,23.9,-0.013642,38038000.0,0.0,0.0
2021-05-27,0.0,23.78,-0.004978,38038000.0,0.0,0.0
2021-05-28,0.0,23.16,-0.02608,38038000.0,0.0,0.0
2021-06-01,0.0,24.04,0.037795,38038000.0,0.0,0.0
2021-06-02,-5185000.0,23.04,-0.041402,32853000.0,0.0,-5185000.0
2021-06-03,0.0,22.94,-0.004357,32853000.0,0.0,0.0
2021-06-04,-591000.0,23.63,0.02989,32262000.0,0.0,-591000.0
2021-06-07,-567000.0,22.67,-0.04061,31695000.0,0.0,-567000.0
2021-06-08,0.0,23.24,0.024918,31695000.0,0.0,0.0
2021-06-09,0.0,25.27,0.087751,31695000.0,0.0,0.0
2021-06-10,0.0,26.79,0.059971,31695000.0,0.0,0.0
2021-06-11,0.0,27.8,0.037596,31695000.0,0.0,0.0
2021-06-14,-10186000.0,27.16,-0.022841,21509000.0,0.0,-10186000.0
2021-06-15,716000.0,28.64,0.054565,22225000.0,716000.0,0.0
2021-06-16,2974000.0,29.74,0.038301,25199000.0,2974000.0,0.0
2021-06-17,0.0,28.39,-0.045438,25199000.0,0.0,0.0
2021-06-18,-1359000.0,27.18,-0.042681,23840000.0,0.0,-1359000.0
2021-06-21,0.0,26.65,-0.019446,23840000.0,0.0,0.0
2021-06-22,0.0,27.16,0.018987,23840000.0,0.0,0.0
2021-06-23,693000.0,27.71,0.020438,24533000.0,693000.0,0.0
2021-06-24,2844000.0,28.44,0.026243,27377000.0,2844000.0,0.0
2021-06-25,3706000.0,29.65,0.042517,31083000.0,3706000.0,0.0
2021-06-28,0.0,29.14,-0.017111,31083000.0,0.0,0.0
2021-06-29,0.0,28.97,-0.005731,31083000.0,0.0,0.0
2021-06-30,0.0,28.87,-0.003486,31083000.0,0.0,0.0
2021-07-01,-5442000.0,27.21,-0.057617,25641000.0,0.0,-5442000.0
2021-07-02,0.0,26.75,-0.01669,25641000.0,0.0,0.0
2021-07-06,1271000.0,25.43,-0.049611,26912000.0,1271000.0,0.0
2021-07-07,0.0,27.06,0.064082,26912000.0,0.0,0.0
2021-07-08,-6633000.0,26.53,-0.019374,20279000.0,0.0,-6633000.0
2021-07-09,0.0,26.94,0.015453,20279000.0,0.0,0.0
2021-07-12,0.0,25.53,-0.052498,20279000.0,0.0,0.0
2021-07-13,0.0,24.4,-0.044144,20279000.0,0.0,0.0
2021-07-14,-4641000.0,23.2,-0.049068,15638000.0,0.0,-4641000.0
2021-07-15,-614000.0,24.58,0.059289,15024000.0,0.0,-614000.0
2021-07-16,0.0,24.77,0.007824,15024000.0,0.0,0.0
2021-07-19,0.0,25.58,0.032497,15024000.0,0.0,0.0
2021-07-20,0.0,25.53,-0.001869,15024000.0,0.0,0.0
2021-07-21,0.0,26.06,0.020875,15024000.0,0.0,0.0
2021-07-22,0.0,26.57,0.019542,15024000.0,0.0,0.0
2021-07-23,0.0,27.01,0.016352,15024000.0,0.0,0.0
2021-07-26,-1278000.0,25.57,-0.053278,13746000.0,0.0,-1278000.0
2021-07-27,0.0,24.77,-0.031201,13746000.0,0.0,0.0
2021-07-28,0.0,25.5,0.029396,13746000.0,0.0,0.0
2021-07-29,0.0,26.68,0.046327,13746000.0,0.0,0.0
2021-07-30,0.0,26.07,-0.022959,13746000.0,0.0,0.0
2021-08-02,0.0,26.58,0.019697,13746000.0,0.0,0.0
2021-08-03,0.0,26.75,0.006614,13746000.0,0.0,0.0
2021-08-04,0.0,27.11,0.013381,13746000.0,0.0,0.0
2021-08-05,0.0,26.95,-0.006012,13746000.0,0.0,0.0
2021-08-06,0.0,26.7,-0.009343,13746000.0,0.0,0.0
2021-08-09,0.0,26.5,-0.007236,13746000.0,0.0,0.0
2021-08-10,0.0,27.03,0.019808,13746000.0,0.0,0.0
2021-08-11,0.0,27.83,0.029442,13746000.0,0.0,0.0
2021-08-12,0.0,28.17,0.012305,13746000.0,0.0,0.0
2021-08-13,0.0,28.22,0.002009,13746000.0,0.0,0.0
2021-08-16,0.0,28.71,0.017336,13746000.0,0.0,0.0
2021-08-17,0.0,29.39,0.023504,13746000.0,0.0,0.0
2021-08-18,0.0,29.79,0.013594,13746000.0,0.0,0.0
2021-08-19,-8815000.0,29.38,-0.013603,4931000.0,0.0,-8815000.0
2021-08-20,0.0,29.85,0.015883,4931000.0,0.0,0.0
2021-08-23,0.0,30.21,0.011936,4931000.0,0.0,0.0
2021-08-24,3029000.0,30.29,0.002877,7960000.0,3029000.0,0.0
2021-08-25,0.0,29.5,-0.026052,7960000.0,0.0,0.0
2021-08-26,0.0,30.53,0.034792,7960000.0,0.0,0.0
2021-08-27,-4473000.0,29.82,-0.023265,3487000.0,0.0,-4473000.0
2021-08-30,0.0,29.81,-0.000248,3487000.0,0.0,0.0
2021-08-31,0.0,28.19,-0.054272,3487000.0,0.0,0.0
2021-09-01,0.0,27.82,-0.013112,3487000.0,0.0,0.0
2021-09-02,5641000.0,28.21,0.013707,9128000.0,5641000.0,0.0
2021-09-03,-2750000.0,27.5,-0.025012,6378000.0,0.0,-2750000.0
2021-09-07,0.0,27.05,-0.016443,6378000.0,0.0,0.0
2021-09-08,0.0,27.69,0.02355,6378000.0,0.0,0.0
2021-09-09,730000.0,29.21,0.054949,7108000.0,730000.0,0.0
2021-09-10,0.0,29.99,0.02674,7108000.0,0.0,0.0
2021-09-13,0.0,30.74,0.025207,7108000.0,0.0,0.0
2021-09-14,-746000.0,29.85,-0.029072,6362000.0,0.0,-746000.0
2021-09-15,0.0,29.97,0.004154,6362000.0,0.0,0.0
2021-09-16,0.0,30.58,0.020141,6362000.0,0.0,0.0
2021-09-17,0.0,30.84,0.008464,6362000.0,0.0,0.0
2021-09-20,-5838000.0,29.19,-0.053359,524000.0,0.0,-5838000.0
2021-09-21,0.0,31.07,0.064475,524000.0,0.0,0.0
2021-09-22,0.0,30.92,-0.004773,524000.0,0.0,0.0
2021-09-23,0.0,31.72,0.025795,524000.0,0.0,0.0
2021-09-24,809000.0,32.35,0.019718,1333000.0,809000.0,0.0
2021-09-27,0.0,33.99,0.05072,1333000.0,0.0,0.0
2021-09-28,9051000.0,36.2,0.065122,10384000.0,9051000.0,0.0
2021-09-29,0.0,35.61,-0.01643,10384000.0,0.0,0.0
2021-09-30,0.0,35.62,0.000475,10384000.0,0.0,0.0
2021-10-01,0.0,36.72,0.030864,10384000.0,0.0,0.0
2021-10-04,0.0,37.47,0.020208,10384000.0,0.0,0.0
2021-10-05,8196000.0,40.98,0.093816,18580000.0,8196000.0,0.0
2021-10-06,-1030000.0,41.18,0.004871,17550000.0,0.0,-1030000.0
2021-10-07,-964000.0,38.58,-0.063146,16586000.0,0.0,-964000.0
2021-10-08,0.0,38.88,0.007667,16586000.0,0.0,0.0
2021-10-11,7121000.0,40.69,0.046667,23707000.0,7121000.0,0.0
2021-10-12,0.0,37.89,-0.068928,23707000.0,0.0,0.0
2021-10-13,0.0,36.99,-0.023703,23707000.0,0.0,0.0
2021-10-14,0.0,37.42,0.011818,23707000.0,0.0,0.0
2021-10-15,-13380000.0,35.68,-0.046622,10327000.0,0.0,-13380000.0
2021-10-18,0.0,36.93,0.035163,10327000.0,0.0,0.0
2021-10-19,0.0,38.65,0.046331,10327000.0,0.0,0.0
2021-10-20,-8400000.0,37.33,-0.033986,1927000.0,0.0,-8400000.0
2021-10-21,0.0,34.63,-0.072495,1927000.0,0.0,0.0
2021-10-22,-809000.0,32.38,-0.064877,1118000.0,0.0,-809000.0
2021-10-25,-2318000.0,30.9,-0.045616,-1200000.0,0.0,-2318000.0
2021-10-26,-4206000.0,28.04,-0.09267,-5406000.0,0.0,-4206000.0
2021-10-27,0.0,29.18,0.040712,-5406000.0,0.0,0.0
2021-10-28,0.0,30.06,0.030226,-5406000.0,0.0,0.0
2021-10-29,757000.0,30.29,0.007631,-4649000.0,757000.0,0.0
2021-11-01,-3318000.0,26.55,-0.123649,-7967000.0,0.0,-3318000.0
2021-11-02,0.0,23.02,-0.132804,-7967000.0,0.0,0.0
2021-11-03,0.0,21.05,-0.085758,-7967000.0,0.0,0.0
2021-11-04,3998000.0,22.85,0.085602,-3969000.0,3998000.0,0.0
2021-11-05,0.0,23.16,0.013564,-3969000.0,0.0,0.0
2021-11-08,0.0,25.0,0.07961,-3969000.0,0.0,0.0
2021-11-09,0.0,23.98,-0.040882,-3969000.0,0.0,0.0
2021-11-10,0.0,22.57,-0.058959,-3969000.0,0.0,0.0
2021-11-11,0.0,21.79,-0.034269,-3969000.0,0.0,0.0
2021-11-12,2239000.0,22.39,0.027258,-1730000.0,2239000.0,0.0
2021-11-15,0.0,21.66,-0.032632,-1730000.0,0.0,0.0
2021-11-16,-2002000.0,20.02,-0.07538,-3732000.0,0.0,-2002000.0
2021-11-17,0.0,20.41,0.019427,-3732000.0,0.0,0.0
2021-11-18,0.0,22.11,0.082926,-3732000.0,0.0,0.0
2021-11-19,0.0,24.65,0.115015,-3732000.0,0.0,0.0
2021-11-22,619000.0,24.74,0.00383,-3113000.0,619000.0,0.0
2021-11-23,-4093000.0,23.39,-0.054725,-7206000.0,0.0,-4093000.0
2021-11-24,0.0,24.67,0.054815,-7206000.0,0.0,0.0
2021-11-26,2494000.0,24.94,0.011082,-4712000.0,2494000.0,0.0
2021-11-29,2663000.0,26.63,0.06775,-2049000.0,2663000.0,0.0
2021-11-30,0.0,26.85,0.008264,-2049000.0,0.0,0.0
2021-12-01,0.0,27.79,0.034826,-2049000.0,0.0,0.0
2021-12-02,2840000.0,28.4,0.021926,791000.0,2840000.0,0.0
2021-12-03,0.0,29.42,0.036105,791000.0,0.0,0.0
2021-12-06,0.0,29.83,0.013721,791000.0,0.0,0.0
2021-12-07,0.0,30.31,0.016294,791000.0,0.0,0.0
2021-12-08,-5033000.0,28.76,-0.05121,-4242000.0,0.0,-5033000.0
2021-12-10,-5616000.0,28.08,-0.023689,-9858000.0,0.0,-5616000.0
2021-12-13,0.0,27.96,-0.004398,-9858000.0,0.0,0.0
2021-12-14,-5002000.0,25.01,-0.105313,-14860000.0,0.0,-5002000.0
2021-12-15,0.0,24.53,-0.019135,-14860000.0,0.0,0.0
2021-12-16,0.0,24.45,-0.003444,-14860000.0,0.0,0.0
2021-12-17,-2406000.0,24.06,-0.016067,-17266000.0,0.0,-2406000.0
2021-12-20,-639000.0,25.57,0.063033,-17905000.0,0.0,-639000.0
2021-12-21,0.0,25.24,-0.013108,-17905000.0,0.0,0.0
2021-12-22,7814000.0,26.05,0.032057,-10091000.0,7814000.0,0.0
2021-12-23,0.0,26.49,0.017078,-10091000.0,0.0,0.0
2021-12-27,0.0,26.6,0.004175,-10091000.0,0.0,0.0
2021-12-28,0.0,26.56,-0.001688,-10091000.0,0.0,0.0
2021-12-29,0.0,27.9,0.050534,-10091000.0,0.0,0.0
2021-12-30,0.0,29.42,0.054441,-10091000.0,0.0,0.0
2021-12-31,0.0,29.65,0.007931,-10091000.0,0.0,0.0
2022-01-03,0.0,29.64,-0.000246,-10091000.0,0.0,0.0
2022-01-04,-10154000.0,27.08,-0.086526,-20245000.0,0.0,-10154000.0
2022-01-05,0.0,26.47,-0.022398,-20245000.0,0.0,0.0
2022-01-06,0.0,26.29,-0.006811,-20245000.0,0.0,0.0
2022-01-07,0.0,26.63,0.012784,-20245000.0,0.0,0.0
2022-01-10,-1202000.0,24.04,-0.097332,-21447000.0,0.0,-1202000.0
2022-01-11,0.0,24.47,0.017894,-21447000.0,0.0,0.0
2022-01-12,0.0,23.36,-0.045153,-21447000.0,0.0,0.0
2022-01-13,557000.0,22.29,-0.045721,-20890000.0,557000.0,0.0
2022-01-14,0.0,22.93,0.028758,-20890000.0,0.0,0.0
2022-01-18,0.0,20.53,-0.104752,-20890000.0,0.0,0.0
2022-01-19,493000.0,19.7,-0.040508,-20397000.0,493000.0,0.0
2022-01-20,7426000.0,21.22,0.076985,-12971000.0,7426000.0,0.0
2022-01-21,-1006000.0,20.12,-0.051695,-13977000.0,0.0,-1006000.0
2022-01-24,0.0,21.05,0.046139,-13977000.0,0.0,0.0
2022-01-25,0.0,19.73,-0.062633,-13977000.0,0.0,0.0
2022-01-26,0.0,19.49,-0.012048,-13977000.0,0.0,0.0
2022-01-27,0.0,20.66,0.060035,-13977000.0,0.0,0.0
2022-01-28,0.0,22.19,0.074033,-13977000.0,0.0,0.0
2022-01-31,0.0,21.85,-0.0156,-13977000.0,0.0,0.0
2022-02-01,0.0,21.43,-0.019175,-13977000.0,0.0,0.0
2022-02-02,5497000.0,21.99,0.026112,-8480000.0,5497000.0,0.0
2022-02-03,0.0,21.63,-0.016124,-8480000.0,0.0,0.0
2022-02-04,537000.0,21.49,-0.006749,-7943000.0,537000.0,0.0
2022-02-07,539000.0,21.57,0.00391,-7404000.0,539000.0,0.0
2022-02-08,0.0,22.64,0.049449,-7404000.0,0.0,0.0
2022-02-09,613000.0,24.53,0.083507,-6791000.0,613000.0,0.0
2022-02-10,0.0,25.09,0.022955,-6791000.0,0.0,0.0
2022-02-11,0.0,24.71,-0.014994,-6791000.0,0.0,0.0
2022-02-14,0.0,23.26,-0.05885,-6791000.0,0.0,0.0
2022-02-15,0.0,22.8,-0.019842,-6791000.0,0.0,0.0
2022-02-16,0.0,22.0,-0.034793,-6791000.0,0.0,0.0
2022-02-17,2934000.0,23.47,0.066632,-3857000.0,2934000.0,0.0
2022-02-18,590000.0,23.62,0.006186,-3267000.0,590000.0,0.0
2022-02-22,0.0,24.03,0.017357,-3267000.0,0.0,0.0
2022-02-23,0.0,25.1,0.044827,-3267000.0,0.0,0.0
2022-02-24,0.0,22.34,-0.110215,-3267000.0,0.0,0.0
2022-02-25,0.0,22.55,0.009366,-3267000.0,0.0,0.0
2022-02-28,0.0,21.47,-0.04777,-3267000.0,0.0,0.0
2022-03-01,2368000.0,23.68,0.103175,-899000.0,2368000.0,0.0
2022-03-02,0.0,23.58,-0.004446,-899000.0,0.0,0.0
2022-03-03,0.0,23.79,0.008987,-899000.0,0.0,0.0
2022-03-04,0.0,24.91,0.04707,-899000.0,0.0,0.0
2022-03-07,0.0,26.13,0.049013,-899000.0,0.0,0.0
2022-03-08,0.0,26.69,0.021511,-899000.0,0.0,0.0
2022-03-09,0.0,28.06,0.051336,-899000.0,0.0,0.0
2022-03-10,681000.0,27.24,-0.02922,-218000.0,681000.0,0.0
2022-03-11,3338000.0,26.7,-0.019814,3120000.0,3338000.0,0.0
2022-03-16,-4450000.0,25.43,-0.047728,-1330000.0,0.0,-4450000.0
2022-03-17,0.0,26.19,0.030104,-1330000.0,0.0,0.0
2022-03-18,0.0,26.39,0.007544,-1330000.0,0.0,0.0
2022-03-21,0.0,26.15,-0.009014,-1330000.0,0.0,0.0
2022-03-22,-7590000.0,25.3,-0.032611,-8920000.0,0.0,-7590000.0
2022-03-23,0.0,25.97,0.026363,-8920000.0,0.0,0.0
2022-03-24,0.0,24.99,-0.037512,-8920000.0,0.0,0.0
2022-03-28,591000.0,23.63,-0.054673,-8329000.0,591000.0,0.0
2022-03-29,0.0,24.24,0.02583,-8329000.0,0.0,0.0
2022-03-30,4940000.0,24.7,0.019127,-3389000.0,4940000.0,0.0
2022-03-31,11416000.0,24.03,-0.027007,8027000.0,11416000.0,0.0
2022-04-01,0.0,23.82,-0.009087,8027000.0,0.0,0.0
2022-04-04,0.0,22.59,-0.051281,8027000.0,0.0,0.0
2022-04-05,-6577000.0,21.92,-0.029777,1450000.0,0.0,-6577000.0
2022-04-06,-7308000.0,20.88,-0.047583,-5858000.0,0.0,-7308000.0
2022-04-07,0.0,21.56,0.032497,-5858000.0,0.0,0.0
2022-04-08,0.0,22.33,0.035835,-5858000.0,0.0,0.0
2022-04-11,0.0,21.0,-0.059513,-5858000.0,0.0,0.0
2022-04-12,0.0,21.33,0.015538,-5858000.0,0.0,0.0
2022-04-13,528000.0,21.12,-0.009936,-5330000.0,528000.0,0.0
2022-04-14,0.0,21.97,0.040417,-5330000.0,0.0,0.0
2022-04-18,3295000.0,21.97,-7.3e-05,-2035000.0,3295000.0,0.0
2022-04-19,1056000.0,21.12,-0.038522,-979000.0,1056000.0,0.0
2022-04-20,1010000.0,20.2,-0.043498,31000.0,1010000.0,0.0
2022-04-21,0.0,21.82,0.080304,31000.0,0.0,0.0
2022-04-22,-1683000.0,22.44,0.028326,-1652000.0,0.0,-1683000.0
2022-04-26,-1034000.0,20.68,-0.078521,-2686000.0,0.0,-1034000.0
2022-04-28,0.0,21.09,0.019951,-2686000.0,0.0,0.0
2022-04-29,0.0,21.44,0.016465,-2686000.0,0.0,0.0
2022-05-02,0.0,21.44,-0.000187,-2686000.0,0.0,0.0
2022-05-03,1096000.0,21.91,0.022247,-1590000.0,1096000.0,0.0
2022-05-04,580000.0,23.21,0.059038,-1010000.0,580000.0,0.0
2022-05-05,595000.0,23.8,0.025363,-415000.0,595000.0,0.0
2022-05-06,0.0,23.73,-0.002942,-415000.0,0.0,0.0
2022-05-09,0.0,24.04,0.013222,-415000.0,0.0,0.0
2022-05-10,-2936000.0,23.49,-0.022958,-3351000.0,0.0,-2936000.0
2022-05-11,0.0,24.09,0.025848,-3351000.0,0.0,0.0
2022-05-12,-4685000.0,23.43,-0.027699,-8036000.0,0.0,-4685000.0
2022-05-13,0.0,23.01,-0.017595,-8036000.0,0.0,0.0
2022-05-16,0.0,23.26,0.010585,-8036000.0,0.0,0.0
2022-05-17,0.0,24.66,0.060378,-8036000.0,0.0,0.0
2022-05-18,-1283000.0,25.67,0.040795,-9319000.0,0.0,-1283000.0
2022-05-19,621000.0,24.83,-0.032787,-8698000.0,621000.0,0.0
2022-05-20,-1253000.0,25.06,0.009478,-9951000.0,0.0,-1253000.0
2022-05-23,0.0,24.25,-0.032319,-9951000.0,0.0,0.0
2022-05-24,0.0,23.32,-0.038652,-9951000.0,0.0,0.0
2022-05-25,1727000.0,23.03,-0.012164,-8224000.0,1727000.0,0.0
2022-05-26,560000.0,22.39,-0.027949,-7664000.0,560000.0,0.0
2022-05-27,3187000.0,21.25,-0.050903,-4477000.0,3187000.0,0.0
2022-05-31,3854000.0,22.02,0.036413,-623000.0,3854000.0,0.0
2022-06-01,0.0,21.79,-0.010394,-623000.0,0.0,0.0
2022-06-02,0.0,21.78,-0.000491,-623000.0,0.0,0.0
2022-06-03,0.0,21.78,-0.000243,-623000.0,0.0,0.0
2022-06-06,0.0,21.47,-0.014116,-623000.0,0.0,0.0
2022-06-07,0.0,20.27,-0.055674,-623000.0,0.0,0.0
2022-06-08,0.0,19.41,-0.042552,-623000.0,0.0,0.0
2022-06-09,0.0,19.27,-0.007212,-623000.0,0.0,0.0
2022-06-10,0.0,19.73,0.024041,-623000.0,0.0,0.0
2022-06-13,963000.0,19.25,-0.024333,340000.0,963000.0,0.0
2022-06-14,0.0,19.86,0.031457,340000.0,0.0,0.0
2022-06-15,0.0,19.43,-0.021777,340000.0,0.0,0.0
2022-06-16,0.0,19.75,0.016533,340000.0,0.0,0.0
2022-06-17,0.0,20.1,0.017966,340000.0,0.0,0.0
2022-06-21,0.0,18.11,-0.099056,340000.0,0.0,0.0
2022-06-22,-1267000.0,16.89,-0.067335,-927000.0,0.0,-1267000.0
2022-06-23,0.0,17.69,0.047245,-927000.0,0.0,0.0
2022-06-24,-2962000.0,16.93,-0.043288,-3889000.0,0.0,-2962000.0
2022-06-27,-1236000.0,16.48,-0.026381,-5125000.0,0.0,-1236000.0
2022-06-28,0.0,16.07,-0.024826,-5125000.0,0.0,0.0
2022-06-29,831000.0,16.61,0.033884,-4294000.0,831000.0,0.0
2022-06-30,854000.0,17.08,0.028211,-3440000.0,854000.0,0.0
2022-07-01,0.0,17.02,-0.003694,-3440000.0,0.0,0.0
2022-07-05,0.0,15.8,-0.071905,-3440000.0,0.0,0.0
2022-07-06,0.0,15.08,-0.045328,-3440000.0,0.0,0.0
2022-07-07,0.0,15.73,0.043349,-3440000.0,0.0,0.0
2022-07-08,0.0,15.42,-0.019989,-3440000.0,0.0,0.0
2022-07-11,0.0,15.1,-0.020384,-3440000.0,0.0,0.0
2022-07-12,0.0,13.93,-0.077698,-3440000.0,0.0,0.0
2022-07-13,0.0,14.5,0.040786,-3440000.0,0.0,0.0
2022-07-14,0.0,15.25,0.051747,-3440000.0,0.0,0.0
2022-07-15,0.0,15.87,0.040598,-3440000.0,0.0,0.0
2022-07-18,-1139000.0,15.19,-0.043034,-4579000.0,0.0,-1139000.0
2022-07-19,0.0,15.0,-0.01207,-4579000.0,0.0,0.0
2022-07-20,0.0,14.73,-0.018144,-4579000.0,0.0,0.0
2022-07-21,0.0,14.7,-0.001806,-4579000.0,0.0,0.0
2022-07-22,0.0,14.65,-0.003536,-4579000.0,0.0,0.0
2022-07-25,-1664000.0,13.31,-0.091668,-6243000.0,0.0,-1664000.0
2022-07-26,0.0,13.33,0.00154,-6243000.0,0.0,0.0
2022-07-27,0.0,13.09,-0.017871,-6243000.0,0.0,0.0
2022-07-28,0.0,12.66,-0.032633,-6243000.0,0.0,0.0
2022-07-29,0.0,12.33,-0.02643,-6243000.0,0.0,0.0
2022-08-01,2520000.0,12.6,0.022102,-3723000.0,2520000.0,0.0
2022-08-02,582000.0,11.64,-0.076015,-3141000.0,582000.0,0.0
2022-08-03,531000.0,10.61,-0.088469,-2610000.0,531000.0,0.0
2022-08-04,1062000.0,10.62,0.000791,-1548000.0,1062000.0,0.0
2022-08-05,820000.0,10.93,0.02878,-728000.0,820000.0,0.0
2022-08-08,1111000.0,11.11,0.016765,383000.0,1111000.0,0.0
2022-08-09,1143000.0,11.43,0.028675,1526000.0,1143000.0,0.0
2022-08-10,1144000.0,11.44,0.000875,2670000.0,1144000.0,0.0
2022-08-11,269000.0,10.77,-0.058823,2939000.0,269000.0,0.0
2022-08-12,-520000.0,10.41,-0.033558,2419000.0,0.0,-520000.0
2022-08-15,978000.0,9.78,-0.059701,3397000.0,978000.0,0.0
2022-08-16,0.0,9.84,0.006061,3397000.0,0.0,0.0
2022-08-17,0.0,9.67,-0.017169,3397000.0,0.0,0.0
2022-08-18,0.0,9.32,-0.036519,3397000.0,0.0,0.0
2022-08-19,925000.0,9.25,-0.007864,4322000.0,925000.0,0.0
2022-08-22,0.0,9.12,-0.013787,4322000.0,0.0,0.0
2022-08-23,214000.0,8.57,-0.059801,4536000.0,214000.0,0.0
2022-08-24,0.0,8.45,-0.014881,4536000.0,0.0,0.0
2022-08-25,1960000.0,7.84,-0.071894,6496000.0,1960000.0,0.0
2022-08-26,2347000.0,7.82,-0.002066,8843000.0,2347000.0,0.0
2022-08-29,0.0,7.82,-0.000882,8843000.0,0.0,0.0
2022-08-30,-885000.0,7.08,-0.094412,7958000.0,0.0,-885000.0
2022-08-31,569000.0,7.59,0.072371,8527000.0,569000.0,0.0
2022-09-01,3085000.0,8.23,0.083875,11612000.0,3085000.0,0.0
2022-09-02,1288000.0,8.59,0.043912,12900000.0,1288000.0,0.0
2022-09-06,1184000.0,7.89,-0.081173,14084000.0,1184000.0,0.0
2022-09-07,0.0,8.26,0.047023,14084000.0,0.0,0.0
2022-09-08,0.0,8.69,0.05187,14084000.0,0.0,0.0
2022-09-09,0.0,8.54,-0.017764,14084000.0,0.0,0.0
2022-09-12,0.0,9.47,0.109462,14084000.0,0.0,0.0
2022-09-13,0.0,9.76,0.030755,14084000.0,0.0,0.0
2022-09-14,0.0,9.29,-0.048714,14084000.0,0.0,0.0
2022-09-15,453000.0,9.05,-0.025389,14537000.0,453000.0,0.0
2022-09-16,0.0,8.96,-0.010274,14537000.0,0.0,0.0
2022-09-19,672000.0,8.96,-8.9e-05,15209000.0,672000.0,0.0
2022-09-20,0.0,10.29,0.148507,15209000.0,0.0,0.0
2022-09-21,0.0,10.05,-0.023581,15209000.0,0.0,0.0
2022-09-22,0.0,9.98,-0.006431,15209000.0,0.0,0.0
2022-09-23,0.0,10.34,0.036199,15209000.0,0.0,0.0
2022-09-26,-4567000.0,10.15,-0.018748,10642000.0,0.0,-4567000.0
2022-09-27,0.0,10.31,0.015924,10642000.0,0.0,0.0
2022-09-28,-1665000.0,9.51,-0.077295,8977000.0,0.0,-1665000.0
2022-09-29,-1351000.0,9.01,-0.052959,7626000.0,0.0,-1351000.0
2022-09-30,0.0,8.95,-0.006327,7626000.0,0.0,0.0
2022-10-03,226000.0,9.04,0.009763,7852000.0,226000.0,0.0
2022-10-04,1020000.0,10.2,0.128092,8872000.0,1020000.0,0.0
2022-10-05,0.0,10.02,-0.017328,8872000.0,0.0,0.0
2022-10-06,0.0,9.6,-0.042352,8872000.0,0.0,0.0
2022-10-07,0.0,9.7,0.010285,8872000.0,0.0,0.0
2022-10-10,0.0,9.11,-0.060783,8872000.0,0.0,0.0
2022-10-11,231000.0,9.25,0.016385,9103000.0,231000.0,0.0
2022-10-12,0.0,9.04,-0.02362,9103000.0,0.0,0.0
2022-10-13,0.0,8.75,-0.032214,9103000.0,0.0,0.0
2022-10-14,0.0,9.3,0.063508,9103000.0,0.0,0.0
2022-10-17,0.0,8.84,-0.049975,9103000.0,0.0,0.0
2022-10-18,0.0,9.29,0.050974,9103000.0,0.0,0.0
2022-10-19,-1800000.0,9.0,-0.030615,7303000.0,0.0,-1800000.0
2022-10-20,-659000.0,8.79,-0.023739,6644000.0,0.0,-659000.0
2022-10-21,0.0,8.79,0.000637,6644000.0,0.0,0.0
2022-10-24,0.0,8.48,-0.035968,6644000.0,0.0,0.0
2022-10-25,0.0,8.34,-0.016526,6644000.0,0.0,0.0
2022-10-26,203000.0,8.13,-0.02448,6847000.0,203000.0,0.0
2022-10-27,0.0,7.73,-0.050004,6847000.0,0.0,0.0
2022-10-28,0.0,7.6,-0.015906,6847000.0,0.0,0.0
2022-10-31,174000.0,6.96,-0.084497,7021000.0,174000.0,0.0
2022-11-01,0.0,7.35,0.056527,7021000.0,0.0,0.0
2022-11-02,1139000.0,7.59,0.032088,8160000.0,1139000.0,0.0
2022-11-03,0.0,7.39,-0.02644,8160000.0,0.0,0.0
2022-11-04,763000.0,7.63,0.032598,8923000.0,763000.0,0.0
2022-11-07,1307000.0,7.47,-0.021648,10230000.0,1307000.0,0.0
2022-11-08,568000.0,7.57,0.014466,10798000.0,568000.0,0.0
2022-11-09,197000.0,7.86,0.037933,10995000.0,197000.0,0.0
2022-11-10,391000.0,7.82,-0.004847,11386000.0,391000.0,0.0
2022-11-11,607000.0,8.09,0.034654,11993000.0,607000.0,0.0
2022-11-14,1014000.0,8.11,0.001754,13007000.0,1014000.0,0.0
2022-11-15,2861000.0,7.63,-0.058927,15868000.0,2861000.0,0.0
2022-11-16,0.0,7.45,-0.023472,15868000.0,0.0,0.0
2022-11-17,0.0,7.11,-0.045709,15868000.0,0.0,0.0
2022-11-18,874000.0,7.0,-0.016243,16742000.0,874000.0,0.0
2022-11-21,0.0,7.29,0.041728,16742000.0,0.0,0.0
2022-11-22,0.0,7.0,-0.039988,16742000.0,0.0,0.0
2022-11-23,0.0,7.32,0.046914,16742000.0,0.0,0.0
2022-11-25,0.0,7.74,0.05639,16742000.0,0.0,0.0
2022-11-28,-1149000.0,7.66,-0.009577,15593000.0,0.0,-1149000.0
2022-11-29,-754000.0,7.54,-0.01643,14839000.0,0.0,-754000.0
2022-11-30,0.0,7.86,0.042616,14839000.0,0.0,0.0
2022-12-01,0.0,7.72,-0.017701,14839000.0,0.0,0.0
2022-12-02,-965000.0,7.72,0.000635,13874000.0,0.0,-965000.0
2022-12-05,0.0,8.06,0.043423,13874000.0,0.0,0.0
2022-12-06,-2095000.0,8.38,0.039767,11779000.0,0.0,-2095000.0
2022-12-07,0.0,8.44,0.007387,11779000.0,0.0,0.0
2022-12-08,-1785000.0,8.93,0.057417,9994000.0,0.0,-1785000.0
2022-12-09,0.0,9.21,0.031311,9994000.0,0.0,0.0
2022-12-12,0.0,8.83,-0.040691,9994000.0,0.0,0.0
2022-12-13,0.0,9.32,0.055858,9994000.0,0.0,0.0
2022-12-14,-1966000.0,9.83,0.054447,8028000.0,0.0,-1966000.0
2022-12-15,-1951000.0,9.75,-0.007902,6077000.0,0.0,-1951000.0
2022-12-16,0.0,9.09,-0.068459,6077000.0,0.0,0.0
2022-12-19,-670000.0,8.94,-0.016265,5407000.0,0.0,-670000.0
2022-12-20,0.0,10.01,0.119498,5407000.0,0.0,0.0
2022-12-21,0.0,10.0,-0.000979,5407000.0,0.0,0.0
2022-12-22,0.0,9.82,-0.017844,5407000.0,0.0,0.0
2022-12-23,0.0,9.45,-0.037763,5407000.0,0.0,0.0
2022-12-27,0.0,9.45,-8.5e-05,5407000.0,0.0,0.0
2022-12-28,0.0,9.64,0.020079,5407000.0,0.0,0.0
2022-12-29,0.0,9.54,-0.010376,5407000.0,0.0,0.0
2022-12-30,0.0,9.38,-0.016189,5407000.0,0.0,0.0
2023-01-03,-2707000.0,9.02,-0.038187,2700000.0,0.0,-2707000.0
2023-01-04,0.0,9.31,0.031603,2700000.0,0.0,0.0
2023-01-05,-1903000.0,9.52,0.02231,797000.0,0.0,-1903000.0
2023-01-06,0.0,10.09,0.060353,797000.0,0.0,0.0
2023-01-09,-969000.0,9.69,-0.039874,-172000.0,0.0,-969000.0
2023-01-10,0.0,9.08,-0.063358,-172000.0,0.0,0.0
2023-01-11,0.0,9.05,-0.002468,-172000.0,0.0,0.0
2023-01-12,0.0,9.16,0.012305,-172000.0,0.0,0.0
2023-01-13,0.0,9.33,0.017688,-172000.0,0.0,0.0
2023-01-17,711000.0,9.48,0.015954,539000.0,711000.0,0.0
2023-01-18,0.0,8.89,-0.061475,539000.0,0.0,0.0
2023-01-19,0.0,8.74,-0.017542,539000.0,0.0,0.0
2023-01-20,0.0,8.89,0.017054,539000.0,0.0,0.0
2023-01-23,646000.0,8.61,-0.031083,1185000.0,646000.0,0.0
2023-01-24,0.0,8.5,-0.012497,1185000.0,0.0,0.0
2023-01-25,0.0,8.4,-0.01242,1185000.0,0.0,0.0
2023-01-26,405000.0,8.09,-0.035943,1590000.0,405000.0,0.0
2023-01-27,1025000.0,8.2,0.013083,2615000.0,1025000.0,0.0
2023-01-30,1183000.0,7.88,-0.038595,3798000.0,1183000.0,0.0
2023-01-31,1147000.0,7.64,-0.030517,4945000.0,1147000.0,0.0
2023-02-01,1861000.0,7.45,-0.02593,6806000.0,1861000.0,0.0
2023-02-02,1430000.0,7.15,-0.039367,8236000.0,1430000.0,0.0
2023-02-03,1228000.0,7.02,-0.018931,9464000.0,1228000.0,0.0
2023-02-06,2005000.0,6.68,-0.047686,11469000.0,2005000.0,0.0
2023-02-07,2818000.0,7.04,0.054204,14287000.0,2818000.0,0.0
2023-02-08,5713000.0,7.37,0.046434,20000000.0,5713000.0,0.0
2023-02-09,1227000.0,7.01,-0.048877,21227000.0,1227000.0,0.0
2023-02-10,1762000.0,7.05,0.005377,22989000.0,1762000.0,0.0
2023-02-13,3768000.0,6.85,-0.027962,26757000.0,3768000.0,0.0
2023-02-14,4087000.0,6.54,-0.045579,30844000.0,4087000.0,0.0
2023-02-15,1786000.0,6.49,-0.007126,32630000.0,1786000.0,0.0
2023-02-16,2122000.0,6.53,0.005622,34752000.0,2122000.0,0.0
2023-02-17,3396000.0,6.47,-0.009174,38148000.0,3396000.0,0.0
2023-02-21,4842000.0,6.92,0.069264,42990000.0,4842000.0,0.0
2023-02-22,3391000.0,7.14,0.032092,46381000.0,3391000.0,0.0
2023-02-23,4506000.0,7.84,0.097527,50887000.0,4506000.0,0.0
2023-02-24,2556000.0,7.86,0.003599,53443000.0,2556000.0,0.0
2023-02-27,2012000.0,8.05,0.023385,55455000.0,2012000.0,0.0
2023-02-28,0.0,9.13,0.134605,55455000.0,0.0,0.0
2023-03-01,0.0,8.72,-0.044725,55455000.0,0.0,0.0
2023-03-02,445000.0,8.91,0.020922,55900000.0,445000.0,0.0
2023-03-03,1856000.0,9.28,0.042087,57756000.0,1856000.0,0.0
2023-03-06,-923000.0,9.23,-0.005054,56833000.0,0.0,-923000.0
2023-03-07,0.0,9.27,0.004386,56833000.0,0.0,0.0
2023-03-08,0.0,9.65,0.040232,56833000.0,0.0,0.0
2023-03-09,0.0,9.95,0.031741,56833000.0,0.0,0.0
2023-03-10,0.0,10.19,0.023772,56833000.0,0.0,0.0
2023-03-13,-2578000.0,10.31,0.012159,54255000.0,0.0,-2578000.0
2023-03-14,0.0,10.48,0.01657,54255000.0,0.0,0.0
2023-03-15,-4883000.0,9.77,-0.068444,49372000.0,0.0,-4883000.0
2023-03-16,0.0,9.96,0.019638,49372000.0,0.0,0.0
2023-03-17,-2991000.0,9.97,0.001215,46381000.0,0.0,-2991000.0
2023-03-20,0.0,9.58,-0.039445,46381000.0,0.0,0.0
2023-03-21,-2333000.0,9.33,-0.025476,44048000.0,0.0,-2333000.0
2023-03-22,0.0,9.5,0.018257,44048000.0,0.0,0.0
2023-03-23,0.0,10.16,0.069003,44048000.0,0.0,0.0
2023-03-24,-735000.0,9.8,-0.035139,43313000.0,0.0,-735000.0
2023-03-27,0.0,9.53,-0.028166,43313000.0,0.0,0.0
2023-03-28,0.0,9.42,-0.011295,43313000.0,0.0,0.0
2023-03-29,0.0,10.0,0.062066,43313000.0,0.0,0.0
2023-03-30,0.0,9.67,-0.033158,43313000.0,0.0,0.0
2023-03-31,0.0,10.01,0.034874,43313000.0,0.0,0.0
2023-04-03,0.0,9.96,-0.005065,43313000.0,0.0,0.0
2023-04-04,0.0,10.24,0.027846,43313000.0,0.0,0.0
2023-04-05,-1006000.0,10.06,-0.017488,42307000.0,0.0,-1006000.0
2023-04-06,0.0,9.73,-0.032028,42307000.0,0.0,0.0
2023-04-10,0.0,9.74,0.000308,42307000.0,0.0,0.0
2023-04-11,3001000.0,9.24,-0.051614,45308000.0,3001000.0,0.0
2023-04-12,0.0,9.36,0.013211,45308000.0,0.0,0.0
2023-04-13,701000.0,9.35,-0.000748,46009000.0,701000.0,0.0
2023-04-14,0.0,9.25,-0.010214,46009000.0,0.0,0.0
2023-04-17,0.0,9.05,-0.021892,46009000.0,0.0,0.0
2023-04-18,-5258000.0,8.76,-0.031916,40751000.0,0.0,-5258000.0
2023-04-19,0.0,9.12,0.041116,40751000.0,0.0,0.0
2023-04-20,-1615000.0,9.23,0.011651,39136000.0,0.0,-1615000.0
2023-04-21,0.0,9.15,-0.009036,39136000.0,0.0,0.0
2023-04-24,0.0,8.78,-0.040147,39136000.0,0.0,0.0
2023-04-25,0.0,8.78,-0.000251,39136000.0,0.0,0.0
2023-04-26,0.0,8.86,0.009719,39136000.0,0.0,0.0
2023-04-27,0.0,8.89,0.003205,39136000.0,0.0,0.0
2023-04-28,-1750000.0,8.75,-0.016028,37386000.0,0.0,-1750000.0
2023-05-01,0.0,8.75,-8e-05,37386000.0,0.0,0.0
2023-05-02,-1045000.0,8.36,-0.044402,36341000.0,0.0,-1045000.0
2023-05-03,0.0,8.54,0.021905,36341000.0,0.0,0.0
2023-05-04,-3028000.0,8.08,-0.054635,33313000.0,0.0,-3028000.0
2023-05-05,0.0,8.27,0.024296,33313000.0,0.0,0.0
2023-05-08,0.0,8.27,-4.8e-05,33313000.0,0.0,0.0
2023-05-09,-227000.0,9.08,0.097918,33086000.0,0.0,-227000.0
2023-05-10,-1067000.0,8.54,-0.060103,32019000.0,0.0,-1067000.0
2023-05-11,0.0,8.04,-0.05844,32019000.0,0.0,0.0
2023-05-12,764000.0,7.64,-0.049263,32783000.0,764000.0,0.0
2023-05-15,1265000.0,7.23,-0.053818,34048000.0,1265000.0,0.0
2023-05-16,545000.0,7.26,0.004357,34593000.0,545000.0,0.0
2023-05-17,0.0,7.18,-0.010591,34593000.0,0.0,0.0
2023-05-18,0.0,7.44,0.035287,34593000.0,0.0,0.0
2023-05-19,0.0,7.37,-0.008484,34593000.0,0.0,0.0
2023-05-22,0.0,7.35,-0.003485,34593000.0,0.0,0.0
2023-05-23,0.0,7.01,-0.045709,34593000.0,0.0,0.0
2023-05-24,162000.0,6.47,-0.077073,34755000.0,162000.0,0.0
2023-05-25,2228000.0,6.37,-0.016377,36983000.0,2228000.0,0.0
2023-05-26,653000.0,6.53,0.026169,37636000.0,653000.0,0.0
2023-05-30,151000.0,6.06,-0.072556,37787000.0,151000.0,0.0
2023-05-31,0.0,5.68,-0.062784,37787000.0,0.0,0.0
2023-06-01,2311000.0,5.78,0.017293,40098000.0,2311000.0,0.0
2023-06-02,1220000.0,6.1,0.055845,41318000.0,1220000.0,0.0
2023-06-05,0.0,6.48,0.061843,41318000.0,0.0,0.0
2023-06-06,0.0,6.52,0.006315,41318000.0,0.0,0.0
2023-06-07,0.0,6.11,-0.062479,41318000.0,0.0,0.0
2023-06-08,1268000.0,6.34,0.037527,42586000.0,1268000.0,0.0
2023-06-09,0.0,6.26,-0.011988,42586000.0,0.0,0.0
2023-06-12,0.0,6.15,-0.017945,42586000.0,0.0,0.0
2023-06-13,624000.0,6.24,0.014729,43210000.0,624000.0,0.0
2023-06-14,0.0,6.37,0.020475,43210000.0,0.0,0.0
2023-06-15,0.0,6.29,-0.012262,43210000.0,0.0,0.0
2023-06-16,915000.0,6.1,-0.030629,44125000.0,915000.0,0.0
2023-06-20,1525000.0,6.1,-1.6e-05,45650000.0,1525000.0,0.0
2023-06-21,0.0,6.05,-0.008313,45650000.0,0.0,0.0
2023-06-22,619000.0,6.19,0.022884,46269000.0,619000.0,0.0
2023-06-23,0.0,6.13,-0.009763,46269000.0,0.0,0.0
2023-06-26,0.0,5.9,-0.036729,46269000.0,0.0,0.0
2023-06-27,419000.0,5.58,-0.05367,46688000.0,419000.0,0.0
2023-06-28,0.0,5.52,-0.011819,46688000.0,0.0,0.0
2023-06-29,1113000.0,5.57,0.008699,47801000.0,1113000.0,0.0
2023-06-30,0.0,5.52,-0.007833,47801000.0,0.0,0.0
2023-07-03,0.0,5.11,-0.074928,47801000.0,0.0,0.0
2023-07-05,878000.0,5.02,-0.018263,48679000.0,878000.0,0.0
2023-07-06,0.0,5.14,0.025242,48679000.0,0.0,0.0
2023-07-10,1125000.0,5.0,-0.027498,49804000.0,1125000.0,0.0
2023-07-11,130000.0,5.19,0.038235,49934000.0,130000.0,0.0
2023-07-12,133000.0,5.32,0.025039,50067000.0,133000.0,0.0
2023-07-13,1279000.0,5.12,-0.038633,51346000.0,1279000.0,0.0
2023-07-14,0.0,5.04,-0.015539,51346000.0,0.0,0.0
2023-07-17,718000.0,4.78,-0.050032,52064000.0,718000.0,0.0
2023-07-18,575000.0,4.6,-0.038643,52639000.0,575000.0,0.0
2023-07-19,0.0,4.51,-0.018805,52639000.0,0.0,0.0
2023-07-20,1054000.0,4.68,0.037488,53693000.0,1054000.0,0.0
2023-07-21,0.0,4.67,-0.002157,53693000.0,0.0,0.0
2023-07-24,0.0,4.5,-0.036982,53693000.0,0.0,0.0
2023-07-25,1649000.0,4.71,0.04687,55342000.0,1649000.0,0.0
2023-07-26,1207000.0,4.83,0.024859,56549000.0,1207000.0,0.0
2023-07-27,3339000.0,4.77,-0.011807,59888000.0,3339000.0,0.0
2023-07-28,118000.0,4.71,-0.013562,60006000.0,118000.0,0.0
2023-07-31,0.0,4.95,0.051509,60006000.0,0.0,0.0
2023-08-01,0.0,4.97,0.005295,60006000.0,0.0,0.0
2023-08-02,0.0,4.84,-0.027339,60006000.0,0.0,0.0
2023-08-03,0.0,4.86,0.004257,60006000.0,0.0,0.0
2023-08-04,0.0,4.87,0.001955,60006000.0,0.0,0.0
2023-08-07,0.0,5.15,0.057592,60006000.0,0.0,0.0
2023-08-08,125000.0,5.01,-0.026684,60131000.0,125000.0,0.0
2023-08-09,0.0,5.07,0.010835,60131000.0,0.0,0.0
2023-08-10,390000.0,5.21,0.027517,60521000.0,390000.0,0.0
2023-08-11,0.0,5.3,0.018039,60521000.0,0.0,0.0
2023-08-14,0.0,5.34,0.008171,60521000.0,0.0,0.0
2023-08-15,0.0,5.65,0.058342,60521000.0,0.0,0.0
2023-08-16,0.0,5.69,0.006915,60521000.0,0.0,0.0
2023-08-17,0.0,5.49,-0.035339,60521000.0,0.0,0.0
2023-08-18,-1074000.0,5.37,-0.02214,59447000.0,0.0,-1074000.0
2023-08-21,-640000.0,5.12,-0.046084,58807000.0,0.0,-640000.0
2023-08-22,0.0,4.99,-0.026136,58807000.0,0.0,0.0
2023-08-23,-1337000.0,4.86,-0.025876,57470000.0,0.0,-1337000.0
2023-08-24,0.0,5.05,0.039896,57470000.0,0.0,0.0
2023-08-25,0.0,4.94,-0.022853,57470000.0,0.0,0.0
2023-08-28,-494000.0,4.94,-8.1e-05,56976000.0,0.0,-494000.0
2023-08-29,0.0,5.08,0.028189,56976000.0,0.0,0.0
2023-08-30,0.0,4.86,-0.043094,56976000.0,0.0,0.0
2023-08-31,0.0,4.84,-0.00284,56976000.0,0.0,0.0
2023-09-01,0.0,4.83,-0.002725,56976000.0,0.0,0.0
2023-09-05,0.0,4.89,0.012398,56976000.0,0.0,0.0
2023-09-06,887000.0,5.07,0.035879,57863000.0,887000.0,0.0
2023-09-07,0.0,5.24,0.034558,57863000.0,0.0,0.0
2023-09-08,0.0,5.33,0.016234,57863000.0,0.0,0.0
2023-09-11,0.0,5.16,-0.031443,57863000.0,0.0,0.0
2023-09-12,-528000.0,5.28,0.023626,57335000.0,0.0,-528000.0
2023-09-13,0.0,5.33,0.008558,57335000.0,0.0,0.0
2023-09-14,0.0,5.42,0.016652,57335000.0,0.0,0.0
2023-09-15,0.0,5.48,0.012465,57335000.0,0.0,0.0
2023-09-18,-1409000.0,5.64,0.027796,55926000.0,0.0,-1409000.0
2023-09-19,0.0,5.75,0.020691,55926000.0,0.0,0.0
2023-09-20,0.0,5.48,-0.046715,55926000.0,0.0,0.0
2023-09-21,-2770000.0,5.54,0.010541,53156000.0,0.0,-2770000.0
2023-09-22,0.0,5.6,0.011298,53156000.0,0.0,0.0
2023-09-25,0.0,5.66,0.009779,53156000.0,0.0,0.0
2023-09-26,0.0,5.58,-0.013449,53156000.0,0.0,0.0
2023-09-27,-1373000.0,5.49,-0.01623,51783000.0,0.0,-1373000.0
2023-09-28,0.0,5.31,-0.032941,51783000.0,0.0,0.0
2023-09-29,0.0,5.5,0.03572,51783000.0,0.0,0.0
2023-10-02,0.0,5.71,0.037215,51783000.0,0.0,0.0
2023-10-03,0.0,5.66,-0.00801,51783000.0,0.0,0.0
2023-10-04,-2660000.0,5.6,-0.010619,49123000.0,0.0,-2660000.0
2023-10-05,0.0,5.82,0.039754,49123000.0,0.0,0.0
2023-10-06,-294000.0,5.89,0.011525,48829000.0,0.0,-294000.0
2023-10-09,-1188000.0,5.94,0.008524,47641000.0,0.0,-1188000.0
2023-10-10,0.0,5.66,-0.046891,47641000.0,0.0,0.0
2023-10-11,-1163000.0,5.82,0.027258,46478000.0,0.0,-1163000.0
2023-10-12,0.0,5.63,-0.031762,46478000.0,0.0,0.0
2023-10-13,0.0,5.77,0.025185,46478000.0,0.0,0.0
2023-10-16,0.0,5.81,0.00622,46478000.0,0.0,0.0
2023-10-17,0.0,6.16,0.06045,46478000.0,0.0,0.0
2023-10-18,0.0,5.81,-0.057378,46478000.0,0.0,0.0
2023-10-19,-1282000.0,5.7,-0.018792,45196000.0,0.0,-1282000.0
2023-10-20,0.0,5.73,0.006548,45196000.0,0.0,0.0
2023-10-23,0.0,5.61,-0.022393,45196000.0,0.0,0.0
2023-10-24,-1788000.0,5.5,-0.018428,43408000.0,0.0,-1788000.0
2023-10-25,-1196000.0,5.32,-0.033568,42212000.0,0.0,-1196000.0
2023-10-26,-1043000.0,5.21,-0.019388,41169000.0,0.0,-1043000.0
2023-10-27,-635000.0,5.08,-0.026541,40534000.0,0.0,-635000.0
2023-10-30,0.0,4.97,-0.020922,40534000.0,0.0,0.0
2023-10-31,0.0,5.04,0.01324,40534000.0,0.0,0.0
2023-11-01,0.0,4.77,-0.052465,40534000.0,0.0,0.0
2023-11-02,0.0,5.04,0.056397,40534000.0,0.0,0.0
2023-11-03,0.0,5.06,0.004503,40534000.0,0.0,0.0
2023-11-06,0.0,5.24,0.035194,40534000.0,0.0,0.0
2023-11-07,0.0,5.23,-0.002995,40534000.0,0.0,0.0
2023-11-08,0.0,5.45,0.042692,40534000.0,0.0,0.0
2023-11-09,0.0,5.79,0.063407,40534000.0,0.0,0.0
2023-11-10,0.0,5.73,-0.010303,40534000.0,0.0,0.0
2023-11-13,-3336000.0,6.07,0.057789,37198000.0,0.0,-3336000.0
2023-11-14,0.0,6.0,-0.010616,37198000.0,0.0,0.0
2023-11-15,-2027000.0,6.24,0.039439,35171000.0,0.0,-2027000.0
2023-11-16,0.0,6.49,0.040491,35171000.0,0.0,0.0
2023-11-17,0.0,6.51,0.00265,35171000.0,0.0,0.0
2023-11-20,-2904000.0,6.45,-0.008574,32267000.0,0.0,-2904000.0
2023-11-21,-827000.0,6.62,0.025587,31440000.0,0.0,-827000.0
2023-11-22,0.0,6.68,0.009958,31440000.0,0.0,0.0
2023-11-24,0.0,7.65,0.144373,31440000.0,0.0,0.0
2023-11-27,0.0,7.93,0.036936,31440000.0,0.0,0.0
2023-11-28,0.0,7.94,0.000984,31440000.0,0.0,0.0
2023-11-29,-7076000.0,8.84,0.114113,24364000.0,0.0,-7076000.0
2023-11-30,0.0,9.33,0.054769,24364000.0,0.0,0.0
2023-12-01,0.0,10.16,0.089453,24364000.0,0.0,0.0
2023-12-04,0.0,9.45,-0.070055,24364000.0,0.0,0.0
2023-12-05,-10376000.0,8.65,-0.08513,13988000.0,0.0,-10376000.0
2023-12-06,-3553000.0,8.36,-0.033064,10435000.0,0.0,-3553000.0
2023-12-07,-1661000.0,8.3,-0.006698,8774000.0,0.0,-1661000.0
2023-12-08,0.0,8.65,0.041494,8774000.0,0.0,0.0
2023-12-11,0.0,8.67,0.002266,8774000.0,0.0,0.0
2023-12-12,0.0,9.4,0.084588,8774000.0,0.0,0.0
2023-12-13,0.0,8.95,-0.048232,8774000.0,0.0,0.0
2023-12-14,-2806000.0,9.35,0.045257,5968000.0,0.0,-2806000.0
2023-12-15,-1994000.0,9.97,0.065705,3974000.0,0.0,-1994000.0
2023-12-18,0.0,10.16,0.019481,3974000.0,0.0,0.0
2023-12-19,0.0,9.83,-0.032432,3974000.0,0.0,0.0
2023-12-20,-2250000.0,10.0,0.017156,1724000.0,0.0,-2250000.0
2023-12-21,0.0,10.02,0.00169,1724000.0,0.0,0.0
2023-12-22,0.0,10.53,0.050635,1724000.0,0.0,0.0
2023-12-26,0.0,10.52,-0.000237,1724000.0,0.0,0.0
2023-12-27,0.0,10.91,0.036965,1724000.0,0.0,0.0
2023-12-28,0.0,11.59,0.061737,1724000.0,0.0,0.0
2023-12-29,0.0,11.64,0.004885,1724000.0,0.0,0.0
2024-01-02,0.0,10.58,-0.091713,1724000.0,0.0,0.0
2024-01-03,0.0,10.27,-0.028662,1724000.0,0.0,0.0
2024-01-04,-6565000.0,10.94,0.065178,-4841000.0,0.0,-6565000.0
2024-01-05,0.0,10.71,-0.021122,-4841000.0,0.0,0.0
2024-01-08,0.0,9.69,-0.095543,-4841000.0,0.0,0.0
2024-01-09,-698000.0,9.31,-0.038805,-5539000.0,0.0,-698000.0
2024-01-10,0.0,9.66,0.037998,-5539000.0,0.0,0.0
2024-01-11,0.0,9.41,-0.025877,-5539000.0,0.0,0.0
2024-01-12,0.0,9.47,0.005672,-5539000.0,0.0,0.0
2024-01-16,0.0,9.82,0.037156,-5539000.0,0.0,0.0
2024-01-17,0.0,10.06,0.024145,-5539000.0,0.0,0.0
2024-01-18,0.0,11.27,0.120273,-5539000.0,0.0,0.0
2024-01-19,-278000.0,11.12,-0.013154,-5817000.0,0.0,-278000.0
2024-01-22,-3683000.0,10.52,-0.053496,-9500000.0,0.0,-3683000.0
2024-01-23,0.0,10.9,0.035624,-9500000.0,0.0,0.0
2024-01-24,-294000.0,11.77,0.079946,-9794000.0,0.0,-294000.0
2024-01-25,-561000.0,11.22,-0.04661,-10355000.0,0.0,-561000.0
2024-01-26,-559000.0,11.17,-0.00418,-10914000.0,0.0,-559000.0
2024-01-29,0.0,10.67,-0.045031,-10914000.0,0.0,0.0
2024-01-30,-1627000.0,10.84,0.016184,-12541000.0,0.0,-1627000.0
2024-01-31,1122000.0,11.22,0.034471,-11419000.0,1122000.0,0.0
2024-02-01,278000.0,11.11,-0.009654,-11141000.0,278000.0,0.0
2024-02-02,0.0,11.15,0.003745,-11141000.0,0.0,0.0
2024-02-05,0.0,12.16,0.090046,-11141000.0,0.0,0.0
2024-02-06,949000.0,12.65,0.040954,-10192000.0,949000.0,0.0
2024-02-07,-583000.0,11.67,-0.077982,-10775000.0,0.0,-583000.0
2024-02-08,0.0,12.66,0.085092,-10775000.0,0.0,0.0
2024-02-09,311000.0,12.43,-0.018066,-10464000.0,311000.0,0.0
2024-02-12,0.0,12.46,0.002727,-10464000.0,0.0,0.0
2024-02-13,0.0,12.34,-0.010277,-10464000.0,0.0,0.0
2024-02-14,0.0,12.84,0.04088,-10464000.0,0.0,0.0
2024-02-15,0.0,12.9,0.004899,-10464000.0,0.0,0.0
2024-02-16,0.0,12.85,-0.003883,-10464000.0,0.0,0.0
2024-02-20,0.0,12.49,-0.02804,-10464000.0,0.0,0.0
2024-02-21,0.0,13.06,0.045226,-10464000.0,0.0,0.0
2024-02-22,0.0,13.46,0.030672,-10464000.0,0.0,0.0
2024-02-23,0.0,14.37,0.067528,-10464000.0,0.0,0.0
2024-02-26,0.0,13.68,-0.048048,-10464000.0,0.0,0.0
2024-02-27,0.0,14.27,0.043388,-10464000.0,0.0,0.0
2024-02-28,0.0,15.13,0.060406,-10464000.0,0.0,0.0
2024-02-29,0.0,14.98,-0.00988,-10464000.0,0.0,0.0
2024-03-01,405000.0,16.2,0.081294,-10059000.0,405000.0,0.0
2024-03-04,0.0,16.05,-0.009068,-10059000.0,0.0,0.0
2024-03-05,0.0,15.68,-0.023278,-10059000.0,0.0,0.0
2024-03-06,0.0,15.59,-0.005497,-10059000.0,0.0,0.0
2024-03-07,0.0,16.31,0.045787,-10059000.0,0.0,0.0
2024-03-08,0.0,16.87,0.03453,-10059000.0,0.0,0.0
2024-03-11,0.0,15.93,-0.055682,-10059000.0,0.0,0.0
2024-03-12,0.0,16.63,0.043844,-10059000.0,0.0,0.0
2024-03-13,0.0,16.31,-0.019326,-10059000.0,0.0,0.0
2024-03-14,0.0,16.21,-0.005917,-10059000.0,0.0,0.0
2024-03-15,-1188000.0,15.85,-0.022594,-11247000.0,0.0,-1188000.0
2024-03-18,0.0,16.42,0.035928,-11247000.0,0.0,0.0
2024-03-19,0.0,15.13,-0.078336,-11247000.0,0.0,0.0
2024-03-20,0.0,14.51,-0.040617,-11247000.0,0.0,0.0
2024-03-21,2314000.0,15.43,0.062743,-8933000.0,2314000.0,0.0
2024-03-22,1482000.0,14.82,-0.039072,-7451000.0,1482000.0,0.0
2024-03-25,0.0,14.18,-0.043332,-7451000.0,0.0,0.0
2024-03-26,-3283000.0,13.13,-0.07382,-10734000.0,0.0,-3283000.0
2024-03-27,0.0,13.47,0.025233,-10734000.0,0.0,0.0
2024-03-28,5946000.0,13.99,0.039116,-4788000.0,5946000.0,0.0
2024-04-01,-350000.0,13.99,-0.000279,-5138000.0,0.0,-350000.0
2024-04-02,0.0,12.66,-0.09494,-5138000.0,0.0,0.0
2024-04-03,-5392000.0,13.48,0.064875,-10530000.0,0.0,-5392000.0
2024-04-04,-1275000.0,12.75,-0.053994,-11805000.0,0.0,-1275000.0
2024-04-05,0.0,12.69,-0.005277,-11805000.0,0.0,0.0
2024-04-08,0.0,12.47,-0.016995,-11805000.0,0.0,0.0
2024-04-09,0.0,12.88,0.03295,-11805000.0,0.0,0.0
2024-04-10,0.0,13.57,0.053108,-11805000.0,0.0,0.0
2024-04-11,0.0,13.63,0.004696,-11805000.0,0.0,0.0
2024-04-12,-1708000.0,13.66,0.002465,-13513000.0,0.0,-1708000.0
2024-04-15,0.0,13.43,-0.016724,-13513000.0,0.0,0.0
2024-04-16,0.0,13.56,0.009275,-13513000.0,0.0,0.0
2024-04-17,0.0,13.93,0.027068,-13513000.0,0.0,0.0
2024-04-18,0.0,13.45,-0.033959,-13513000.0,0.0,0.0
2024-04-19,0.0,13.57,0.009024,-13513000.0,0.0,0.0
2024-04-22,0.0,12.87,-0.051532,-13513000.0,0.0,0.0
2024-04-23,663000.0,13.26,0.029927,-12850000.0,663000.0,0.0
2024-04-24,2274000.0,12.99,-0.020249,-10576000.0,2274000.0,0.0
2024-04-25,0.0,12.89,-0.007497,-10576000.0,0.0,0.0
2024-04-26,318000.0,12.7,-0.014704,-10258000.0,318000.0,0.0
2024-04-29,0.0,12.44,-0.020961,-10258000.0,0.0,0.0
2024-04-30,322000.0,12.88,0.035343,-9936000.0,322000.0,0.0
2024-05-01,-319000.0,12.75,-0.009885,-10255000.0,0.0,-319000.0
2024-05-02,0.0,13.54,0.06177,-10255000.0,0.0,0.0
2024-05-03,0.0,13.62,0.006146,-10255000.0,0.0,0.0
2024-05-06,0.0,13.64,0.001615,-10255000.0,0.0,0.0
2024-05-07,0.0,14.47,0.060616,-10255000.0,0.0,0.0
2024-05-08,0.0,13.78,-0.047836,-10255000.0,0.0,0.0
2024-05-09,-2379000.0,13.6,-0.013137,-12634000.0,0.0,-2379000.0
2024-05-10,0.0,13.74,0.010826,-12634000.0,0.0,0.0
2024-05-13,1310000.0,13.1,-0.046725,-11324000.0,1310000.0,0.0
2024-05-14,0.0,12.74,-0.027698,-11324000.0,0.0,0.0
2024-05-15,0.0,12.34,-0.031203,-11324000.0,0.0,0.0
2024-05-16,2566000.0,12.83,0.039581,-8758000.0,2566000.0,0.0
2024-05-17,968000.0,12.91,0.005947,-7790000.0,968000.0,0.0
2024-05-20,-1274000.0,12.74,-0.012993,-9064000.0,0.0,-1274000.0
2024-05-21,-2826000.0,12.56,-0.013997,-11890000.0,0.0,-2826000.0
2024-05-22,0.0,12.24,-0.025628,-11890000.0,0.0,0.0
2024-05-23,-4594000.0,12.25,0.001021,-16484000.0,0.0,-4594000.0
2024-05-24,0.0,12.34,0.006889,-16484000.0,0.0,0.0
2024-05-28,0.0,11.98,-0.028422,-16484000.0,0.0,0.0
2024-05-29,-1198000.0,11.98,-0.000225,-17682000.0,0.0,-1198000.0
2024-05-30,0.0,12.13,0.012018,-17682000.0,0.0,0.0
2024-05-31,0.0,12.09,-0.003059,-17682000.0,0.0,0.0
2024-06-03,0.0,12.0,-0.00737,-17682000.0,0.0,0.0
2024-06-04,0.0,12.13,0.010892,-17682000.0,0.0,0.0
2024-06-05,0.0,12.07,-0.00516,-17682000.0,0.0,0.0
2024-06-06,0.0,12.06,-0.000953,-17682000.0,0.0,0.0
2024-06-07,0.0,11.93,-0.010575,-17682000.0,0.0,0.0
2024-06-10,0.0,11.65,-0.023405,-17682000.0,0.0,0.0
2024-06-11,0.0,11.54,-0.009528,-17682000.0,0.0,0.0
2024-06-12,-1504000.0,12.03,0.042786,-19186000.0,0.0,-1504000.0
2024-06-13,0.0,12.14,0.0093,-19186000.0,0.0,0.0
2024-06-14,0.0,11.87,-0.022405,-19186000.0,0.0,0.0
2024-06-17,-1498000.0,11.98,0.009198,-20684000.0,0.0,-1498000.0
2024-06-18,0.0,11.91,-0.006134,-20684000.0,0.0,0.0
2024-06-20,0.0,11.97,0.004862,-20684000.0,0.0,0.0
2024-06-21,0.0,11.98,0.001312,-20684000.0,0.0,0.0
2024-06-24,0.0,11.62,-0.029937,-20684000.0,0.0,0.0
2024-06-25,0.0,11.45,-0.015177,-20684000.0,0.0,0.0
2024-06-26,0.0,11.93,0.041995,-20684000.0,0.0,0.0
2024-06-27,0.0,12.03,0.008569,-20684000.0,0.0,0.0
2024-06-28,0.0,12.13,0.008197,-20684000.0,0.0,0.0
2024-07-01,0.0,12.35,0.018684,-20684000.0,0.0,0.0
2024-07-02,0.0,11.85,-0.04064,-20684000.0,0.0,0.0
2024-07-03,0.0,11.95,0.00831,-20684000.0,0.0,0.0
2024-07-05,0.0,11.44,-0.042808,-20684000.0,0.0,0.0
2024-07-08,0.0,11.61,0.014677,-20684000.0,0.0,0.0
2024-07-09,0.0,11.72,0.009916,-20684000.0,0.0,0.0
2024-07-10,0.0,12.08,0.030301,-20684000.0,0.0,0.0
2024-07-11,0.0,12.04,-0.003461,-20684000.0,0.0,0.0
2024-07-12,0.0,12.19,0.012895,-20684000.0,0.0,0.0
2024-07-15,0.0,11.86,-0.02711,-20684000.0,0.0,0.0
2024-07-16,-1159000.0,11.59,-0.022419,-21843000.0,0.0,-1159000.0
2024-07-17,0.0,11.8,0.017896,-21843000.0,0.0,0.0
2024-07-18,0.0,11.93,0.01054,-21843000.0,0.0,0.0
2024-07-19,0.0,11.86,-0.005861,-21843000.0,0.0,0.0
2024-07-22,0.0,11.87,0.001501,-21843000.0,0.0,0.0
2024-07-23,-882000.0,11.75,-0.010173,-22725000.0,0.0,-882000.0
2024-07-24,0.0,11.75,7.7e-05,-22725000.0,0.0,0.0
2024-07-25,0.0,11.44,-0.02639,-22725000.0,0.0,0.0
2024-07-26,0.0,11.23,-0.019101,-22725000.0,0.0,0.0
2024-07-29,-850000.0,11.34,0.009897,-23575000.0,0.0,-850000.0
2024-07-30,0.0,10.92,-0.036465,-23575000.0,0.0,0.0
2024-07-31,-817000.0,10.9,-0.002554,-24392000.0,0.0,-817000.0
2024-08-01,0.0,10.99,0.008637,-24392000.0,0.0,0.0
2024-08-02,0.0,11.12,0.012057,-24392000.0,0.0,0.0
2024-08-05,-1358000.0,10.87,-0.022999,-25750000.0,0.0,-1358000.0
2024-08-06,-3602000.0,11.08,0.019804,-29352000.0,0.0,-3602000.0
2024-08-07,0.0,10.85,-0.02052,-29352000.0,0.0,0.0
2024-08-08,0.0,10.92,0.005657,-29352000.0,0.0,0.0
2024-08-09,0.0,10.77,-0.013394,-29352000.0,0.0,0.0
2024-08-12,0.0,10.71,-0.005868,-29352000.0,0.0,0.0
2024-08-13,0.0,10.99,0.026704,-29352000.0,0.0,0.0
2024-08-14,0.0,10.91,-0.007851,-29352000.0,0.0,0.0
2024-08-15,0.0,10.72,-0.017064,-29352000.0,0.0,0.0
2024-08-16,-539000.0,10.78,0.005224,-29891000.0,0.0,-539000.0
2024-08-19,0.0,10.56,-0.020221,-29891000.0,0.0,0.0
2024-08-20,0.0,10.82,0.024768,-29891000.0,0.0,0.0
2024-08-21,0.0,10.87,0.004723,-29891000.0,0.0,0.0
2024-08-22,0.0,10.61,-0.023817,-29891000.0,0.0,0.0
2024-08-23,0.0,10.53,-0.007737,-29891000.0,0.0,0.0
2024-08-26,0.0,10.53,-4.7e-05,-29891000.0,0.0,0.0
2024-08-27,0.0,10.75,0.021313,-29891000.0,0.0,0.0
2024-08-28,0.0,10.75,8.4e-05,-29891000.0,0.0,0.0
2024-08-29,0.0,11.06,0.028036,-29891000.0,0.0,0.0
2024-08-30,0.0,11.17,0.010574,-29891000.0,0.0,0.0
2024-09-03,0.0,10.61,-0.050042,-29891000.0,0.0,0.0
2024-09-04,-533000.0,10.67,0.005276,-30424000.0,0.0,-533000.0
2024-09-05,0.0,10.83,0.014809,-30424000.0,0.0,0.0
2024-09-06,0.0,10.84,0.000951,-30424000.0,0.0,0.0
2024-09-09,0.0,10.65,-0.017457,-30424000.0,0.0,0.0
2024-09-10,0.0,10.52,-0.012387,-30424000.0,0.0,0.0
2024-09-11,0.0,10.84,0.030637,-30424000.0,0.0,0.0
2024-09-12,0.0,10.53,-0.028877,-30424000.0,0.0,0.0
2024-09-13,-516000.0,10.31,-0.020226,-30940000.0,0.0,-516000.0
2024-09-16,0.0,10.48,0.016426,-30940000.0,0.0,0.0
2024-09-17,0.0,10.46,-0.002013,-30940000.0,0.0,0.0
2024-09-18,0.0,10.65,0.017914,-30940000.0,0.0,0.0
2024-09-19,0.0,10.66,0.000733,-30940000.0,0.0,0.0
2024-09-20,-263000.0,10.51,-0.014057,-31203000.0,0.0,-263000.0
2024-09-23,0.0,10.72,0.020454,-31203000.0,0.0,0.0
2024-09-24,0.0,10.62,-0.009588,-31203000.0,0.0,0.0
2024-09-25,0.0,10.53,-0.007976,-31203000.0,0.0,0.0
2024-09-26,0.0,10.64,0.009987,-31203000.0,0.0,0.0
2024-09-27,0.0,10.48,-0.014785,-31203000.0,0.0,0.0
2024-09-30,0.0,10.72,0.022276,-31203000.0,0.0,0.0
2024-10-01,0.0,10.32,-0.037058,-31203000.0,0.0,0.0
2024-10-02,0.0,10.17,-0.014702,-31203000.0,0.0,0.0
2024-10-03,-257000.0,10.28,0.01083,-31460000.0,0.0,-257000.0
2024-10-04,0.0,10.36,0.008534,-31460000.0,0.0,0.0
2024-10-07,0.0,10.2,-0.016036,-31460000.0,0.0,0.0
2024-10-08,0.0,9.71,-0.047812,-31460000.0,0.0,0.0
2024-10-09,0.0,9.44,-0.027804,-31460000.0,0.0,0.0
2024-10-10,-474000.0,9.48,0.004163,-31934000.0,0.0,-474000.0
2024-10-11,0.0,9.54,0.005802,-31934000.0,0.0,0.0
2024-10-14,-1808000.0,9.04,-0.052155,-33742000.0,0.0,-1808000.0
2024-10-15,0.0,8.59,-0.049968,-33742000.0,0.0,0.0
2024-10-16,0.0,8.14,-0.051968,-33742000.0,0.0,0.0
2024-10-17,0.0,8.47,0.039951,-33742000.0,0.0,0.0
2024-10-18,0.0,8.29,-0.021004,-33742000.0,0.0,0.0
2024-10-21,0.0,7.87,-0.050632,-33742000.0,0.0,0.0
2024-10-22,1583000.0,7.92,0.006114,-32159000.0,1583000.0,0.0
2024-10-23,2207000.0,8.02,0.013656,-29952000.0,2207000.0,0.0
2024-10-24,0.0,7.86,-0.020613,-29952000.0,0.0,0.0
2024-10-25,0.0,7.79,-0.008513,-29952000.0,0.0,0.0
2024-10-28,0.0,7.52,-0.034665,-29952000.0,0.0,0.0
2024-10-29,0.0,7.78,0.034834,-29952000.0,0.0,0.0
2024-10-30,739000.0,7.39,-0.050748,-29213000.0,739000.0,0.0
2024-10-31,-371000.0,7.43,0.004994,-29584000.0,0.0,-371000.0
2024-11-01,0.0,7.41,-0.001751,-29584000.0,0.0,0.0
2024-11-04,0.0,7.7,0.039151,-29584000.0,0.0,0.0
2024-11-05,0.0,7.81,0.013515,-29584000.0,0.0,0.0
2024-11-06,575000.0,7.67,-0.017703,-29009000.0,575000.0,0.0
2024-11-07,0.0,7.8,0.0169,-29009000.0,0.0,0.0
2024-11-08,0.0,8.06,0.033906,-29009000.0,0.0,0.0
2024-11-11,0.0,8.46,0.048757,-29009000.0,0.0,0.0
2024-11-12,629000.0,8.38,-0.008752,-28380000.0,629000.0,0.0
2024-11-13,0.0,8.43,0.005262,-28380000.0,0.0,0.0
2024-11-14,0.0,8.41,-0.001305,-28380000.0,0.0,0.0
2024-11-15,0.0,8.43,0.002353,-28380000.0,0.0,0.0
2024-11-18,0.0,8.06,-0.043974,-28380000.0,0.0,0.0
2024-11-19,-770000.0,7.7,-0.045588,-29150000.0,0.0,-770000.0
2024-11-20,0.0,7.63,-0.008303,-29150000.0,0.0,0.0
2024-11-21,368000.0,7.36,-0.0356,-28782000.0,368000.0,0.0
2024-11-22,536000.0,7.15,-0.028327,-28246000.0,536000.0,0.0
2024-11-25,0.0,7.37,0.0303,-28246000.0,0.0,0.0
2024-11-26,2541000.0,7.26,-0.01463,-25705000.0,2541000.0,0.0
2024-11-27,0.0,6.71,-0.07535,-25705000.0,0.0,0.0
2024-11-29,0.0,6.52,-0.029224,-25705000.0,0.0,0.0
2024-12-02,0.0,6.29,-0.035612,-25705000.0,0.0,0.0
2024-12-03,3152000.0,6.3,0.002816,-22553000.0,3152000.0,0.0
2024-12-04,0.0,6.36,0.009773,-22553000.0,0.0,0.0
2024-12-05,2939000.0,6.53,0.026176,-19614000.0,2939000.0,0.0
2024-12-06,0.0,6.31,-0.034174,-19614000.0,0.0,0.0
2024-12-09,0.0,6.18,-0.020196,-19614000.0,0.0,0.0
2024-12-10,0.0,5.95,-0.036598,-19614000.0,0.0,0.0
2024-12-11,0.0,5.66,-0.048887,-19614000.0,0.0,0.0
2024-12-12,876000.0,5.84,0.030989,-18738000.0,876000.0,0.0
2024-12-13,3937000.0,6.06,0.037387,-14801000.0,3937000.0,0.0
2024-12-16,0.0,6.06,-0.000264,-14801000.0,0.0,0.0
2024-12-17,0.0,5.82,-0.038345,-14801000.0,0.0,0.0
2024-12-18,0.0,6.04,0.037195,-14801000.0,0.0,0.0
2024-12-19,1490000.0,5.96,-0.013063,-13311000.0,1490000.0,0.0
2024-12-20,0.0,6.13,0.028887,-13311000.0,0.0,0.0
2024-12-23,0.0,6.17,0.006554,-13311000.0,0.0,0.0
2024-12-24,608000.0,6.08,-0.015728,-12703000.0,608000.0,0.0
2024-12-26,0.0,6.08,-0.000132,-12703000.0,0.0,0.0
2024-12-27,0.0,6.07,-0.000955,-12703000.0,0.0,0.0
2024-12-30,0.0,5.89,-0.029968,-12703000.0,0.0,0.0
2024-12-31,0.0,6.04,0.026172,-12703000.0,0.0,0.0
2025-01-02,0.0,6.14,0.016435,-12703000.0,0.0,0.0
2025-01-03,0.0,6.23,0.013906,-12703000.0,0.0,0.0
2025-01-06,0.0,5.74,-0.077906,-12703000.0,0.0,0.0
2025-01-07,276000.0,5.51,-0.039867,-12427000.0,276000.0,0.0
2025-01-08,0.0,5.49,-0.004063,-12427000.0,0.0,0.0
2025-01-10,3342000.0,6.08,0.106788,-9085000.0,3342000.0,0.0
2025-01-13,0.0,5.82,-0.041833,-9085000.0,0.0,0.0
2025-01-14,151000.0,6.02,0.034007,-8934000.0,151000.0,0.0
2025-01-15,1165000.0,5.82,-0.032473,-7769000.0,1165000.0,0.0
2025-01-16,0.0,5.67,-0.026558,-7769000.0,0.0,0.0
2025-01-17,0.0,5.64,-0.005238,-7769000.0,0.0,0.0
2025-01-21,0.0,5.42,-0.039394,-7769000.0,0.0,0.0
2025-01-22,129000.0,5.18,-0.044442,-7640000.0,129000.0,0.0
2025-01-23,0.0,5.08,-0.018967,-7640000.0,0.0,0.0
2025-01-24,252000.0,5.04,-0.007324,-7388000.0,252000.0,0.0
2025-01-27,6696000.0,5.25,0.041649,-692000.0,6696000.0,0.0
2025-01-28,1177000.0,5.23,-0.003998,485000.0,1177000.0,0.0
2025-01-29,524000.0,5.24,0.00216,1009000.0,524000.0,0.0
2025-01-30,1487000.0,5.41,0.03176,2496000.0,1487000.0,0.0
2025-01-31,1571000.0,5.71,0.055945,4067000.0,1571000.0,0.0
2025-02-03,1918000.0,5.48,-0.040497,5985000.0,1918000.0,0.0
2025-02-04,434000.0,5.79,0.05664,6419000.0,434000.0,0.0
2025-02-05,0.0,5.91,0.020965,6419000.0,0.0,0.0
2025-02-06,286000.0,5.72,-0.032459,6705000.0,286000.0,0.0
2025-02-07,0.0,5.77,0.008217,6705000.0,0.0,0.0
2025-02-10,0.0,5.75,-0.003485,6705000.0,0.0,0.0
2025-02-11,0.0,5.57,-0.031477,6705000.0,0.0,0.0
2025-02-12,136000.0,5.42,-0.025655,6841000.0,136000.0,0.0
2025-02-13,415000.0,5.54,0.021371,7256000.0,415000.0,0.0
2025-02-14,3106000.0,5.65,0.019516,10362000.0,3106000.0,0.0
2025-02-18,301000.0,6.02,0.06527,10663000.0,301000.0,0.0
2025-02-19,149000.0,5.94,-0.011785,10812000.0,149000.0,0.0
2025-02-20,317000.0,6.34,0.067149,11129000.0,317000.0,0.0
2025-02-21,1096000.0,6.26,-0.012547,12225000.0,1096000.0,0.0
2025-02-24,0.0,6.03,-0.036954,12225000.0,0.0,0.0
2025-02-25,0.0,6.23,0.031824,12225000.0,0.0,0.0
2025-02-26,2062000.0,6.35,0.019405,14287000.0,2062000.0,0.0
2025-02-27,0.0,6.14,-0.031768,14287000.0,0.0,0.0
2025-02-28,-641000.0,6.41,0.043455,13646000.0,0.0,-641000.0
2025-03-03,0.0,6.19,-0.033737,13646000.0,0.0,0.0
2025-03-04,0.0,6.02,-0.02883,13646000.0,0.0,0.0
2025-03-05,0.0,6.21,0.031713,13646000.0,0.0,0.0
2025-03-06,0.0,6.42,0.035072,13646000.0,0.0,0.0
2025-03-07,652000.0,6.52,0.014786,14298000.0,652000.0,0.0
2025-03-10,0.0,6.6,0.011963,14298000.0,0.0,0.0
2025-03-11,0.0,6.69,0.01455,14298000.0,0.0,0.0
2025-03-12,0.0,7.06,0.054975,14298000.0,0.0,0.0
2025-03-13,0.0,6.89,-0.024682,14298000.0,0.0,0.0
2025-03-14,0.0,6.9,0.002134,14298000.0,0.0,0.0
2025-03-17,0.0,6.8,-0.014502,14298000.0,0.0,0.0
2025-03-18,-993000.0,6.62,-0.026697,13305000.0,0.0,-993000.0
2025-03-19,0.0,6.51,-0.016131,13305000.0,0.0,0.0
2025-03-20,0.0,6.79,0.041957,13305000.0,0.0,0.0
2025-03-21,0.0,6.85,0.00856,13305000.0,0.0,0.0
2025-03-24,0.0,6.7,-0.021738,13305000.0,0.0,0.0
2025-03-25,0.0,6.59,-0.015351,13305000.0,0.0,0.0
2025-03-26,0.0,6.42,-0.026359,13305000.0,0.0,0.0
2025-03-27,0.0,6.42,-0.000607,13305000.0,0.0,0.0
2025-03-28,0.0,6.42,0.000359,13305000.0,0.0,0.0
2025-03-31,0.0,6.34,-0.011576,13305000.0,0.0,0.0
2025-04-01,-489000.0,6.52,0.027333,12816000.0,0.0,-489000.0
2025-04-02,0.0,6.36,-0.02389,12816000.0,0.0,0.0
2025-04-03,0.0,6.03,-0.051371,12816000.0,0.0,0.0
2025-04-04,-279000.0,5.57,-0.076572,12537000.0,0.0,-279000.0
2025-04-07,0.0,5.37,-0.035979,12537000.0,0.0,0.0
2025-04-08,0.0,5.37,0.000205,12537000.0,0.0,0.0
2025-04-09,2743000.0,5.22,-0.027767,15280000.0,2743000.0,0.0
2025-04-10,0.0,5.66,0.083287,15280000.0,0.0,0.0
2025-04-11,1129000.0,5.64,-0.002704,16409000.0,1129000.0,0.0
2025-04-14,0.0,5.79,0.025674,16409000.0,0.0,0.0
2025-04-15,0.0,5.74,-0.008395,16409000.0,0.0,0.0
2025-04-16,-289000.0,5.78,0.006794,16120000.0,0.0,-289000.0
2025-04-17,0.0,5.78,0.00045,16120000.0,0.0,0.0
2025-04-21,578000.0,5.78,-3.5e-05,16698000.0,578000.0,0.0
2025-04-22,0.0,5.65,-0.022693,16698000.0,0.0,0.0
2025-04-23,0.0,5.93,0.048687,16698000.0,0.0,0.0
2025-04-24,0.0,5.88,-0.00778,16698000.0,0.0,0.0
2025-04-25,0.0,5.96,0.013862,16698000.0,0.0,0.0
2025-04-28,0.0,5.83,-0.021943,16698000.0,0.0,0.0
2025-04-29,0.0,5.68,-0.026123,16698000.0,0.0,0.0
2025-04-30,0.0,5.75,0.012188,16698000.0,0.0,0.0
2025-05-01,0.0,5.9,0.027284,16698000.0,0.0,0.0
2025-05-02,0.0,5.9,-0.001406,16698000.0,0.0,0.0
2025-05-05,0.0,5.9,-3.4e-05,16698000.0,0.0,0.0
2025-05-06,0.0,5.64,-0.043272,16698000.0,0.0,0.0
2025-05-07,-419000.0,5.59,-0.009503,16279000.0,0.0,-419000.0
2025-05-08,0.0,5.4,-0.033008,16279000.0,0.0,0.0
2025-05-09,0.0,5.39,-0.003165,16279000.0,0.0,0.0
2025-05-12,0.0,5.48,0.017548,16279000.0,0.0,0.0
2025-05-13,923000.0,5.28,-0.036955,17202000.0,923000.0,0.0
2025-05-14,0.0,5.4,0.023289,17202000.0,0.0,0.0
2025-05-15,2186000.0,5.47,0.012259,19388000.0,2186000.0,0.0
2025-05-16,0.0,5.46,-0.00097,19388000.0,0.0,0.0
2025-05-19,0.0,5.26,-0.036477,19388000.0,0.0,0.0
2025-05-20,133000.0,5.31,0.009674,19521000.0,133000.0,0.0
2025-05-21,917000.0,5.24,-0.013986,20438000.0,917000.0,0.0
2025-05-22,0.0,5.16,-0.015539,20438000.0,0.0,0.0
2025-05-23,0.0,5.1,-0.010762,20438000.0,0.0,0.0
2025-05-27,0.0,5.08,-0.004822,20438000.0,0.0,0.0
2025-05-28,0.0,5.14,0.012508,20438000.0,0.0,0.0
2025-05-29,1672000.0,5.14,0.000837,22110000.0,1672000.0,0.0
2025-05-30,0.0,5.19,0.008689,22110000.0,0.0,0.0
2025-06-02,0.0,5.16,-0.005569,22110000.0,0.0,0.0
2025-06-03,0.0,5.16,0.000678,22110000.0,0.0,0.0
2025-06-04,0.0,5.37,0.040512,22110000.0,0.0,0.0
2025-06-05,0.0,5.38,0.002196,22110000.0,0.0,0.0
2025-06-06,0.0,5.44,0.010418,22110000.0,0.0,0.0
2025-06-09,0.0,5.41,-0.006322,22110000.0,0.0,0.0
2025-06-10,0.0,5.47,0.011634,22110000.0,0.0,0.0
2025-06-11,0.0,5.63,0.029893,22110000.0,0.0,0.0
2025-06-12,1419000.0,5.68,0.007651,23529000.0,1419000.0,0.0
2025-06-13,0.0,5.82,0.024753,23529000.0,0.0,0.0
2025-06-16,0.0,5.61,-0.035399,23529000.0,0.0,0.0
2025-06-17,-421000.0,5.61,-0.000232,23108000.0,0.0,-421000.0
2025-06-18,0.0,5.66,0.009769,23108000.0,0.0,0.0
2025-06-20,0.0,5.7,0.005879,23108000.0,0.0,0.0
2025-06-23,0.0,5.83,0.023098,23108000.0,0.0,0.0
2025-06-24,719000.0,5.75,-0.013381,23827000.0,719000.0,0.0
2025-06-25,0.0,5.82,0.012745,23827000.0,0.0,0.0
2025-06-26,0.0,5.68,-0.024105,23827000.0,0.0,0.0
2025-06-27,-424000.0,5.66,-0.00431,23403000.0,0.0,-424000.0
2025-06-30,0.0,5.63,-0.006025,23403000.0,0.0,0.0
2025-07-01,0.0,5.61,-0.003324,23403000.0,0.0,0.0
2025-07-02,-1008000.0,5.76,0.027592,22395000.0,0.0,-1008000.0
2025-07-03,0.0,5.94,0.031138,22395000.0,0.0,0.0
2025-07-07,0.0,6.18,0.040533,22395000.0,0.0,0.0
2025-07-08,0.0,6.28,0.016371,22395000.0,0.0,0.0
2025-07-09,0.0,6.34,0.008993,22395000.0,0.0,0.0
2025-07-10,0.0,6.87,0.083542,22395000.0,0.0,0.0
2025-07-11,0.0,7.15,0.04056,22395000.0,0.0,0.0
2025-07-14,-22015000.0,7.22,0.009864,380000.0,0.0,-22015000.0
2025-07-15,-343000.0,6.87,-0.048684,37000.0,0.0,-343000.0
2025-07-16,-1646000.0,7.31,0.065098,-1609000.0,0.0,-1646000.0
2025-07-17,0.0,7.63,0.042606,-1609000.0,0.0,0.0
2025-07-18,-1115000.0,7.43,-0.02497,-2724000.0,0.0,-1115000.0
2025-07-21,-5515000.0,7.35,-0.011043,-8239000.0,0.0,-5515000.0
2025-07-22,-386000.0,7.72,0.049995,-8625000.0,0.0,-386000.0
2025-07-23,0.0,7.51,-0.02711,-8625000.0,0.0,0.0
2025-07-24,-5368000.0,7.4,-0.014286,-13993000.0,0.0,-5368000.0
2025-07-25,-361000.0,7.22,-0.02465,-14354000.0,0.0,-361000.0
2025-07-28,-183000.0,7.31,0.011785,-14537000.0,0.0,-183000.0
2025-07-29,0.0,6.99,-0.043538,-14537000.0,0.0,0.0
2025-07-30,0.0,7.12,0.018302,-14537000.0,0.0,0.0
2025-07-31,0.0,7.45,0.046894,-14537000.0,0.0,0.0
2025-08-01,0.0,7.54,0.012658,-14537000.0,0.0,0.0
2025-08-04,0.0,7.36,-0.024058,-14537000.0,0.0,0.0
2025-08-05,-1559000.0,7.8,0.058852,-16096000.0,0.0,-1559000.0
2025-08-06,0.0,7.77,-0.003938,-16096000.0,0.0,0.0
2025-08-07,0.0,7.85,0.010805,-16096000.0,0.0,0.0
2025-08-08,0.0,7.89,0.005083,-16096000.0,0.0,0.0
2025-08-11,0.0,7.77,-0.014755,-16096000.0,0.0,0.0
2025-08-12,0.0,8.01,0.030569,-16096000.0,0.0,0.0
2025-08-13,0.0,8.26,0.031722,-16096000.0,0.0,0.0
2025-08-14,0.0,8.27,0.001283,-16096000.0,0.0,0.0
2025-08-15,-1623000.0,8.12,-0.019275,-17719000.0,0.0,-1623000.0
2025-08-18,-2028000.0,8.11,-0.000357,-19747000.0,0.0,-2028000.0
2025-08-19,0.0,7.87,-0.02988,-19747000.0,0.0,0.0
2025-08-20,0.0,8.13,0.032401,-19747000.0,0.0,0.0
2025-08-21,0.0,8.2,0.008775,-19747000.0,0.0,0.0
2025-08-22,-2128000.0,8.51,0.038724,-21875000.0,0.0,-2128000.0
2025-08-25,0.0,8.51,-3.5e-05,-21875000.0,0.0,0.0
2025-08-26,0.0,8.65,0.01547,-21875000.0,0.0,0.0
2025-08-27,0.0,8.32,-0.037373,-21875000.0,0.0,0.0
2025-08-28,-1248000.0,8.32,-1.2e-05,-23123000.0,0.0,-1248000.0
2025-08-29,616000.0,8.22,-0.012857,-22507000.0,616000.0,0.0
2025-09-02,0.0,7.92,-0.035861,-22507000.0,0.0,0.0
2025-09-03,5672000.0,8.1,0.022991,-16835000.0,5672000.0,0.0
2025-09-04,7104000.0,8.12,0.00195,-9731000.0,7104000.0,0.0
2025-09-05,-2833000.0,8.1,-0.002845,-12564000.0,0.0,-2833000.0
2025-09-08,0.0,8.31,0.026015,-12564000.0,0.0,0.0
2025-09-09,0.0,8.45,0.016988,-12564000.0,0.0,0.0
2025-09-10,-2064000.0,8.26,-0.022576,-14628000.0,0.0,-2064000.0
2025-09-11,0.0,8.17,-0.010949,-14628000.0,0.0,0.0
2025-09-12,0.0,8.32,0.01832,-14628000.0,0.0,0.0
2025-09-15,-2669000.0,8.21,-0.012339,-17297000.0,0.0,-2669000.0
2025-09-16,-3038000.0,8.1,-0.013637,-20335000.0,0.0,-3038000.0
2025-09-17,0.0,8.22,0.014184,-20335000.0,0.0,0.0
2025-09-18,-207000.0,8.28,0.007814,-20542000.0,0.0,-207000.0
2025-09-19,0.0,8.26,-0.001932,-20542000.0,0.0,0.0
2025-09-22,-1015000.0,8.12,-0.017873,-21557000.0,0.0,-1015000.0
2025-09-23,0.0,8.37,0.031283,-21557000.0,0.0,0.0
2025-09-24,-1262000.0,8.41,0.004839,-22819000.0,0.0,-1262000.0
2025-09-25,-614000.0,8.19,-0.026574,-23433000.0,0.0,-614000.0
2025-09-26,0.0,8.14,-0.006217,-23433000.0,0.0,0.0
2025-09-29,0.0,7.89,-0.03037,-23433000.0,0.0,0.0
2025-09-30,0.0,7.61,-0.034757,-23433000.0,0.0,0.0
2025-10-01,-2451000.0,7.54,-0.009455,-25884000.0,0.0,-2451000.0
2025-10-02,0.0,7.7,0.021331,-25884000.0,0.0,0.0
2025-10-03,0.0,7.72,0.001493,-25884000.0,0.0,0.0
2025-10-06,0.0,7.87,0.020686,-25884000.0,0.0,0.0
2025-10-07,0.0,8.02,0.017892,-25884000.0,0.0,0.0
2025-10-08,0.0,7.71,-0.038561,-25884000.0,0.0,0.0
2025-10-09,0.0,7.76,0.007344,-25884000.0,0.0,0.0
2025-10-10,0.0,8.26,0.064019,-25884000.0,0.0,0.0
2025-10-13,-219000.0,8.76,0.060325,-26103000.0,0.0,-219000.0
2025-10-14,-412000.0,8.24,-0.059576,-26515000.0,0.0,-412000.0
2025-10-15,-1689000.0,8.45,0.025508,-28204000.0,0.0,-1689000.0
2025-10-16,0.0,8.39,-0.006535,-28204000.0,0.0,0.0
2025-10-17,0.0,8.28,-0.01318,-28204000.0,0.0,0.0
2025-10-20,0.0,8.28,-0.000555,-28204000.0,0.0,0.0
2025-10-21,0.0,8.46,0.021652,-28204000.0,0.0,0.0
2025-10-22,0.0,8.24,-0.025308,-28204000.0,0.0,0.0
2025-10-23,0.0,7.87,-0.045148,-28204000.0,0.0,0.0
2025-10-24,-795000.0,7.95,0.010814,-28999000.0,0.0,-795000.0
2025-10-27,0.0,7.95,-0.000629,-28999000.0,0.0,0.0
2025-10-28,0.0,8.0,0.006,-28999000.0,0.0,0.0
2025-10-29,0.0,8.24,0.03021,-28999000.0,0.0,0.0
2025-10-30,0.0,8.32,0.010074,-28999000.0,0.0,0.0
2025-10-31,0.0,8.15,-0.021017,-28999000.0,0.0,0.0
2025-11-03,0.0,8.01,-0.016619,-28999000.0,0.0,0.0
2025-11-04,0.0,8.25,0.029744,-28999000.0,0.0,0.0
2025-11-05,0.0,8.39,0.016473,-28999000.0,0.0,0.0
2025-11-06,-1497000.0,8.55,0.019903,-30496000.0,0.0,-1497000.0
2025-11-07,-210000.0,8.42,-0.016041,-30706000.0,0.0,-210000.0
2025-11-10,0.0,8.47,0.006167,-30706000.0,0.0,0.0
2025-11-11,0.0,8.53,0.007606,-30706000.0,0.0,0.0
2025-11-12,0.0,8.47,-0.007736,-30706000.0,0.0,0.0
2025-11-13,0.0,8.75,0.033546,-30706000.0,0.0,0.0
2025-11-14,0.0,8.66,-0.009783,-30706000.0,0.0,0.0
2025-11-17,0.0,8.77,0.011853,-30706000.0,0.0,0.0
2025-11-18,0.0,8.98,0.024421,-30706000.0,0.0,0.0
2025-11-19,0.0,8.85,-0.014876,-30706000.0,0.0,0.0
2025-11-20,0.0,9.03,0.020153,-30706000.0,0.0,0.0
2025-11-21,0.0,8.99,-0.003667,-30706000.0,0.0,0.0
2025-11-24,0.0,9.2,0.023074,-30706000.0,0.0,0.0
2025-11-25,0.0,9.29,0.009511,-30706000.0,0.0,0.0
2025-11-26,0.0,9.24,-0.005157,-30706000.0,0.0,0.0
2025-11-28,0.0,9.26,0.002002,-30706000.0,0.0,0.0
2025-12-01,0.0,9.4,0.015197,-30706000.0,0.0,0.0
2025-12-02,0.0,9.17,-0.024779,-30706000.0,0.0,0.0
2025-12-03,-2819000.0,9.4,0.025322,-33525000.0,0.0,-2819000.0
2025-12-04,0.0,9.32,-0.007789,-33525000.0,0.0,0.0
2025-12-05,0.0,9.13,-0.020901,-33525000.0,0.0,0.0
2025-12-08,0.0,9.38,0.027601,-33525000.0,0.0,0.0
2025-12-09,0.0,8.99,-0.041313,-33525000.0,0.0,0.0
2025-12-10,0.0,9.15,0.017111,-33525000.0,0.0,0.0
2025-12-11,0.0,8.8,-0.03781,-33525000.0,0.0,0.0
2025-12-12,-1533000.0,8.76,-0.004692,-35058000.0,0.0,-1533000.0
2025-12-15,0.0,8.89,0.014325,-35058000.0,0.0,0.0
2025-12-16,0.0,8.77,-0.012817,-35058000.0,0.0,0.0
2025-12-17,0.0,8.57,-0.023641,-35058000.0,0.0,0.0
2025-12-18,0.0,8.64,0.008464,-35058000.0,0.0,0.0
2025-12-19,-1752000.0,8.76,0.014089,-36810000.0,0.0,-1752000.0
2025-12-22,0.0,8.96,0.022844,-36810000.0,0.0,0.0
2025-12-23,0.0,8.84,-0.013237,-36810000.0,0.0,0.0
2025-12-24,0.0,8.85,0.000894,-36810000.0,0.0,0.0
2025-12-26,0.0,8.85,-0.000192,-36810000.0,0.0,0.0
2025-12-29,0.0,8.79,-0.006623,-36810000.0,0.0,0.0
2025-12-30,0.0,8.75,-0.004767,-36810000.0,0.0,0.0
2025-12-31,0.0,8.74,-0.000434,-36810000.0,0.0,0.0
2026-01-02,0.0,8.53,-0.024088,-36810000.0,0.0,0.0
2026-01-05,0.0,8.74,0.023803,-36810000.0,0.0,0.0
2026-01-06,0.0,8.91,0.020045,-36810000.0,0.0,0.0
2026-01-07,0.0,8.82,-0.010482,-36810000.0,0.0,0.0
2026-01-08,0.0,9.1,0.032142,-36810000.0,0.0,0.0
2026-01-09,0.0,8.8,-0.033283,-36810000.0,0.0,0.0
2026-01-12,0.0,8.62,-0.020505,-36810000.0,0.0,0.0
2026-01-13,0.0,8.79,0.019693,-36810000.0,0.0,0.0
2026-01-14,0.0,9.12,0.037749,-36810000.0,0.0,0.0
2026-01-15,0.0,9.57,0.049974,-36810000.0,0.0,0.0
2026-01-16,-742000.0,9.89,0.033172,-37552000.0,0.0,-742000.0
2026-01-20,0.0,10.28,0.039102,-37552000.0,0.0,0.0
2026-01-21,0.0,10.22,-0.006149,-37552000.0,0.0,0.0
2026-01-22,-1010000.0,10.1,-0.011042,-38562000.0,0.0,-1010000.0
2026-01-23,0.0,10.48,0.037356,-38562000.0,0.0,0.0
2026-01-26,0.0,10.84,0.034036,-38562000.0,0.0,0.0
2026-01-27,-278000.0,11.12,0.026234,-38840000.0,0.0,-278000.0
2026-01-28,0.0,10.97,-0.013883,-38840000.0,0.0,0.0
2026-01-29,0.0,11.38,0.037696,-38840000.0,0.0,0.0
2026-01-30,0.0,11.52,0.01232,-38840000.0,0.0,0.0
2026-02-02,0.0,11.12,-0.03453,-38840000.0,0.0,0.0
2026-02-03,0.0,10.59,-0.047615,-38840000.0,0.0,0.0
2026-02-04,0.0,10.88,0.027462,-38840000.0,0.0,0.0
2026-02-05,0.0,10.84,-0.004291,-38840000.0,0.0,0.0
2026-02-06,0.0,10.74,-0.009154,-38840000.0,0.0,0.0
2026-02-09,0.0,10.86,0.011147,-38840000.0,0.0,0.0
2026-02-10,0.0,11.19,0.030283,-38840000.0,0.0,0.0
2026-02-11,0.0,11.56,0.033245,-38840000.0,0.0,0.0
2026-02-12,-856000.0,11.41,-0.013125,-39696000.0,0.0,-856000.0
2026-02-13,0.0,11.6,0.016745,-39696000.0,0.0,0.0
2026-02-17,0.0,11.6,0.000491,-39696000.0,0.0,0.0
2026-02-18,0.0,11.65,0.003964,-39696000.0,0.0,0.0
2026-02-19,0.0,11.57,-0.00673,-39696000.0,0.0,0.0
2026-02-20,0.0,11.98,0.035373,-39696000.0,0.0,0.0
2026-02-23,0.0,11.8,-0.014841,-39696000.0,0.0,0.0
2026-02-24,0.0,11.91,0.009278,-39696000.0,0.0,0.0
2026-02-25,0.0,11.79,-0.010611,-39696000.0,0.0,0.0
2026-02-26,0.0,11.95,0.014229,-39696000.0,0.0,0.0
2026-02-27,-1214000.0,12.14,0.015301,-40910000.0,0.0,-1214000.0
2026-03-02,0.0,12.24,0.008586,-40910000.0,0.0,0.0
2026-03-03,0.0,12.44,0.016691,-40910000.0,0.0,0.0
2026-03-04,0.0,11.74,-0.056458,-40910000.0,0.0,0.0
2026-03-05,5381000.0,11.33,-0.035173,-35529000.0,5381000.0,0.0
2026-03-06,2366000.0,10.52,-0.071824,-33163000.0,2366000.0,0.0
2026-03-09,7667000.0,10.58,0.005668,-25496000.0,7667000.0,0.0
2026-03-10,-3628000.0,10.36,-0.019877,-29124000.0,0.0,-3628000.0
2026-03-11,-2955000.0,10.74,0.036653,-32079000.0,0.0,-2955000.0
2026-03-12,0.0,10.4,-0.031848,-32079000.0,0.0,0.0
2026-03-13,0.0,10.57,0.015746,-32079000.0,0.0,0.0
2026-03-16,0.0,10.74,0.016042,-32079000.0,0.0,0.0
2026-03-17,-2379000.0,10.58,-0.014969,-34458000.0,0.0,-2379000.0
2026-03-18,-267000.0,10.67,0.009078,-34725000.0,0.0,-267000.0
