contract,expiry_month,expiry_year,date,price,volume,expiry_date
SWFH26,Mar 2026,2026,05-03-2026,16643.0,375.0,
SWFJ26,Apr 2026,2026,05-03-2026,17357.0,795.0,
SWFK26,May 2026,2026,05-03-2026,17314.0,365.0,
SWFM26,Jun 2026,2026,05-03-2026,16250.0,345.0,
SWFN26,Jul 2026,2026,05-03-2026,15393.0,135.0,
SWFQ26,Aug 2026,2026,05-03-2026,15150.0,135.0,
SWFU26,Sep 2026,2026,05-03-2026,15036.0,135.0,
SWFV26,Oct 2026,2026,05-03-2026,14114.0,115.0,
SWFX26,Nov 2026,2026,05-03-2026,14114.0,115.0,
SWFZ26,Dec 2026,2026,05-03-2026,14114.0,115.0,
SWFF27,Jan 2027,2027,05-03-2026,12025.0,25.0,
SWFG27,Feb 2027,2027,05-03-2026,12025.0,25.0,
SWFH27,Mar 2027,2027,05-03-2026,12025.0,25.0,
SWFJ27,Apr 2027,2027,05-03-2026,13764.0,25.0,
SWFK27,May 2027,2027,05-03-2026,13764.0,25.0,
SWFM27,Jun 2027,2027,05-03-2026,13764.0,25.0,
SWFN27,Jul 2027,2027,05-03-2026,12478.0,25.0,
SWFQ27,Aug 2027,2027,05-03-2026,12478.0,25.0,
SWFU27,Sep 2027,2027,05-03-2026,12478.0,25.0,
SWFV27,Oct 2027,2027,05-03-2026,12478.0,25.0,
SWFX27,Nov 2027,2027,05-03-2026,12478.0,25.0,
SWFZ27,Dec 2027,2027,05-03-2026,12478.0,25.0,
SWFF28,Jan 2028,2028,05-03-2026,12121.0,20.0,
SWFG28,Feb 2028,2028,05-03-2026,12121.0,20.0,
SWFH28,Mar 2028,2028,05-03-2026,12121.0,20.0,
SWFJ28,Apr 2028,2028,05-03-2026,12121.0,20.0,
SWFK28,May 2028,2028,05-03-2026,12121.0,20.0,
SWFM28,Jun 2028,2028,05-03-2026,12121.0,20.0,
SWFN28,Jul 2028,2028,05-03-2026,12121.0,20.0,
SWFQ28,Aug 2028,2028,05-03-2026,12121.0,20.0,
SWFU28,Sep 2028,2028,05-03-2026,12121.0,20.0,
SWFV28,Oct 2028,2028,05-03-2026,12121.0,20.0,
SWFX28,Nov 2028,2028,05-03-2026,12121.0,20.0,
SWFZ28,Dec 2028,2028,05-03-2026,12121.0,20.0,
SWFF29,Jan 2029,2029,31-12-2024,11771.0,0.0,
SWFG29,Feb 2029,2029,31-12-2024,11771.0,0.0,
SWFH29,Mar 2029,2029,31-12-2024,11771.0,0.0,
SWFJ29,Apr 2029,2029,31-12-2024,11771.0,0.0,
SWFK29,May 2029,2029,31-12-2024,11771.0,0.0,
SWFM29,Jun 2029,2029,31-12-2024,11771.0,0.0,
SWFN29,Jul 2029,2029,31-12-2024,11771.0,0.0,
SWFQ29,Aug 2029,2029,31-12-2024,11771.0,0.0,
SWFU29,Sep 2029,2029,31-12-2024,11771.0,0.0,
SWFV29,Oct 2029,2029,31-12-2024,11771.0,0.0,
SWFX29,Nov 2029,2029,31-12-2024,11771.0,0.0,
SWFZ29,Dec 2029,2029,31-12-2024,11771.0,0.0,
SWFF30,Jan 2030,2030,31-12-2024,11813.0,0.0,
SWFG30,Feb 2030,2030,31-12-2024,11813.0,0.0,
SWFH30,Mar 2030,2030,31-12-2024,11813.0,0.0,
SWFJ30,Apr 2030,2030,31-12-2024,11813.0,0.0,
SWFK30,May 2030,2030,31-12-2024,11813.0,0.0,
SWFM30,Jun 2030,2030,31-12-2024,11813.0,0.0,
SWFN30,Jul 2030,2030,31-12-2024,11813.0,0.0,
SWFQ30,Aug 2030,2030,31-12-2024,11813.0,0.0,
SWFU30,Sep 2030,2030,31-12-2024,11813.0,0.0,
SWFV30,Oct 2030,2030,31-12-2024,11813.0,0.0,
SWFX30,Nov 2030,2030,31-12-2024,11813.0,0.0,
SWFZ30,Dec 2030,2030,31-12-2024,11813.0,0.0,
SWFF31,Jan 2031,2031,31-12-2024,11817.0,0.0,
SWFG31,Feb 2031,2031,31-12-2024,11817.0,0.0,
SWFH31,Mar 2031,2031,31-12-2024,11817.0,0.0,
SWFJ31,Apr 2031,2031,31-12-2024,11817.0,0.0,
SWFK31,May 2031,2031,31-12-2024,11817.0,0.0,
SWFM31,Jun 2031,2031,31-12-2024,11817.0,0.0,
SWFN31,Jul 2031,2031,31-12-2024,11817.0,0.0,
SWFQ31,Aug 2031,2031,31-12-2024,11817.0,0.0,
SWFU31,Sep 2031,2031,31-12-2024,11817.0,0.0,
SWFV31,Oct 2031,2031,31-12-2024,11817.0,0.0,
SWFX31,Nov 2031,2031,31-12-2024,11817.0,0.0,
SWFZ31,Dec 2031,2031,31-12-2024,11817.0,0.0,
SWFH26,Mar 2026,2026,06-03-2026,15943.0,200.0,31-03-2026
SWFJ26,Apr 2026,2026,06-03-2026,16743.0,680.0,30-04-2026
SWFK26,May 2026,2026,06-03-2026,16979.0,375.0,29-05-2026
SWFM26,Jun 2026,2026,06-03-2026,16036.0,300.0,30-06-2026
SWFN26,Jul 2026,2026,06-03-2026,14971.0,85.0,31-07-2026
SWFQ26,Aug 2026,2026,06-03-2026,14761.0,85.0,31-08-2026
SWFU26,Sep 2026,2026,06-03-2026,14621.0,85.0,30-09-2026
SWFV26,Oct 2026,2026,06-03-2026,13621.0,105.0,30-10-2026
SWFX26,Nov 2026,2026,06-03-2026,13621.0,105.0,30-11-2026
SWFZ26,Dec 2026,2026,06-03-2026,13621.0,105.0,24-12-2026
SWFF27,Jan 2027,2027,06-03-2026,11679.0,75.0,29-01-2027
SWFG27,Feb 2027,2027,06-03-2026,11679.0,75.0,26-02-2027
SWFH27,Mar 2027,2027,06-03-2026,11679.0,75.0,31-03-2027
SWFJ27,Apr 2027,2027,06-03-2026,13414.0,45.0,30-04-2027
SWFK27,May 2027,2027,06-03-2026,13414.0,45.0,31-05-2027
SWFM27,Jun 2027,2027,06-03-2026,13414.0,45.0,30-06-2027
SWFN27,Jul 2027,2027,06-03-2026,11912.0,45.0,30-07-2027
SWFQ27,Aug 2027,2027,06-03-2026,11912.0,45.0,31-08-2027
SWFU27,Sep 2027,2027,06-03-2026,11912.0,45.0,30-09-2027
SWFV27,Oct 2027,2027,06-03-2026,11912.0,45.0,29-10-2027
SWFX27,Nov 2027,2027,06-03-2026,11912.0,45.0,30-11-2027
SWFZ27,Dec 2027,2027,06-03-2026,11912.0,45.0,24-12-2027
SWFF28,Jan 2028,2028,06-03-2026,11764.0,5.0,31-01-2028
SWFG28,Feb 2028,2028,06-03-2026,11764.0,5.0,29-02-2028
SWFH28,Mar 2028,2028,06-03-2026,11764.0,5.0,31-03-2028
SWFJ28,Apr 2028,2028,06-03-2026,11764.0,5.0,28-04-2028
SWFK28,May 2028,2028,06-03-2026,11764.0,5.0,31-05-2028
SWFM28,Jun 2028,2028,06-03-2026,11764.0,5.0,30-06-2028
SWFN28,Jul 2028,2028,06-03-2026,11764.0,5.0,31-07-2028
SWFQ28,Aug 2028,2028,06-03-2026,11764.0,5.0,31-08-2028
SWFU28,Sep 2028,2028,06-03-2026,11764.0,5.0,29-09-2028
SWFV28,Oct 2028,2028,06-03-2026,11764.0,5.0,31-10-2028
SWFX28,Nov 2028,2028,06-03-2026,11764.0,5.0,30-11-2028
SWFZ28,Dec 2028,2028,06-03-2026,11764.0,5.0,22-12-2028
SWFH26,Mar 2026,2026,09-03-2026,15611.0,460.0,31-03-2026
SWFJ26,Apr 2026,2026,09-03-2026,16486.0,700.0,30-04-2026
SWFK26,May 2026,2026,09-03-2026,16764.0,295.0,29-05-2026
SWFM26,Jun 2026,2026,09-03-2026,16100.0,260.0,30-06-2026
SWFN26,Jul 2026,2026,09-03-2026,15007.0,70.0,31-07-2026
SWFQ26,Aug 2026,2026,09-03-2026,14750.0,70.0,31-08-2026
SWFU26,Sep 2026,2026,09-03-2026,14629.0,70.0,30-09-2026
SWFV26,Oct 2026,2026,09-03-2026,13654.0,110.0,30-10-2026
SWFX26,Nov 2026,2026,09-03-2026,13654.0,110.0,30-11-2026
SWFZ26,Dec 2026,2026,09-03-2026,13654.0,110.0,24-12-2026
SWFF27,Jan 2027,2027,09-03-2026,11557.0,55.0,29-01-2027
SWFG27,Feb 2027,2027,09-03-2026,11557.0,55.0,26-02-2027
SWFH27,Mar 2027,2027,09-03-2026,11557.0,55.0,31-03-2027
SWFJ27,Apr 2027,2027,09-03-2026,13354.0,35.0,30-04-2027
SWFK27,May 2027,2027,09-03-2026,13354.0,35.0,31-05-2027
SWFM27,Jun 2027,2027,09-03-2026,13354.0,35.0,30-06-2027
SWFN27,Jul 2027,2027,09-03-2026,12086.0,35.0,30-07-2027
SWFQ27,Aug 2027,2027,09-03-2026,12086.0,35.0,31-08-2027
SWFU27,Sep 2027,2027,09-03-2026,12086.0,35.0,30-09-2027
SWFV27,Oct 2027,2027,09-03-2026,12086.0,35.0,29-10-2027
SWFX27,Nov 2027,2027,09-03-2026,12086.0,35.0,30-11-2027
SWFZ27,Dec 2027,2027,09-03-2026,12086.0,35.0,24-12-2027
SWFF28,Jan 2028,2028,09-03-2026,11782.0,5.0,31-01-2028
SWFG28,Feb 2028,2028,09-03-2026,11782.0,5.0,29-02-2028
SWFH28,Mar 2028,2028,09-03-2026,11782.0,5.0,31-03-2028
SWFJ28,Apr 2028,2028,09-03-2026,11782.0,5.0,28-04-2028
SWFK28,May 2028,2028,09-03-2026,11782.0,5.0,31-05-2028
SWFM28,Jun 2028,2028,09-03-2026,11782.0,5.0,30-06-2028
SWFN28,Jul 2028,2028,09-03-2026,11782.0,5.0,31-07-2028
SWFQ28,Aug 2028,2028,09-03-2026,11782.0,5.0,31-08-2028
SWFU28,Sep 2028,2028,09-03-2026,11782.0,5.0,29-09-2028
SWFV28,Oct 2028,2028,09-03-2026,11782.0,5.0,31-10-2028
SWFX28,Nov 2028,2028,09-03-2026,11782.0,5.0,30-11-2028
SWFZ28,Dec 2028,2028,09-03-2026,11782.0,5.0,22-12-2028
SWFH26,Mar 2026,2026,10-03-2026,14957.0,155.0,31-03-2026
SWFJ26,Apr 2026,2026,10-03-2026,15750.0,630.0,30-04-2026
SWFK26,May 2026,2026,10-03-2026,16314.0,170.0,29-05-2026
SWFM26,Jun 2026,2026,10-03-2026,15950.0,220.0,30-06-2026
SWFN26,Jul 2026,2026,10-03-2026,15229.0,45.0,31-07-2026
SWFQ26,Aug 2026,2026,10-03-2026,14964.0,45.0,31-08-2026
SWFU26,Sep 2026,2026,10-03-2026,14807.0,45.0,30-09-2026
SWFV26,Oct 2026,2026,10-03-2026,14043.0,0.0,30-10-2026
SWFX26,Nov 2026,2026,10-03-2026,14043.0,0.0,30-11-2026
SWFZ26,Dec 2026,2026,10-03-2026,14043.0,0.0,24-12-2026
SWFF27,Jan 2027,2027,10-03-2026,11586.0,10.0,29-01-2027
SWFG27,Feb 2027,2027,10-03-2026,11586.0,10.0,26-02-2027
SWFH27,Mar 2027,2027,10-03-2026,11586.0,10.0,31-03-2027
SWFJ27,Apr 2027,2027,10-03-2026,13368.0,10.0,30-04-2027
SWFK27,May 2027,2027,10-03-2026,13368.0,10.0,31-05-2027
SWFM27,Jun 2027,2027,10-03-2026,13368.0,10.0,30-06-2027
SWFN27,Jul 2027,2027,10-03-2026,12095.0,10.0,30-07-2027
SWFQ27,Aug 2027,2027,10-03-2026,12095.0,10.0,31-08-2027
SWFU27,Sep 2027,2027,10-03-2026,12095.0,10.0,30-09-2027
SWFV27,Oct 2027,2027,10-03-2026,12095.0,10.0,29-10-2027
SWFX27,Nov 2027,2027,10-03-2026,12095.0,10.0,30-11-2027
SWFZ27,Dec 2027,2027,10-03-2026,12095.0,10.0,24-12-2027
SWFF28,Jan 2028,2028,10-03-2026,11743.0,0.0,31-01-2028
SWFG28,Feb 2028,2028,10-03-2026,11743.0,0.0,29-02-2028
SWFH28,Mar 2028,2028,10-03-2026,11743.0,0.0,31-03-2028
SWFJ28,Apr 2028,2028,10-03-2026,11743.0,0.0,28-04-2028
SWFK28,May 2028,2028,10-03-2026,11743.0,0.0,31-05-2028
SWFM28,Jun 2028,2028,10-03-2026,11743.0,0.0,30-06-2028
SWFN28,Jul 2028,2028,10-03-2026,11743.0,0.0,31-07-2028
SWFQ28,Aug 2028,2028,10-03-2026,11743.0,0.0,31-08-2028
SWFU28,Sep 2028,2028,10-03-2026,11743.0,0.0,29-09-2028
SWFV28,Oct 2028,2028,10-03-2026,11743.0,0.0,31-10-2028
SWFX28,Nov 2028,2028,10-03-2026,11743.0,0.0,30-11-2028
SWFZ28,Dec 2028,2028,10-03-2026,11743.0,0.0,22-12-2028
SWFH26,Mar 2026,2026,11-03-2026,14904.0,320.0,31-03-2026
SWFJ26,Apr 2026,2026,11-03-2026,15786.0,850.0,30-04-2026
SWFK26,May 2026,2026,11-03-2026,16900.0,220.0,29-05-2026
SWFM26,Jun 2026,2026,11-03-2026,16371.0,195.0,30-06-2026
SWFN26,Jul 2026,2026,11-03-2026,15936.0,255.0,31-07-2026
SWFQ26,Aug 2026,2026,11-03-2026,15643.0,255.0,31-08-2026
SWFU26,Sep 2026,2026,11-03-2026,15457.0,255.0,30-09-2026
SWFV26,Oct 2026,2026,11-03-2026,14496.0,25.0,30-10-2026
SWFX26,Nov 2026,2026,11-03-2026,14496.0,25.0,30-11-2026
SWFZ26,Dec 2026,2026,11-03-2026,14496.0,25.0,24-12-2026
SWFF27,Jan 2027,2027,11-03-2026,11861.0,10.0,29-01-2027
SWFG27,Feb 2027,2027,11-03-2026,11861.0,10.0,26-02-2027
SWFH27,Mar 2027,2027,11-03-2026,11861.0,10.0,31-03-2027
SWFJ27,Apr 2027,2027,11-03-2026,13636.0,10.0,30-04-2027
SWFK27,May 2027,2027,11-03-2026,13636.0,10.0,31-05-2027
SWFM27,Jun 2027,2027,11-03-2026,13636.0,10.0,30-06-2027
SWFN27,Jul 2027,2027,11-03-2026,12729.0,10.0,30-07-2027
SWFQ27,Aug 2027,2027,11-03-2026,12729.0,10.0,31-08-2027
SWFU27,Sep 2027,2027,11-03-2026,12729.0,10.0,30-09-2027
SWFV27,Oct 2027,2027,11-03-2026,12729.0,10.0,29-10-2027
SWFX27,Nov 2027,2027,11-03-2026,12729.0,10.0,30-11-2027
SWFZ27,Dec 2027,2027,11-03-2026,12729.0,10.0,24-12-2027
SWFF28,Jan 2028,2028,11-03-2026,11961.0,0.0,31-01-2028
SWFG28,Feb 2028,2028,11-03-2026,11961.0,0.0,29-02-2028
SWFH28,Mar 2028,2028,11-03-2026,11961.0,0.0,31-03-2028
SWFJ28,Apr 2028,2028,11-03-2026,11961.0,0.0,28-04-2028
SWFK28,May 2028,2028,11-03-2026,11961.0,0.0,31-05-2028
SWFM28,Jun 2028,2028,11-03-2026,11961.0,0.0,30-06-2028
SWFN28,Jul 2028,2028,11-03-2026,11961.0,0.0,31-07-2028
SWFQ28,Aug 2028,2028,11-03-2026,11961.0,0.0,31-08-2028
SWFU28,Sep 2028,2028,11-03-2026,11961.0,0.0,29-09-2028
SWFV28,Oct 2028,2028,11-03-2026,11961.0,0.0,31-10-2028
SWFX28,Nov 2028,2028,11-03-2026,11961.0,0.0,30-11-2028
SWFZ28,Dec 2028,2028,11-03-2026,11961.0,0.0,22-12-2028
SWFH26,Mar 2026,2026,12-03-2026,14700.0,115.0,31-03-2026
SWFJ26,Apr 2026,2026,12-03-2026,15086.0,1155.0,30-04-2026
SWFK26,May 2026,2026,12-03-2026,16386.0,510.0,29-05-2026
SWFM26,Jun 2026,2026,12-03-2026,16014.0,300.0,30-06-2026
SWFN26,Jul 2026,2026,12-03-2026,15700.0,370.0,31-07-2026
SWFQ26,Aug 2026,2026,12-03-2026,15436.0,370.0,31-08-2026
SWFU26,Sep 2026,2026,12-03-2026,15236.0,370.0,30-09-2026
SWFV26,Oct 2026,2026,12-03-2026,14436.0,110.0,30-10-2026
SWFX26,Nov 2026,2026,12-03-2026,14436.0,110.0,30-11-2026
SWFZ26,Dec 2026,2026,12-03-2026,14436.0,110.0,24-12-2026
SWFF27,Jan 2027,2027,12-03-2026,11800.0,55.0,29-01-2027
SWFG27,Feb 2027,2027,12-03-2026,11800.0,55.0,26-02-2027
SWFH27,Mar 2027,2027,12-03-2026,11800.0,55.0,31-03-2027
SWFJ27,Apr 2027,2027,12-03-2026,13589.0,55.0,30-04-2027
SWFK27,May 2027,2027,12-03-2026,13589.0,55.0,31-05-2027
SWFM27,Jun 2027,2027,12-03-2026,13589.0,55.0,30-06-2027
SWFN27,Jul 2027,2027,12-03-2026,12620.0,55.0,30-07-2027
SWFQ27,Aug 2027,2027,12-03-2026,12620.0,55.0,31-08-2027
SWFU27,Sep 2027,2027,12-03-2026,12620.0,55.0,30-09-2027
SWFV27,Oct 2027,2027,12-03-2026,12620.0,55.0,29-10-2027
SWFX27,Nov 2027,2027,12-03-2026,12620.0,55.0,30-11-2027
SWFZ27,Dec 2027,2027,12-03-2026,12620.0,55.0,24-12-2027
SWFF28,Jan 2028,2028,12-03-2026,11929.0,20.0,31-01-2028
SWFG28,Feb 2028,2028,12-03-2026,11929.0,20.0,29-02-2028
SWFH28,Mar 2028,2028,12-03-2026,11929.0,20.0,31-03-2028
SWFJ28,Apr 2028,2028,12-03-2026,11929.0,20.0,28-04-2028
SWFK28,May 2028,2028,12-03-2026,11929.0,20.0,31-05-2028
SWFM28,Jun 2028,2028,12-03-2026,11929.0,20.0,30-06-2028
SWFN28,Jul 2028,2028,12-03-2026,11929.0,20.0,31-07-2028
SWFQ28,Aug 2028,2028,12-03-2026,11929.0,20.0,31-08-2028
SWFU28,Sep 2028,2028,12-03-2026,11929.0,20.0,29-09-2028
SWFV28,Oct 2028,2028,12-03-2026,11929.0,20.0,31-10-2028
SWFX28,Nov 2028,2028,12-03-2026,11929.0,20.0,30-11-2028
SWFZ28,Dec 2028,2028,12-03-2026,11929.0,20.0,22-12-2028
SWFH26,Mar 2026,2026,13-03-2026,14568.0,55.0,31-03-2026
SWFJ26,Apr 2026,2026,13-03-2026,14675.0,710.0,30-04-2026
SWFK26,May 2026,2026,13-03-2026,16082.0,240.0,29-05-2026
SWFM26,Jun 2026,2026,13-03-2026,15946.0,220.0,30-06-2026
SWFN26,Jul 2026,2026,13-03-2026,15657.0,45.0,31-07-2026
SWFQ26,Aug 2026,2026,13-03-2026,15379.0,45.0,31-08-2026
SWFU26,Sep 2026,2026,13-03-2026,15236.0,45.0,30-09-2026
SWFV26,Oct 2026,2026,13-03-2026,14461.0,45.0,30-10-2026
SWFX26,Nov 2026,2026,13-03-2026,14461.0,45.0,30-11-2026
SWFZ26,Dec 2026,2026,13-03-2026,14461.0,45.0,24-12-2026
SWFF27,Jan 2027,2027,13-03-2026,11725.0,10.0,29-01-2027
SWFG27,Feb 2027,2027,13-03-2026,11725.0,10.0,26-02-2027
SWFH27,Mar 2027,2027,13-03-2026,11725.0,10.0,31-03-2027
SWFJ27,Apr 2027,2027,13-03-2026,13511.0,10.0,30-04-2027
SWFK27,May 2027,2027,13-03-2026,13511.0,10.0,31-05-2027
SWFM27,Jun 2027,2027,13-03-2026,13511.0,10.0,30-06-2027
SWFN27,Jul 2027,2027,13-03-2026,12360.0,10.0,30-07-2027
SWFQ27,Aug 2027,2027,13-03-2026,12360.0,10.0,31-08-2027
SWFU27,Sep 2027,2027,13-03-2026,12360.0,10.0,30-09-2027
SWFV27,Oct 2027,2027,13-03-2026,12360.0,10.0,29-10-2027
SWFX27,Nov 2027,2027,13-03-2026,12360.0,10.0,30-11-2027
SWFZ27,Dec 2027,2027,13-03-2026,12360.0,10.0,24-12-2027
SWFF28,Jan 2028,2028,13-03-2026,11886.0,0.0,31-01-2028
SWFG28,Feb 2028,2028,13-03-2026,11886.0,0.0,29-02-2028
SWFH28,Mar 2028,2028,13-03-2026,11886.0,0.0,31-03-2028
SWFJ28,Apr 2028,2028,13-03-2026,11886.0,0.0,28-04-2028
SWFK28,May 2028,2028,13-03-2026,11886.0,0.0,31-05-2028
SWFM28,Jun 2028,2028,13-03-2026,11886.0,0.0,30-06-2028
SWFN28,Jul 2028,2028,13-03-2026,11886.0,0.0,31-07-2028
SWFQ28,Aug 2028,2028,13-03-2026,11886.0,0.0,31-08-2028
SWFU28,Sep 2028,2028,13-03-2026,11886.0,0.0,29-09-2028
SWFV28,Oct 2028,2028,13-03-2026,11886.0,0.0,31-10-2028
SWFX28,Nov 2028,2028,13-03-2026,11886.0,0.0,30-11-2028
SWFZ28,Dec 2028,2028,13-03-2026,11886.0,0.0,22-12-2028
SWFH26,Mar 2026,2026,16-03-2026,14521.0,10.0,31-03-2026
SWFJ26,Apr 2026,2026,16-03-2026,14654.0,955.0,30-04-2026
SWFK26,May 2026,2026,16-03-2026,15857.0,225.0,29-05-2026
SWFM26,Jun 2026,2026,16-03-2026,15789.0,235.0,30-06-2026
SWFN26,Jul 2026,2026,16-03-2026,15643.0,95.0,31-07-2026
SWFQ26,Aug 2026,2026,16-03-2026,15371.0,95.0,31-08-2026
SWFU26,Sep 2026,2026,16-03-2026,15236.0,95.0,30-09-2026
SWFV26,Oct 2026,2026,16-03-2026,14507.0,65.0,30-10-2026
SWFX26,Nov 2026,2026,16-03-2026,14507.0,65.0,30-11-2026
SWFZ26,Dec 2026,2026,16-03-2026,14507.0,65.0,24-12-2026
SWFF27,Jan 2027,2027,16-03-2026,11646.0,10.0,29-01-2027
SWFG27,Feb 2027,2027,16-03-2026,11646.0,10.0,26-02-2027
SWFH27,Mar 2027,2027,16-03-2026,11646.0,10.0,31-03-2027
SWFJ27,Apr 2027,2027,16-03-2026,13457.0,10.0,30-04-2027
SWFK27,May 2027,2027,16-03-2026,13457.0,10.0,31-05-2027
SWFM27,Jun 2027,2027,16-03-2026,13457.0,10.0,30-06-2027
SWFN27,Jul 2027,2027,16-03-2026,12299.0,10.0,30-07-2027
SWFQ27,Aug 2027,2027,16-03-2026,12299.0,10.0,31-08-2027
SWFU27,Sep 2027,2027,16-03-2026,12299.0,10.0,30-09-2027
SWFV27,Oct 2027,2027,16-03-2026,12299.0,10.0,29-10-2027
SWFX27,Nov 2027,2027,16-03-2026,12299.0,10.0,30-11-2027
SWFZ27,Dec 2027,2027,16-03-2026,12299.0,10.0,24-12-2027
SWFF28,Jan 2028,2028,16-03-2026,11836.0,0.0,31-01-2028
SWFG28,Feb 2028,2028,16-03-2026,11836.0,0.0,29-02-2028
SWFH28,Mar 2028,2028,16-03-2026,11836.0,0.0,31-03-2028
SWFJ28,Apr 2028,2028,16-03-2026,11836.0,0.0,28-04-2028
SWFK28,May 2028,2028,16-03-2026,11836.0,0.0,31-05-2028
SWFM28,Jun 2028,2028,16-03-2026,11836.0,0.0,30-06-2028
SWFN28,Jul 2028,2028,16-03-2026,11836.0,0.0,31-07-2028
SWFQ28,Aug 2028,2028,16-03-2026,11836.0,0.0,31-08-2028
SWFU28,Sep 2028,2028,16-03-2026,11836.0,0.0,29-09-2028
SWFV28,Oct 2028,2028,16-03-2026,11836.0,0.0,31-10-2028
SWFX28,Nov 2028,2028,16-03-2026,11836.0,0.0,30-11-2028
SWFZ28,Dec 2028,2028,16-03-2026,11836.0,0.0,22-12-2028
SWFH26,Mar 2026,2026,17-03-2026,14461.0,100.0,31-03-2026
SWFJ26,Apr 2026,2026,17-03-2026,14418.0,720.0,30-04-2026
SWFK26,May 2026,2026,17-03-2026,15550.0,285.0,29-05-2026
SWFM26,Jun 2026,2026,17-03-2026,15557.0,280.0,30-06-2026
SWFN26,Jul 2026,2026,17-03-2026,15529.0,55.0,31-07-2026
SWFQ26,Aug 2026,2026,17-03-2026,15279.0,55.0,31-08-2026
SWFU26,Sep 2026,2026,17-03-2026,15150.0,55.0,30-09-2026
SWFV26,Oct 2026,2026,17-03-2026,14443.0,20.0,30-10-2026
SWFX26,Nov 2026,2026,17-03-2026,14443.0,20.0,30-11-2026
SWFZ26,Dec 2026,2026,17-03-2026,14443.0,20.0,24-12-2026
SWFF27,Jan 2027,2027,17-03-2026,11611.0,0.0,29-01-2027
SWFG27,Feb 2027,2027,17-03-2026,11611.0,0.0,26-02-2027
SWFH27,Mar 2027,2027,17-03-2026,11611.0,0.0,31-03-2027
SWFJ27,Apr 2027,2027,17-03-2026,13425.0,0.0,30-04-2027
SWFK27,May 2027,2027,17-03-2026,13425.0,0.0,31-05-2027
SWFM27,Jun 2027,2027,17-03-2026,13425.0,0.0,30-06-2027
SWFN27,Jul 2027,2027,17-03-2026,12254.0,0.0,30-07-2027
SWFQ27,Aug 2027,2027,17-03-2026,12254.0,0.0,31-08-2027
SWFU27,Sep 2027,2027,17-03-2026,12254.0,0.0,30-09-2027
SWFV27,Oct 2027,2027,17-03-2026,12254.0,0.0,29-10-2027
SWFX27,Nov 2027,2027,17-03-2026,12254.0,0.0,30-11-2027
SWFZ27,Dec 2027,2027,17-03-2026,12254.0,0.0,24-12-2027
SWFF28,Jan 2028,2028,17-03-2026,11857.0,0.0,31-01-2028
SWFG28,Feb 2028,2028,17-03-2026,11857.0,0.0,29-02-2028
SWFH28,Mar 2028,2028,17-03-2026,11857.0,0.0,31-03-2028
SWFJ28,Apr 2028,2028,17-03-2026,11857.0,0.0,28-04-2028
SWFK28,May 2028,2028,17-03-2026,11857.0,0.0,31-05-2028
SWFM28,Jun 2028,2028,17-03-2026,11857.0,0.0,30-06-2028
SWFN28,Jul 2028,2028,17-03-2026,11857.0,0.0,31-07-2028
SWFQ28,Aug 2028,2028,17-03-2026,11857.0,0.0,31-08-2028
SWFU28,Sep 2028,2028,17-03-2026,11857.0,0.0,29-09-2028
SWFV28,Oct 2028,2028,17-03-2026,11857.0,0.0,31-10-2028
SWFX28,Nov 2028,2028,17-03-2026,11857.0,0.0,30-11-2028
SWFZ28,Dec 2028,2028,17-03-2026,11857.0,0.0,22-12-2028
SWFH26,Mar 2026,2026,18-03-2026,14289.0,25.0,31-03-2026
SWFJ26,Apr 2026,2026,18-03-2026,14139.0,735.0,30-04-2026
SWFK26,May 2026,2026,18-03-2026,15111.0,570.0,29-05-2026
SWFM26,Jun 2026,2026,18-03-2026,15200.0,250.0,30-06-2026
SWFN26,Jul 2026,2026,18-03-2026,15446.0,125.0,31-07-2026
SWFQ26,Aug 2026,2026,18-03-2026,15225.0,125.0,31-08-2026
SWFU26,Sep 2026,2026,18-03-2026,15111.0,125.0,30-09-2026
SWFV26,Oct 2026,2026,18-03-2026,14404.0,25.0,30-10-2026
SWFX26,Nov 2026,2026,18-03-2026,14404.0,25.0,30-11-2026
SWFZ26,Dec 2026,2026,18-03-2026,14404.0,25.0,24-12-2026
SWFF27,Jan 2027,2027,18-03-2026,11575.0,5.0,29-01-2027
SWFG27,Feb 2027,2027,18-03-2026,11575.0,5.0,26-02-2027
SWFH27,Mar 2027,2027,18-03-2026,11575.0,5.0,31-03-2027
SWFJ27,Apr 2027,2027,18-03-2026,13382.0,5.0,30-04-2027
SWFK27,May 2027,2027,18-03-2026,13382.0,5.0,31-05-2027
SWFM27,Jun 2027,2027,18-03-2026,13382.0,5.0,30-06-2027
SWFN27,Jul 2027,2027,18-03-2026,12250.0,5.0,30-07-2027
SWFQ27,Aug 2027,2027,18-03-2026,12250.0,5.0,31-08-2027
SWFU27,Sep 2027,2027,18-03-2026,12250.0,5.0,30-09-2027
SWFV27,Oct 2027,2027,18-03-2026,12250.0,5.0,29-10-2027
SWFX27,Nov 2027,2027,18-03-2026,12250.0,5.0,30-11-2027
SWFZ27,Dec 2027,2027,18-03-2026,12250.0,5.0,24-12-2027
SWFF28,Jan 2028,2028,18-03-2026,11857.0,0.0,31-01-2028
SWFG28,Feb 2028,2028,18-03-2026,11857.0,0.0,29-02-2028
SWFH28,Mar 2028,2028,18-03-2026,11857.0,0.0,31-03-2028
SWFJ28,Apr 2028,2028,18-03-2026,11857.0,0.0,28-04-2028
SWFK28,May 2028,2028,18-03-2026,11857.0,0.0,31-05-2028
SWFM28,Jun 2028,2028,18-03-2026,11857.0,0.0,30-06-2028
SWFN28,Jul 2028,2028,18-03-2026,11857.0,0.0,31-07-2028
SWFQ28,Aug 2028,2028,18-03-2026,11857.0,0.0,31-08-2028
SWFU28,Sep 2028,2028,18-03-2026,11857.0,0.0,29-09-2028
SWFV28,Oct 2028,2028,18-03-2026,11857.0,0.0,31-10-2028
SWFX28,Nov 2028,2028,18-03-2026,11857.0,0.0,30-11-2028
SWFZ28,Dec 2028,2028,18-03-2026,11857.0,0.0,22-12-2028
SWFH26,Mar 2026,2026,19-03-2026,14125.0,10.0,31-03-2026
SWFJ26,Apr 2026,2026,19-03-2026,13493.0,885.0,30-04-2026
SWFK26,May 2026,2026,19-03-2026,14446.0,925.0,29-05-2026
SWFM26,Jun 2026,2026,19-03-2026,14596.0,445.0,30-06-2026
SWFN26,Jul 2026,2026,19-03-2026,15164.0,130.0,31-07-2026
SWFQ26,Aug 2026,2026,19-03-2026,14968.0,130.0,31-08-2026
SWFU26,Sep 2026,2026,19-03-2026,14886.0,130.0,30-09-2026
SWFV26,Oct 2026,2026,19-03-2026,14243.0,40.0,30-10-2026
SWFX26,Nov 2026,2026,19-03-2026,14243.0,40.0,30-11-2026
SWFZ26,Dec 2026,2026,19-03-2026,14243.0,40.0,24-12-2026
SWFF27,Jan 2027,2027,19-03-2026,11382.0,65.0,29-01-2027
SWFG27,Feb 2027,2027,19-03-2026,11382.0,65.0,26-02-2027
SWFH27,Mar 2027,2027,19-03-2026,11382.0,65.0,31-03-2027
SWFJ27,Apr 2027,2027,19-03-2026,13225.0,65.0,30-04-2027
SWFK27,May 2027,2027,19-03-2026,13225.0,65.0,28-05-2027
SWFM27,Jun 2027,2027,19-03-2026,13225.0,65.0,30-06-2027
SWFN27,Jul 2027,2027,19-03-2026,12075.0,65.0,30-07-2027
SWFQ27,Aug 2027,2027,19-03-2026,12075.0,65.0,31-08-2027
SWFU27,Sep 2027,2027,19-03-2026,12075.0,65.0,30-09-2027
SWFV27,Oct 2027,2027,19-03-2026,12075.0,65.0,29-10-2027
SWFX27,Nov 2027,2027,19-03-2026,12075.0,65.0,30-11-2027
SWFZ27,Dec 2027,2027,19-03-2026,12075.0,65.0,24-12-2027
SWFF28,Jan 2028,2028,19-03-2026,11818.0,0.0,31-01-2028
SWFG28,Feb 2028,2028,19-03-2026,11818.0,0.0,29-02-2028
SWFH28,Mar 2028,2028,19-03-2026,11818.0,0.0,31-03-2028
SWFJ28,Apr 2028,2028,19-03-2026,11818.0,0.0,28-04-2028
SWFK28,May 2028,2028,19-03-2026,11818.0,0.0,31-05-2028
SWFM28,Jun 2028,2028,19-03-2026,11818.0,0.0,30-06-2028
SWFN28,Jul 2028,2028,19-03-2026,11818.0,0.0,31-07-2028
SWFQ28,Aug 2028,2028,19-03-2026,11818.0,0.0,31-08-2028
SWFU28,Sep 2028,2028,19-03-2026,11818.0,0.0,29-09-2028
SWFV28,Oct 2028,2028,19-03-2026,11818.0,0.0,31-10-2028
SWFX28,Nov 2028,2028,19-03-2026,11818.0,0.0,30-11-2028
SWFZ28,Dec 2028,2028,19-03-2026,11818.0,0.0,22-12-2028
SWFH26,Mar 2026,2026,20-03-2026,13986.0,125.0,31-03-2026
SWFJ26,Apr 2026,2026,20-03-2026,13750.0,650.0,30-04-2026
SWFK26,May 2026,2026,20-03-2026,14489.0,595.0,29-05-2026
SWFM26,Jun 2026,2026,20-03-2026,14668.0,305.0,30-06-2026
SWFN26,Jul 2026,2026,20-03-2026,15179.0,190.0,31-07-2026
SWFQ26,Aug 2026,2026,20-03-2026,15043.0,190.0,31-08-2026
SWFU26,Sep 2026,2026,20-03-2026,14950.0,190.0,30-09-2026
SWFV26,Oct 2026,2026,20-03-2026,14286.0,55.0,30-10-2026
SWFX26,Nov 2026,2026,20-03-2026,14286.0,55.0,30-11-2026
SWFZ26,Dec 2026,2026,20-03-2026,14286.0,55.0,24-12-2026
SWFF27,Jan 2027,2027,20-03-2026,11425.0,50.0,29-01-2027
SWFG27,Feb 2027,2027,20-03-2026,11425.0,50.0,26-02-2027
SWFH27,Mar 2027,2027,20-03-2026,11425.0,50.0,31-03-2027
SWFJ27,Apr 2027,2027,20-03-2026,13246.0,50.0,30-04-2027
SWFK27,May 2027,2027,20-03-2026,13246.0,50.0,31-05-2027
SWFM27,Jun 2027,2027,20-03-2026,13246.0,50.0,30-06-2027
SWFN27,Jul 2027,2027,20-03-2026,12106.0,50.0,30-07-2027
SWFQ27,Aug 2027,2027,20-03-2026,12106.0,50.0,31-08-2027
SWFU27,Sep 2027,2027,20-03-2026,12106.0,50.0,30-09-2027
SWFV27,Oct 2027,2027,20-03-2026,12106.0,50.0,29-10-2027
SWFX27,Nov 2027,2027,20-03-2026,12106.0,50.0,30-11-2027
SWFZ27,Dec 2027,2027,20-03-2026,12106.0,50.0,24-12-2027
SWFF28,Jan 2028,2028,20-03-2026,11839.0,0.0,31-01-2028
SWFG28,Feb 2028,2028,20-03-2026,11839.0,0.0,29-02-2028
SWFH28,Mar 2028,2028,20-03-2026,11839.0,0.0,31-03-2028
SWFJ28,Apr 2028,2028,20-03-2026,11839.0,0.0,28-04-2028
SWFK28,May 2028,2028,20-03-2026,11839.0,0.0,31-05-2028
SWFM28,Jun 2028,2028,20-03-2026,11839.0,0.0,30-06-2028
SWFN28,Jul 2028,2028,20-03-2026,11839.0,0.0,31-07-2028
SWFQ28,Aug 2028,2028,20-03-2026,11839.0,0.0,31-08-2028
SWFU28,Sep 2028,2028,20-03-2026,11839.0,0.0,29-09-2028
SWFV28,Oct 2028,2028,20-03-2026,11839.0,0.0,31-10-2028
SWFX28,Nov 2028,2028,20-03-2026,11839.0,0.0,30-11-2028
SWFZ28,Dec 2028,2028,20-03-2026,11839.0,0.0,22-12-2028
SWFH26,Mar 2026,2026,23-03-2026,14057.0,15.0,31-03-2026
SWFJ26,Apr 2026,2026,23-03-2026,13700.0,330.0,30-04-2026
SWFK26,May 2026,2026,23-03-2026,14450.0,280.0,29-05-2026
SWFM26,Jun 2026,2026,23-03-2026,14629.0,190.0,30-06-2026
SWFN26,Jul 2026,2026,23-03-2026,15239.0,80.0,31-07-2026
SWFQ26,Aug 2026,2026,23-03-2026,15129.0,80.0,31-08-2026
SWFU26,Sep 2026,2026,23-03-2026,15079.0,80.0,30-09-2026
SWFV26,Oct 2026,2026,23-03-2026,14332.0,15.0,30-10-2026
SWFX26,Nov 2026,2026,23-03-2026,14332.0,15.0,30-11-2026
SWFZ26,Dec 2026,2026,23-03-2026,14332.0,15.0,24-12-2026
SWFF27,Jan 2027,2027,23-03-2026,11543.0,5.0,29-01-2027
SWFG27,Feb 2027,2027,23-03-2026,11543.0,5.0,26-02-2027
SWFH27,Mar 2027,2027,23-03-2026,11543.0,5.0,31-03-2027
SWFJ27,Apr 2027,2027,23-03-2026,13357.0,5.0,30-04-2027
SWFK27,May 2027,2027,23-03-2026,13357.0,5.0,31-05-2027
SWFM27,Jun 2027,2027,23-03-2026,13357.0,5.0,30-06-2027
SWFN27,Jul 2027,2027,23-03-2026,12364.0,5.0,30-07-2027
SWFQ27,Aug 2027,2027,23-03-2026,12364.0,5.0,31-08-2027
SWFU27,Sep 2027,2027,23-03-2026,12364.0,5.0,30-09-2027
SWFV27,Oct 2027,2027,23-03-2026,12364.0,5.0,29-10-2027
SWFX27,Nov 2027,2027,23-03-2026,12364.0,5.0,30-11-2027
SWFZ27,Dec 2027,2027,23-03-2026,12364.0,5.0,24-12-2027
SWFF28,Jan 2028,2028,23-03-2026,11896.0,0.0,31-01-2028
SWFG28,Feb 2028,2028,23-03-2026,11896.0,0.0,29-02-2028
SWFH28,Mar 2028,2028,23-03-2026,11896.0,0.0,31-03-2028
SWFJ28,Apr 2028,2028,23-03-2026,11896.0,0.0,28-04-2028
SWFK28,May 2028,2028,23-03-2026,11896.0,0.0,31-05-2028
SWFM28,Jun 2028,2028,23-03-2026,11896.0,0.0,30-06-2028
SWFN28,Jul 2028,2028,23-03-2026,11896.0,0.0,31-07-2028
SWFQ28,Aug 2028,2028,23-03-2026,11896.0,0.0,31-08-2028
SWFU28,Sep 2028,2028,23-03-2026,11896.0,0.0,29-09-2028
SWFV28,Oct 2028,2028,23-03-2026,11896.0,0.0,31-10-2028
SWFX28,Nov 2028,2028,23-03-2026,11896.0,0.0,30-11-2028
SWFZ28,Dec 2028,2028,23-03-2026,11896.0,0.0,22-12-2028
SWFH26,Mar 2026,2026,24-03-2026,14043.0,0.0,31-03-2026
SWFJ26,Apr 2026,2026,24-03-2026,13371.0,610.0,30-04-2026
SWFK26,May 2026,2026,24-03-2026,14193.0,445.0,29-05-2026
SWFM26,Jun 2026,2026,24-03-2026,14463.0,340.0,30-06-2026
SWFN26,Jul 2026,2026,24-03-2026,15114.0,150.0,31-07-2026
SWFQ26,Aug 2026,2026,24-03-2026,15021.0,150.0,31-08-2026
SWFU26,Sep 2026,2026,24-03-2026,14971.0,150.0,30-09-2026
SWFV26,Oct 2026,2026,24-03-2026,14329.0,20.0,30-10-2026
SWFX26,Nov 2026,2026,24-03-2026,14329.0,20.0,30-11-2026
SWFZ26,Dec 2026,2026,24-03-2026,14329.0,20.0,24-12-2026
SWFF27,Jan 2027,2027,24-03-2026,11554.0,20.0,29-01-2027
SWFG27,Feb 2027,2027,24-03-2026,11554.0,20.0,26-02-2027
SWFH27,Mar 2027,2027,24-03-2026,11554.0,20.0,31-03-2027
SWFJ27,Apr 2027,2027,24-03-2026,13354.0,20.0,30-04-2027
SWFK27,May 2027,2027,24-03-2026,13354.0,20.0,31-05-2027
SWFM27,Jun 2027,2027,24-03-2026,13354.0,20.0,30-06-2027
SWFN27,Jul 2027,2027,24-03-2026,12282.0,20.0,30-07-2027
SWFQ27,Aug 2027,2027,24-03-2026,12282.0,20.0,31-08-2027
SWFU27,Sep 2027,2027,24-03-2026,12282.0,20.0,30-09-2027
SWFV27,Oct 2027,2027,24-03-2026,12282.0,20.0,29-10-2027
SWFX27,Nov 2027,2027,24-03-2026,12282.0,20.0,30-11-2027
SWFZ27,Dec 2027,2027,24-03-2026,12282.0,20.0,24-12-2027
SWFF28,Jan 2028,2028,24-03-2026,11893.0,10.0,31-01-2028
SWFG28,Feb 2028,2028,24-03-2026,11893.0,10.0,29-02-2028
SWFH28,Mar 2028,2028,24-03-2026,11893.0,10.0,31-03-2028
SWFJ28,Apr 2028,2028,24-03-2026,11893.0,10.0,28-04-2028
SWFK28,May 2028,2028,24-03-2026,11893.0,10.0,31-05-2028
SWFM28,Jun 2028,2028,24-03-2026,11893.0,10.0,30-06-2028
SWFN28,Jul 2028,2028,24-03-2026,11893.0,10.0,31-07-2028
SWFQ28,Aug 2028,2028,24-03-2026,11893.0,10.0,31-08-2028
SWFU28,Sep 2028,2028,24-03-2026,11893.0,10.0,29-09-2028
SWFV28,Oct 2028,2028,24-03-2026,11893.0,10.0,31-10-2028
SWFX28,Nov 2028,2028,24-03-2026,11893.0,10.0,30-11-2028
SWFZ28,Dec 2028,2028,24-03-2026,11893.0,10.0,22-12-2028
SWFH26,Mar 2026,2026,25-03-2026,14057.0,0.0,31-03-2026
SWFJ26,Apr 2026,2026,25-03-2026,13864.0,1200.0,30-04-2026
SWFK26,May 2026,2026,25-03-2026,14729.0,815.0,29-05-2026
SWFM26,Jun 2026,2026,25-03-2026,15036.0,435.0,30-06-2026
SWFN26,Jul 2026,2026,25-03-2026,15471.0,115.0,31-07-2026
SWFQ26,Aug 2026,2026,25-03-2026,15421.0,115.0,31-08-2026
SWFU26,Sep 2026,2026,25-03-2026,15339.0,115.0,30-09-2026
SWFV26,Oct 2026,2026,25-03-2026,14539.0,85.0,30-10-2026
SWFX26,Nov 2026,2026,25-03-2026,14539.0,85.0,30-11-2026
SWFZ26,Dec 2026,2026,25-03-2026,14539.0,85.0,24-12-2026
SWFF27,Jan 2027,2027,25-03-2026,11693.0,15.0,29-01-2027
SWFG27,Feb 2027,2027,25-03-2026,11693.0,15.0,26-02-2027
SWFH27,Mar 2027,2027,25-03-2026,11693.0,15.0,31-03-2027
SWFJ27,Apr 2027,2027,25-03-2026,13479.0,15.0,30-04-2027
SWFK27,May 2027,2027,25-03-2026,13479.0,15.0,31-05-2027
SWFM27,Jun 2027,2027,25-03-2026,13479.0,15.0,30-06-2027
SWFN27,Jul 2027,2027,25-03-2026,12386.0,15.0,30-07-2027
SWFQ27,Aug 2027,2027,25-03-2026,12386.0,15.0,31-08-2027
SWFU27,Sep 2027,2027,25-03-2026,12386.0,15.0,30-09-2027
SWFV27,Oct 2027,2027,25-03-2026,12386.0,15.0,29-10-2027
SWFX27,Nov 2027,2027,25-03-2026,12386.0,15.0,30-11-2027
SWFZ27,Dec 2027,2027,25-03-2026,12386.0,15.0,24-12-2027
SWFF28,Jan 2028,2028,25-03-2026,11946.0,0.0,31-01-2028
SWFG28,Feb 2028,2028,25-03-2026,11946.0,0.0,29-02-2028
SWFH28,Mar 2028,2028,25-03-2026,11946.0,0.0,31-03-2028
SWFJ28,Apr 2028,2028,25-03-2026,11946.0,0.0,28-04-2028
SWFK28,May 2028,2028,25-03-2026,11946.0,0.0,31-05-2028
SWFM28,Jun 2028,2028,25-03-2026,11946.0,0.0,30-06-2028
SWFN28,Jul 2028,2028,25-03-2026,11946.0,0.0,31-07-2028
SWFQ28,Aug 2028,2028,25-03-2026,11946.0,0.0,31-08-2028
SWFU28,Sep 2028,2028,25-03-2026,11946.0,0.0,29-09-2028
SWFV28,Oct 2028,2028,25-03-2026,11946.0,0.0,31-10-2028
SWFX28,Nov 2028,2028,25-03-2026,11946.0,0.0,30-11-2028
SWFZ28,Dec 2028,2028,25-03-2026,11946.0,0.0,22-12-2028
SWFH26,Mar 2026,2026,26-03-2026,14068.0,0.0,31-03-2026
SWFJ26,Apr 2026,2026,26-03-2026,13693.0,390.0,30-04-2026
SWFK26,May 2026,2026,26-03-2026,14621.0,345.0,29-05-2026
SWFM26,Jun 2026,2026,26-03-2026,14964.0,105.0,30-06-2026
SWFN26,Jul 2026,2026,26-03-2026,15418.0,55.0,31-07-2026
SWFQ26,Aug 2026,2026,26-03-2026,15354.0,55.0,31-08-2026
SWFU26,Sep 2026,2026,26-03-2026,15279.0,55.0,30-09-2026
SWFV26,Oct 2026,2026,26-03-2026,14464.0,0.0,30-10-2026
SWFX26,Nov 2026,2026,26-03-2026,14464.0,0.0,30-11-2026
SWFZ26,Dec 2026,2026,26-03-2026,14464.0,0.0,24-12-2026
SWFF27,Jan 2027,2027,26-03-2026,11618.0,65.0,29-01-2027
SWFG27,Feb 2027,2027,26-03-2026,11618.0,65.0,26-02-2027
SWFH27,Mar 2027,2027,26-03-2026,11618.0,65.0,31-03-2027
SWFJ27,Apr 2027,2027,26-03-2026,13436.0,65.0,30-04-2027
SWFK27,May 2027,2027,26-03-2026,13436.0,65.0,31-05-2027
SWFM27,Jun 2027,2027,26-03-2026,13436.0,65.0,30-06-2027
SWFN27,Jul 2027,2027,26-03-2026,12415.0,65.0,30-07-2027
SWFQ27,Aug 2027,2027,26-03-2026,12415.0,65.0,31-08-2027
SWFU27,Sep 2027,2027,26-03-2026,12415.0,65.0,30-09-2027
SWFV27,Oct 2027,2027,26-03-2026,12415.0,65.0,29-10-2027
SWFX27,Nov 2027,2027,26-03-2026,12415.0,65.0,30-11-2027
SWFZ27,Dec 2027,2027,26-03-2026,12415.0,65.0,24-12-2027
SWFF28,Jan 2028,2028,26-03-2026,11907.0,60.0,31-01-2028
SWFG28,Feb 2028,2028,26-03-2026,11907.0,60.0,29-02-2028
SWFH28,Mar 2028,2028,26-03-2026,11907.0,60.0,31-03-2028
SWFJ28,Apr 2028,2028,26-03-2026,11907.0,60.0,28-04-2028
SWFK28,May 2028,2028,26-03-2026,11907.0,60.0,31-05-2028
SWFM28,Jun 2028,2028,26-03-2026,11907.0,60.0,30-06-2028
SWFN28,Jul 2028,2028,26-03-2026,11907.0,60.0,31-07-2028
SWFQ28,Aug 2028,2028,26-03-2026,11907.0,60.0,31-08-2028
SWFU28,Sep 2028,2028,26-03-2026,11907.0,60.0,29-09-2028
SWFV28,Oct 2028,2028,26-03-2026,11907.0,60.0,31-10-2028
SWFX28,Nov 2028,2028,26-03-2026,11907.0,60.0,30-11-2028
SWFZ28,Dec 2028,2028,26-03-2026,11907.0,60.0,22-12-2028
SWFH26,Mar 2026,2026,27-03-2026,14046.0,0.0,31-03-2026
SWFJ26,Apr 2026,2026,27-03-2026,13843.0,590.0,30-04-2026
SWFK26,May 2026,2026,27-03-2026,14618.0,265.0,29-05-2026
SWFM26,Jun 2026,2026,27-03-2026,15043.0,70.0,30-06-2026
SWFN26,Jul 2026,2026,27-03-2026,15368.0,30.0,31-07-2026
SWFQ26,Aug 2026,2026,27-03-2026,15325.0,30.0,31-08-2026
SWFU26,Sep 2026,2026,27-03-2026,15254.0,30.0,30-09-2026
SWFV26,Oct 2026,2026,27-03-2026,14379.0,0.0,30-10-2026
SWFX26,Nov 2026,2026,27-03-2026,14379.0,0.0,30-11-2026
SWFZ26,Dec 2026,2026,27-03-2026,14379.0,0.0,24-12-2026
SWFF27,Jan 2027,2027,27-03-2026,11589.0,0.0,29-01-2027
SWFG27,Feb 2027,2027,27-03-2026,11589.0,0.0,26-02-2027
SWFH27,Mar 2027,2027,27-03-2026,11589.0,0.0,31-03-2027
SWFJ27,Apr 2027,2027,27-03-2026,13400.0,0.0,30-04-2027
SWFK27,May 2027,2027,27-03-2026,13400.0,0.0,31-05-2027
SWFM27,Jun 2027,2027,27-03-2026,13400.0,0.0,30-06-2027
SWFN27,Jul 2027,2027,27-03-2026,12320.0,0.0,30-07-2027
SWFQ27,Aug 2027,2027,27-03-2026,12320.0,0.0,31-08-2027
SWFU27,Sep 2027,2027,27-03-2026,12320.0,0.0,30-09-2027
SWFV27,Oct 2027,2027,27-03-2026,12320.0,0.0,29-10-2027
SWFX27,Nov 2027,2027,27-03-2026,12320.0,0.0,30-11-2027
SWFZ27,Dec 2027,2027,27-03-2026,12320.0,0.0,24-12-2027
SWFF28,Jan 2028,2028,27-03-2026,11939.0,0.0,31-01-2028
SWFG28,Feb 2028,2028,27-03-2026,11939.0,0.0,29-02-2028
SWFH28,Mar 2028,2028,27-03-2026,11939.0,0.0,31-03-2028
SWFJ28,Apr 2028,2028,27-03-2026,11939.0,0.0,28-04-2028
SWFK28,May 2028,2028,27-03-2026,11939.0,0.0,31-05-2028
SWFM28,Jun 2028,2028,27-03-2026,11939.0,0.0,30-06-2028
SWFN28,Jul 2028,2028,27-03-2026,11939.0,0.0,31-07-2028
SWFQ28,Aug 2028,2028,27-03-2026,11939.0,0.0,31-08-2028
SWFU28,Sep 2028,2028,27-03-2026,11939.0,0.0,29-09-2028
SWFV28,Oct 2028,2028,27-03-2026,11939.0,0.0,31-10-2028
SWFX28,Nov 2028,2028,27-03-2026,11939.0,0.0,30-11-2028
SWFZ28,Dec 2028,2028,27-03-2026,11939.0,0.0,22-12-2028
SWFH26,Mar 2026,2026,30-03-2026,14064.0,0.0,31-03-2026
SWFJ26,Apr 2026,2026,30-03-2026,13479.0,370.0,30-04-2026
SWFK26,May 2026,2026,30-03-2026,14382.0,205.0,29-05-2026
SWFM26,Jun 2026,2026,30-03-2026,14793.0,85.0,30-06-2026
SWFN26,Jul 2026,2026,30-03-2026,15050.0,35.0,31-07-2026
SWFQ26,Aug 2026,2026,30-03-2026,15036.0,35.0,31-08-2026
SWFU26,Sep 2026,2026,30-03-2026,14957.0,35.0,30-09-2026
SWFV26,Oct 2026,2026,30-03-2026,14211.0,15.0,30-10-2026
SWFX26,Nov 2026,2026,30-03-2026,14211.0,15.0,30-11-2026
SWFZ26,Dec 2026,2026,30-03-2026,14211.0,15.0,24-12-2026
SWFF27,Jan 2027,2027,30-03-2026,11529.0,10.0,29-01-2027
SWFG27,Feb 2027,2027,30-03-2026,11529.0,10.0,26-02-2027
SWFH27,Mar 2027,2027,30-03-2026,11529.0,10.0,31-03-2027
SWFJ27,Apr 2027,2027,30-03-2026,13357.0,10.0,30-04-2027
SWFK27,May 2027,2027,30-03-2026,13357.0,10.0,31-05-2027
SWFM27,Jun 2027,2027,30-03-2026,13357.0,10.0,30-06-2027
SWFN27,Jul 2027,2027,30-03-2026,12049.0,10.0,30-07-2027
SWFQ27,Aug 2027,2027,30-03-2026,12049.0,10.0,31-08-2027
SWFU27,Sep 2027,2027,30-03-2026,12049.0,10.0,30-09-2027
SWFV27,Oct 2027,2027,30-03-2026,12049.0,10.0,29-10-2027
SWFX27,Nov 2027,2027,30-03-2026,12049.0,10.0,30-11-2027
SWFZ27,Dec 2027,2027,30-03-2026,12049.0,10.0,24-12-2027
SWFF28,Jan 2028,2028,30-03-2026,11896.0,0.0,31-01-2028
SWFG28,Feb 2028,2028,30-03-2026,11896.0,0.0,29-02-2028
SWFH28,Mar 2028,2028,30-03-2026,11896.0,0.0,31-03-2028
SWFJ28,Apr 2028,2028,30-03-2026,11896.0,0.0,28-04-2028
SWFK28,May 2028,2028,30-03-2026,11896.0,0.0,31-05-2028
SWFM28,Jun 2028,2028,30-03-2026,11896.0,0.0,30-06-2028
SWFN28,Jul 2028,2028,30-03-2026,11896.0,0.0,31-07-2028
SWFQ28,Aug 2028,2028,30-03-2026,11896.0,0.0,31-08-2028
SWFU28,Sep 2028,2028,30-03-2026,11896.0,0.0,29-09-2028
SWFV28,Oct 2028,2028,30-03-2026,11896.0,0.0,31-10-2028
SWFX28,Nov 2028,2028,30-03-2026,11896.0,0.0,30-11-2028
SWFZ28,Dec 2028,2028,30-03-2026,11896.0,0.0,22-12-2028
SWFJ26,Apr 2026,2026,02-04-2026,14664.0,165.0,30-04-2026
SWFK26,May 2026,2026,02-04-2026,15825.0,280.0,29-05-2026
SWFM26,Jun 2026,2026,02-04-2026,15907.0,105.0,30-06-2026
SWFN26,Jul 2026,2026,02-04-2026,15943.0,45.0,31-07-2026
SWFQ26,Aug 2026,2026,02-04-2026,15821.0,45.0,31-08-2026
SWFU26,Sep 2026,2026,02-04-2026,15736.0,45.0,30-09-2026
SWFV26,Oct 2026,2026,02-04-2026,14846.0,45.0,30-10-2026
SWFX26,Nov 2026,2026,02-04-2026,14846.0,45.0,30-11-2026
SWFZ26,Dec 2026,2026,02-04-2026,14846.0,45.0,24-12-2026
SWFF27,Jan 2027,2027,02-04-2026,11843.0,0.0,29-01-2027
SWFG27,Feb 2027,2027,02-04-2026,11843.0,0.0,26-02-2027
SWFH27,Mar 2027,2027,02-04-2026,11843.0,0.0,31-03-2027
SWFJ27,Apr 2027,2027,02-04-2026,13593.0,0.0,30-04-2027
SWFK27,May 2027,2027,02-04-2026,13593.0,0.0,31-05-2027
SWFM27,Jun 2027,2027,02-04-2026,13593.0,0.0,30-06-2027
SWFN27,Jul 2027,2027,02-04-2026,12764.0,0.0,30-07-2027
SWFQ27,Aug 2027,2027,02-04-2026,12764.0,0.0,31-08-2027
SWFU27,Sep 2027,2027,02-04-2026,12764.0,0.0,30-09-2027
SWFV27,Oct 2027,2027,02-04-2026,12200.0,0.0,29-10-2027
SWFX27,Nov 2027,2027,02-04-2026,12200.0,0.0,30-11-2027
SWFZ27,Dec 2027,2027,02-04-2026,12200.0,0.0,24-12-2027
SWFF28,Jan 2028,2028,02-04-2026,12029.0,0.0,31-01-2028
SWFG28,Feb 2028,2028,02-04-2026,12029.0,0.0,29-02-2028
SWFH28,Mar 2028,2028,02-04-2026,12029.0,0.0,31-03-2028
SWFJ28,Apr 2028,2028,02-04-2026,12029.0,0.0,28-04-2028
SWFK28,May 2028,2028,02-04-2026,12029.0,0.0,31-05-2028
SWFM28,Jun 2028,2028,02-04-2026,12029.0,0.0,30-06-2028
SWFN28,Jul 2028,2028,02-04-2026,12029.0,0.0,31-07-2028
SWFQ28,Aug 2028,2028,02-04-2026,12029.0,0.0,31-08-2028
SWFU28,Sep 2028,2028,02-04-2026,12029.0,0.0,29-09-2028
SWFV28,Oct 2028,2028,02-04-2026,12029.0,0.0,31-10-2028
SWFX28,Nov 2028,2028,02-04-2026,12029.0,0.0,30-11-2028
SWFZ28,Dec 2028,2028,02-04-2026,12029.0,0.0,22-12-2028
SWFJ26,Apr 2026,2026,31-03-2026,14357.0,630.0,30-04-2026
SWFJ26,Apr 2026,2026,01-04-2026,14600.0,525.0,30-04-2026
SWFK26,May 2026,2026,31-03-2026,15168.0,375.0,29-05-2026
SWFK26,May 2026,2026,01-04-2026,15750.0,550.0,29-05-2026
SWFM26,Jun 2026,2026,31-03-2026,15389.0,205.0,30-06-2026
SWFM26,Jun 2026,2026,01-04-2026,15964.0,380.0,30-06-2026
SWFN26,Jul 2026,2026,31-03-2026,15407.0,100.0,31-07-2026
SWFN26,Jul 2026,2026,01-04-2026,15907.0,105.0,31-07-2026
SWFQ26,Aug 2026,2026,31-03-2026,15386.0,100.0,31-08-2026
SWFQ26,Aug 2026,2026,01-04-2026,15821.0,105.0,31-08-2026
SWFU26,Sep 2026,2026,31-03-2026,15329.0,100.0,30-09-2026
SWFU26,Sep 2026,2026,01-04-2026,15764.0,105.0,30-09-2026
SWFV26,Oct 2026,2026,31-03-2026,14532.0,35.0,30-10-2026
SWFV26,Oct 2026,2026,01-04-2026,14843.0,35.0,30-10-2026
SWFX26,Nov 2026,2026,31-03-2026,14532.0,35.0,30-11-2026
SWFX26,Nov 2026,2026,01-04-2026,14843.0,35.0,30-11-2026
SWFZ26,Dec 2026,2026,31-03-2026,14532.0,35.0,24-12-2026
SWFZ26,Dec 2026,2026,01-04-2026,14843.0,35.0,24-12-2026
SWFF27,Jan 2027,2027,31-03-2026,11661.0,10.0,29-01-2027
SWFF27,Jan 2027,2027,01-04-2026,11829.0,0.0,29-01-2027
SWFG27,Feb 2027,2027,31-03-2026,11661.0,10.0,26-02-2027
SWFG27,Feb 2027,2027,01-04-2026,11829.0,0.0,26-02-2027
SWFH27,Mar 2027,2027,31-03-2026,11661.0,10.0,31-03-2027
SWFH27,Mar 2027,2027,01-04-2026,11829.0,0.0,31-03-2027
SWFJ27,Apr 2027,2027,31-03-2026,13407.0,10.0,30-04-2027
SWFJ27,Apr 2027,2027,01-04-2026,13564.0,0.0,30-04-2027
SWFK27,May 2027,2027,31-03-2026,13407.0,10.0,31-05-2027
SWFK27,May 2027,2027,01-04-2026,13564.0,0.0,31-05-2027
SWFM27,Jun 2027,2027,31-03-2026,13407.0,10.0,30-06-2027
SWFM27,Jun 2027,2027,01-04-2026,13564.0,0.0,30-06-2027
SWFN27,Jul 2027,2027,31-03-2026,12686.0,10.0,30-07-2027
SWFN27,Jul 2027,2027,01-04-2026,12800.0,0.0,30-07-2027
SWFQ27,Aug 2027,2027,31-03-2026,12686.0,10.0,31-08-2027
SWFQ27,Aug 2027,2027,01-04-2026,12800.0,0.0,31-08-2027
SWFU27,Sep 2027,2027,31-03-2026,12686.0,10.0,30-09-2027
SWFU27,Sep 2027,2027,01-04-2026,12800.0,0.0,30-09-2027
SWFV27,Oct 2027,2027,31-03-2026,11939.0,10.0,29-10-2027
SWFV27,Oct 2027,2027,01-04-2026,12121.0,0.0,29-10-2027
SWFX27,Nov 2027,2027,31-03-2026,11939.0,10.0,30-11-2027
SWFX27,Nov 2027,2027,01-04-2026,12121.0,0.0,30-11-2027
SWFZ27,Dec 2027,2027,31-03-2026,11939.0,10.0,24-12-2027
SWFZ27,Dec 2027,2027,01-04-2026,12121.0,0.0,24-12-2027
SWFF28,Jan 2028,2028,31-03-2026,11964.0,0.0,31-01-2028
SWFF28,Jan 2028,2028,01-04-2026,12039.0,0.0,31-01-2028
SWFG28,Feb 2028,2028,31-03-2026,11964.0,0.0,29-02-2028
SWFG28,Feb 2028,2028,01-04-2026,12039.0,0.0,29-02-2028
SWFH28,Mar 2028,2028,31-03-2026,11964.0,0.0,31-03-2028
SWFH28,Mar 2028,2028,01-04-2026,12039.0,0.0,31-03-2028
SWFJ28,Apr 2028,2028,31-03-2026,11964.0,0.0,28-04-2028
SWFJ28,Apr 2028,2028,01-04-2026,12039.0,0.0,28-04-2028
SWFK28,May 2028,2028,31-03-2026,11964.0,0.0,31-05-2028
SWFK28,May 2028,2028,01-04-2026,12039.0,0.0,31-05-2028
SWFM28,Jun 2028,2028,31-03-2026,11964.0,0.0,30-06-2028
SWFM28,Jun 2028,2028,01-04-2026,12039.0,0.0,30-06-2028
SWFN28,Jul 2028,2028,31-03-2026,11964.0,0.0,31-07-2028
SWFN28,Jul 2028,2028,01-04-2026,12039.0,0.0,31-07-2028
SWFQ28,Aug 2028,2028,31-03-2026,11964.0,0.0,31-08-2028
SWFQ28,Aug 2028,2028,01-04-2026,12039.0,0.0,31-08-2028
SWFU28,Sep 2028,2028,31-03-2026,11964.0,0.0,29-09-2028
SWFU28,Sep 2028,2028,01-04-2026,12039.0,0.0,29-09-2028
SWFV28,Oct 2028,2028,31-03-2026,11964.0,0.0,31-10-2028
SWFV28,Oct 2028,2028,01-04-2026,12039.0,0.0,31-10-2028
SWFX28,Nov 2028,2028,31-03-2026,11964.0,0.0,30-11-2028
SWFX28,Nov 2028,2028,01-04-2026,12039.0,0.0,30-11-2028
SWFZ28,Dec 2028,2028,31-03-2026,11964.0,0.0,22-12-2028
SWFZ28,Dec 2028,2028,01-04-2026,12039.0,0.0,22-12-2028
SWFF29,Jan 2029,2029,09-08-2024,11950.0,0.0,31-01-2029
SWFF29,Jan 2029,2029,13-09-2024,11954.0,0.0,31-01-2029
SWFF29,Jan 2029,2029,27-12-2024,11771.0,0.0,31-01-2029
SWFF29,Jan 2029,2029,30-12-2024,11771.0,0.0,31-01-2029
SWFG29,Feb 2029,2029,09-08-2024,11950.0,0.0,28-02-2029
SWFG29,Feb 2029,2029,13-09-2024,11954.0,0.0,28-02-2029
SWFG29,Feb 2029,2029,27-12-2024,11771.0,0.0,28-02-2029
SWFG29,Feb 2029,2029,30-12-2024,11771.0,0.0,28-02-2029
SWFH29,Mar 2029,2029,09-08-2024,11950.0,0.0,30-03-2029
SWFH29,Mar 2029,2029,13-09-2024,11954.0,0.0,30-03-2029
SWFH29,Mar 2029,2029,27-12-2024,11771.0,0.0,30-03-2029
SWFH29,Mar 2029,2029,30-12-2024,11771.0,0.0,30-03-2029
SWFJ29,Apr 2029,2029,09-08-2024,11950.0,0.0,30-04-2029
SWFJ29,Apr 2029,2029,13-09-2024,11954.0,0.0,30-04-2029
SWFJ29,Apr 2029,2029,27-12-2024,11771.0,0.0,30-04-2029
SWFJ29,Apr 2029,2029,30-12-2024,11771.0,0.0,30-04-2029
SWFK29,May 2029,2029,09-08-2024,11950.0,0.0,31-05-2029
SWFK29,May 2029,2029,13-09-2024,11954.0,0.0,31-05-2029
SWFK29,May 2029,2029,27-12-2024,11771.0,0.0,31-05-2029
SWFK29,May 2029,2029,30-12-2024,11771.0,0.0,31-05-2029
SWFM29,Jun 2029,2029,09-08-2024,11950.0,0.0,29-06-2029
SWFM29,Jun 2029,2029,13-09-2024,11954.0,0.0,29-06-2029
SWFM29,Jun 2029,2029,27-12-2024,11771.0,0.0,29-06-2029
SWFM29,Jun 2029,2029,30-12-2024,11771.0,0.0,29-06-2029
SWFN29,Jul 2029,2029,09-08-2024,11950.0,0.0,31-07-2029
SWFN29,Jul 2029,2029,13-09-2024,11954.0,0.0,31-07-2029
SWFN29,Jul 2029,2029,27-12-2024,11771.0,0.0,31-07-2029
SWFN29,Jul 2029,2029,30-12-2024,11771.0,0.0,31-07-2029
SWFQ29,Aug 2029,2029,09-08-2024,11950.0,0.0,31-08-2029
SWFQ29,Aug 2029,2029,13-09-2024,11954.0,0.0,31-08-2029
SWFQ29,Aug 2029,2029,27-12-2024,11771.0,0.0,31-08-2029
SWFQ29,Aug 2029,2029,30-12-2024,11771.0,0.0,31-08-2029
SWFU29,Sep 2029,2029,09-08-2024,11950.0,0.0,28-09-2029
SWFU29,Sep 2029,2029,13-09-2024,11954.0,0.0,28-09-2029
SWFU29,Sep 2029,2029,27-12-2024,11771.0,0.0,28-09-2029
SWFU29,Sep 2029,2029,30-12-2024,11771.0,0.0,28-09-2029
SWFV29,Oct 2029,2029,09-08-2024,11950.0,0.0,31-10-2029
SWFV29,Oct 2029,2029,13-09-2024,11954.0,0.0,31-10-2029
SWFV29,Oct 2029,2029,27-12-2024,11771.0,0.0,31-10-2029
SWFV29,Oct 2029,2029,30-12-2024,11771.0,0.0,31-10-2029
SWFX29,Nov 2029,2029,09-08-2024,11950.0,0.0,30-11-2029
SWFX29,Nov 2029,2029,13-09-2024,11954.0,0.0,30-11-2029
SWFX29,Nov 2029,2029,27-12-2024,11771.0,0.0,30-11-2029
SWFX29,Nov 2029,2029,30-12-2024,11771.0,0.0,30-11-2029
SWFZ29,Dec 2029,2029,09-08-2024,11950.0,0.0,24-12-2029
SWFZ29,Dec 2029,2029,13-09-2024,11954.0,0.0,24-12-2029
SWFZ29,Dec 2029,2029,27-12-2024,11771.0,0.0,24-12-2029
SWFZ29,Dec 2029,2029,30-12-2024,11771.0,0.0,24-12-2029
SWFF30,Jan 2030,2030,09-08-2024,11908.0,0.0,31-01-2030
SWFF30,Jan 2030,2030,13-09-2024,11913.0,0.0,31-01-2030
SWFF30,Jan 2030,2030,27-12-2024,11813.0,0.0,31-01-2030
SWFF30,Jan 2030,2030,30-12-2024,11813.0,0.0,31-01-2030
SWFG30,Feb 2030,2030,09-08-2024,11908.0,0.0,28-02-2030
SWFG30,Feb 2030,2030,13-09-2024,11913.0,0.0,28-02-2030
SWFG30,Feb 2030,2030,27-12-2024,11813.0,0.0,28-02-2030
SWFG30,Feb 2030,2030,30-12-2024,11813.0,0.0,28-02-2030
SWFH30,Mar 2030,2030,09-08-2024,11908.0,0.0,29-03-2030
SWFH30,Mar 2030,2030,13-09-2024,11913.0,0.0,29-03-2030
SWFH30,Mar 2030,2030,27-12-2024,11813.0,0.0,29-03-2030
SWFH30,Mar 2030,2030,30-12-2024,11813.0,0.0,29-03-2030
SWFJ30,Apr 2030,2030,09-08-2024,11908.0,0.0,30-04-2030
SWFJ30,Apr 2030,2030,13-09-2024,11913.0,0.0,30-04-2030
SWFJ30,Apr 2030,2030,27-12-2024,11813.0,0.0,30-04-2030
SWFJ30,Apr 2030,2030,30-12-2024,11813.0,0.0,30-04-2030
SWFK30,May 2030,2030,09-08-2024,11908.0,0.0,31-05-2030
SWFK30,May 2030,2030,13-09-2024,11913.0,0.0,31-05-2030
SWFK30,May 2030,2030,27-12-2024,11813.0,0.0,31-05-2030
SWFK30,May 2030,2030,30-12-2024,11813.0,0.0,31-05-2030
SWFM30,Jun 2030,2030,09-08-2024,11908.0,0.0,28-06-2030
SWFM30,Jun 2030,2030,13-09-2024,11913.0,0.0,28-06-2030
SWFM30,Jun 2030,2030,27-12-2024,11813.0,0.0,28-06-2030
SWFM30,Jun 2030,2030,30-12-2024,11813.0,0.0,28-06-2030
SWFN30,Jul 2030,2030,09-08-2024,11908.0,0.0,31-07-2030
SWFN30,Jul 2030,2030,13-09-2024,11913.0,0.0,31-07-2030
SWFN30,Jul 2030,2030,27-12-2024,11813.0,0.0,31-07-2030
SWFN30,Jul 2030,2030,30-12-2024,11813.0,0.0,31-07-2030
SWFQ30,Aug 2030,2030,09-08-2024,11908.0,0.0,30-08-2030
SWFQ30,Aug 2030,2030,13-09-2024,11913.0,0.0,30-08-2030
SWFQ30,Aug 2030,2030,27-12-2024,11813.0,0.0,30-08-2030
SWFQ30,Aug 2030,2030,30-12-2024,11813.0,0.0,30-08-2030
SWFU30,Sep 2030,2030,09-08-2024,11908.0,0.0,30-09-2030
SWFU30,Sep 2030,2030,13-09-2024,11913.0,0.0,30-09-2030
SWFU30,Sep 2030,2030,27-12-2024,11813.0,0.0,30-09-2030
SWFU30,Sep 2030,2030,30-12-2024,11813.0,0.0,30-09-2030
SWFV30,Oct 2030,2030,09-08-2024,11908.0,0.0,31-10-2030
SWFV30,Oct 2030,2030,13-09-2024,11913.0,0.0,31-10-2030
SWFV30,Oct 2030,2030,27-12-2024,11813.0,0.0,31-10-2030
SWFV30,Oct 2030,2030,30-12-2024,11813.0,0.0,31-10-2030
SWFX30,Nov 2030,2030,09-08-2024,11908.0,0.0,29-11-2030
SWFX30,Nov 2030,2030,13-09-2024,11913.0,0.0,29-11-2030
SWFX30,Nov 2030,2030,27-12-2024,11813.0,0.0,29-11-2030
SWFX30,Nov 2030,2030,30-12-2024,11813.0,0.0,29-11-2030
SWFZ30,Dec 2030,2030,09-08-2024,11908.0,0.0,24-12-2030
SWFZ30,Dec 2030,2030,13-09-2024,11913.0,0.0,24-12-2030
SWFZ30,Dec 2030,2030,27-12-2024,11813.0,0.0,24-12-2030
SWFZ30,Dec 2030,2030,30-12-2024,11813.0,0.0,24-12-2030
SWFF31,Jan 2031,2031,09-08-2024,11892.0,0.0,31-01-2031
SWFF31,Jan 2031,2031,13-09-2024,11900.0,0.0,31-01-2031
SWFF31,Jan 2031,2031,27-12-2024,11817.0,0.0,31-01-2031
SWFF31,Jan 2031,2031,30-12-2024,11817.0,0.0,31-01-2031
SWFG31,Feb 2031,2031,09-08-2024,11892.0,0.0,28-02-2031
SWFG31,Feb 2031,2031,13-09-2024,11900.0,0.0,28-02-2031
SWFG31,Feb 2031,2031,27-12-2024,11817.0,0.0,28-02-2031
SWFG31,Feb 2031,2031,30-12-2024,11817.0,0.0,28-02-2031
SWFH31,Mar 2031,2031,09-08-2024,11892.0,0.0,31-03-2031
SWFH31,Mar 2031,2031,13-09-2024,11900.0,0.0,31-03-2031
SWFH31,Mar 2031,2031,27-12-2024,11817.0,0.0,31-03-2031
SWFH31,Mar 2031,2031,30-12-2024,11817.0,0.0,31-03-2031
SWFJ31,Apr 2031,2031,09-08-2024,11892.0,0.0,30-04-2031
SWFJ31,Apr 2031,2031,13-09-2024,11900.0,0.0,30-04-2031
SWFJ31,Apr 2031,2031,27-12-2024,11817.0,0.0,30-04-2031
SWFJ31,Apr 2031,2031,30-12-2024,11817.0,0.0,30-04-2031
SWFK31,May 2031,2031,09-08-2024,11892.0,0.0,30-05-2031
SWFK31,May 2031,2031,13-09-2024,11900.0,0.0,30-05-2031
SWFK31,May 2031,2031,27-12-2024,11817.0,0.0,30-05-2031
SWFK31,May 2031,2031,30-12-2024,11817.0,0.0,30-05-2031
SWFM31,Jun 2031,2031,09-08-2024,11892.0,0.0,30-06-2031
SWFM31,Jun 2031,2031,13-09-2024,11900.0,0.0,30-06-2031
SWFM31,Jun 2031,2031,27-12-2024,11817.0,0.0,30-06-2031
SWFM31,Jun 2031,2031,30-12-2024,11817.0,0.0,30-06-2031
SWFN31,Jul 2031,2031,09-08-2024,11892.0,0.0,31-07-2031
SWFN31,Jul 2031,2031,13-09-2024,11900.0,0.0,31-07-2031
SWFN31,Jul 2031,2031,27-12-2024,11817.0,0.0,31-07-2031
SWFN31,Jul 2031,2031,30-12-2024,11817.0,0.0,31-07-2031
SWFQ31,Aug 2031,2031,09-08-2024,11892.0,0.0,29-08-2031
SWFQ31,Aug 2031,2031,13-09-2024,11900.0,0.0,29-08-2031
SWFQ31,Aug 2031,2031,27-12-2024,11817.0,0.0,29-08-2031
SWFQ31,Aug 2031,2031,30-12-2024,11817.0,0.0,29-08-2031
SWFU31,Sep 2031,2031,09-08-2024,11892.0,0.0,30-09-2031
SWFU31,Sep 2031,2031,13-09-2024,11900.0,0.0,30-09-2031
SWFU31,Sep 2031,2031,27-12-2024,11817.0,0.0,30-09-2031
SWFU31,Sep 2031,2031,30-12-2024,11817.0,0.0,30-09-2031
SWFV31,Oct 2031,2031,09-08-2024,11892.0,0.0,31-10-2031
SWFV31,Oct 2031,2031,13-09-2024,11900.0,0.0,31-10-2031
SWFV31,Oct 2031,2031,27-12-2024,11817.0,0.0,31-10-2031
SWFV31,Oct 2031,2031,30-12-2024,11817.0,0.0,31-10-2031
SWFX31,Nov 2031,2031,09-08-2024,11892.0,0.0,28-11-2031
SWFX31,Nov 2031,2031,13-09-2024,11900.0,0.0,28-11-2031
SWFX31,Nov 2031,2031,27-12-2024,11817.0,0.0,28-11-2031
SWFX31,Nov 2031,2031,30-12-2024,11817.0,0.0,28-11-2031
SWFZ31,Dec 2031,2031,09-08-2024,11892.0,0.0,24-12-2031
SWFZ31,Dec 2031,2031,13-09-2024,11900.0,0.0,24-12-2031
SWFZ31,Dec 2031,2031,27-12-2024,11817.0,0.0,24-12-2031
SWFZ31,Dec 2031,2031,30-12-2024,11817.0,0.0,24-12-2031
SWFJ26,Apr 2026,2026,03-04-2026,0.0,130.0,30-04-2026
SWFK26,May 2026,2026,03-04-2026,0.0,185.0,29-05-2026
SWFM26,Jun 2026,2026,03-04-2026,0.0,80.0,30-06-2026
SWFN26,Jul 2026,2026,03-04-2026,0.0,40.0,31-07-2026
SWFQ26,Aug 2026,2026,03-04-2026,0.0,40.0,31-08-2026
SWFU26,Sep 2026,2026,03-04-2026,0.0,40.0,30-09-2026
SWFV26,Oct 2026,2026,03-04-2026,0.0,20.0,30-10-2026
SWFX26,Nov 2026,2026,03-04-2026,0.0,20.0,30-11-2026
SWFZ26,Dec 2026,2026,03-04-2026,0.0,20.0,24-12-2026
SWFF27,Jan 2027,2027,03-04-2026,0.0,0.0,29-01-2027
SWFG27,Feb 2027,2027,03-04-2026,0.0,0.0,26-02-2027
SWFH27,Mar 2027,2027,03-04-2026,0.0,0.0,31-03-2027
SWFJ27,Apr 2027,2027,03-04-2026,0.0,0.0,30-04-2027
SWFK27,May 2027,2027,03-04-2026,0.0,0.0,28-05-2027
SWFM27,Jun 2027,2027,03-04-2026,0.0,0.0,30-06-2027
SWFN27,Jul 2027,2027,03-04-2026,0.0,0.0,30-07-2027
SWFQ27,Aug 2027,2027,03-04-2026,0.0,0.0,31-08-2027
SWFU27,Sep 2027,2027,03-04-2026,0.0,0.0,30-09-2027
SWFV27,Oct 2027,2027,03-04-2026,0.0,0.0,29-10-2027
SWFX27,Nov 2027,2027,03-04-2026,0.0,0.0,30-11-2027
SWFZ27,Dec 2027,2027,03-04-2026,0.0,0.0,24-12-2027
SWFF28,Jan 2028,2028,03-04-2026,0.0,0.0,31-01-2028
SWFG28,Feb 2028,2028,03-04-2026,0.0,0.0,29-02-2028
SWFH28,Mar 2028,2028,03-04-2026,0.0,0.0,31-03-2028
SWFJ28,Apr 2028,2028,03-04-2026,0.0,0.0,28-04-2028
SWFK28,May 2028,2028,03-04-2026,0.0,0.0,31-05-2028
SWFM28,Jun 2028,2028,03-04-2026,0.0,0.0,30-06-2028
SWFN28,Jul 2028,2028,03-04-2026,0.0,0.0,31-07-2028
SWFQ28,Aug 2028,2028,03-04-2026,0.0,0.0,31-08-2028
SWFU28,Sep 2028,2028,03-04-2026,0.0,0.0,29-09-2028
SWFV28,Oct 2028,2028,03-04-2026,0.0,0.0,31-10-2028
SWFX28,Nov 2028,2028,03-04-2026,0.0,0.0,30-11-2028
SWFZ28,Dec 2028,2028,03-04-2026,0.0,0.0,22-12-2028
