Date,Index,% Change
06-10-2008,"2,276",
07-10-2008,"2,127",-6.55%
08-10-2008,"1,987",-6.58%
09-10-2008,"1,844",-7.20%
10-10-2008,"1,641",-11.01%
13-10-2008,"1,463",-10.85%
14-10-2008,"1,355",-7.38%
15-10-2008,"1,294",-4.50%
16-10-2008,"1,254",-3.09%
17-10-2008,"1,206",-3.83%
20-10-2008,"1,144",-5.14%
21-10-2008,"1,079",-5.68%
22-10-2008,975,-9.64%
23-10-2008,881,-9.64%
24-10-2008,817,-7.26%
27-10-2008,768,-6.00%
28-10-2008,701,-8.72%
29-10-2008,655,-6.56%
30-10-2008,617,-5.80%
31-10-2008,583,-5.51%
03-11-2008,559,-4.12%
04-11-2008,531,-5.01%
05-11-2008,512,-3.58%
06-11-2008,521,1.76%
07-11-2008,530,1.73%
10-11-2008,531,0.19%
11-11-2008,534,0.56%
12-11-2008,536,0.37%
13-11-2008,543,1.31%
14-11-2008,556,2.39%
17-11-2008,571,2.70%
18-11-2008,589,3.15%
19-11-2008,606,2.89%
20-11-2008,623,2.81%
21-11-2008,634,1.77%
24-11-2008,640,0.95%
25-11-2008,641,0.16%
26-11-2008,637,-0.62%
27-11-2008,632,-0.78%
28-11-2008,622,-1.58%
01-12-2008,610,-1.93%
02-12-2008,597,-2.13%
03-12-2008,579,-3.02%
04-12-2008,564,-2.59%
05-12-2008,548,-2.84%
08-12-2008,533,-2.74%
09-12-2008,523,-1.88%
10-12-2008,511,-2.29%
11-12-2008,498,-2.54%
12-12-2008,490,-1.61%
15-12-2008,486,-0.82%
16-12-2008,481,-1.03%
17-12-2008,476,-1.04%
18-12-2008,464,-2.52%
19-12-2008,454,-2.16%
22-12-2008,442,-2.64%
23-12-2008,430,-2.71%
24-12-2008,421,-2.09%
02-01-2009,411,-2.38%
05-01-2009,403,-1.95%
06-01-2009,395,-1.99%
07-01-2009,390,-1.27%
08-01-2009,389,-0.26%
09-01-2009,394,1.29%
12-01-2009,397,0.76%
13-01-2009,402,1.26%
14-01-2009,409,1.74%
15-01-2009,413,0.98%
16-01-2009,418,1.21%
19-01-2009,424,1.44%
20-01-2009,427,0.71%
21-01-2009,432,1.17%
22-01-2009,436,0.93%
23-01-2009,443,1.61%
26-01-2009,446,0.68%
27-01-2009,460,3.14%
28-01-2009,473,2.83%
29-01-2009,488,3.17%
30-01-2009,512,4.92%
02-02-2009,533,4.10%
03-02-2009,556,4.32%
04-02-2009,681,22.48%
05-02-2009,783,14.98%
06-02-2009,854,9.07%
09-02-2009,948,11.01%
10-02-2009,"1,025",8.12%
11-02-2009,"1,089",6.24%
12-02-2009,"1,148",5.42%
13-02-2009,"1,190",3.66%
16-02-2009,"1,209",1.60%
17-02-2009,"1,213",0.33%
18-02-2009,"1,231",1.48%
19-02-2009,"1,271",3.25%
20-02-2009,"1,300",2.28%
23-02-2009,"1,325",1.92%
24-02-2009,"1,347",1.66%
25-02-2009,"1,385",2.82%
26-02-2009,"1,474",6.43%
27-02-2009,"1,529",3.73%
02-03-2009,"1,569",2.62%
03-03-2009,"1,585",1.02%
04-03-2009,"1,603",1.14%
05-03-2009,"1,653",3.12%
06-03-2009,"1,688",2.12%
09-03-2009,"1,713",1.48%
10-03-2009,"1,728",0.88%
11-03-2009,"1,735",0.41%
12-03-2009,"1,727",-0.46%
13-03-2009,"1,710",-0.98%
16-03-2009,"1,694",-0.94%
17-03-2009,"1,673",-1.24%
18-03-2009,"1,632",-2.45%
19-03-2009,"1,583",-3.00%
20-03-2009,"1,541",-2.65%
23-03-2009,"1,493",-3.11%
24-03-2009,"1,437",-3.75%
25-03-2009,"1,398",-2.71%
26-03-2009,"1,365",-2.36%
27-03-2009,"1,338",-1.98%
30-03-2009,"1,313",-1.87%
31-03-2009,"1,288",-1.90%
01-04-2009,"1,268",-1.55%
02-04-2009,"1,250",-1.42%
03-04-2009,"1,236",-1.12%
06-04-2009,"1,220",-1.29%
07-04-2009,"1,183",-3.03%
08-04-2009,"1,159",-2.03%
09-04-2009,"1,153",-0.52%
14-04-2009,"1,158",0.43%
15-04-2009,"1,165",0.60%
16-04-2009,"1,203",3.26%
17-04-2009,"1,241",3.16%
20-04-2009,"1,279",3.06%
21-04-2009,"1,308",2.27%
22-04-2009,"1,350",3.21%
23-04-2009,"1,396",3.41%
24-04-2009,"1,435",2.79%
27-04-2009,"1,453",1.25%
28-04-2009,"1,447",-0.41%
29-04-2009,"1,438",-0.62%
30-04-2009,"1,427",-0.76%
01-05-2009,"1,430",0.21%
05-05-2009,"1,430",0.00%
06-05-2009,"1,448",1.26%
07-05-2009,"1,497",3.38%
08-05-2009,"1,569",4.81%
11-05-2009,"1,611",2.68%
12-05-2009,"1,639",1.74%
13-05-2009,"1,675",2.20%
14-05-2009,"1,711",2.15%
15-05-2009,"1,754",2.51%
18-05-2009,"1,786",1.82%
19-05-2009,"1,834",2.69%
20-05-2009,"1,853",1.04%
21-05-2009,"1,854",0.05%
22-05-2009,"1,837",-0.92%
26-05-2009,"1,830",-0.38%
27-05-2009,"1,825",-0.27%
28-05-2009,"1,832",0.38%
29-05-2009,"1,831",-0.05%
01-06-2009,"1,835",0.22%
02-06-2009,"1,843",0.44%
03-06-2009,"1,862",1.03%
04-06-2009,"1,856",-0.32%
05-06-2009,"1,832",-1.29%
08-06-2009,"1,804",-1.53%
09-06-2009,"1,781",-1.27%
10-06-2009,"1,758",-1.29%
11-06-2009,"1,738",-1.14%
12-06-2009,"1,722",-0.92%
15-06-2009,"1,702",-1.16%
16-06-2009,"1,699",-0.18%
17-06-2009,"1,714",0.88%
18-06-2009,"1,735",1.23%
19-06-2009,"1,749",0.81%
22-06-2009,"1,758",0.51%
23-06-2009,"1,757",-0.06%
24-06-2009,"1,754",-0.17%
25-06-2009,"1,750",-0.23%
26-06-2009,"1,734",-0.91%
29-06-2009,"1,715",-1.10%
30-06-2009,"1,701",-0.82%
01-07-2009,"1,703",0.12%
02-07-2009,"1,709",0.35%
03-07-2009,"1,718",0.53%
06-07-2009,"1,716",-0.12%
07-07-2009,"1,724",0.47%
08-07-2009,"1,749",1.45%
09-07-2009,"1,782",1.89%
10-07-2009,"1,817",1.96%
13-07-2009,"1,834",0.94%
14-07-2009,"1,892",3.16%
15-07-2009,"1,953",3.22%
16-07-2009,"2,016",3.23%
17-07-2009,"2,051",1.74%
20-07-2009,"2,062",0.54%
21-07-2009,"2,080",0.87%
22-07-2009,"2,086",0.29%
23-07-2009,"2,095",0.43%
24-07-2009,"2,091",-0.19%
27-07-2009,"2,090",-0.05%
28-07-2009,"2,092",0.10%
29-07-2009,"2,091",-0.05%
30-07-2009,"2,089",-0.10%
31-07-2009,"2,081",-0.38%
03-08-2009,"2,060",-1.01%
04-08-2009,"2,033",-1.31%
05-08-2009,"1,996",-1.82%
06-08-2009,"1,918",-3.91%
07-08-2009,"1,840",-4.07%
10-08-2009,"1,785",-2.99%
11-08-2009,"1,736",-2.75%
12-08-2009,"1,700",-2.07%
13-08-2009,"1,693",-0.41%
14-08-2009,"1,709",0.95%
17-08-2009,"1,723",0.82%
18-08-2009,"1,733",0.58%
19-08-2009,"1,731",-0.12%
20-08-2009,"1,731",0.00%
21-08-2009,"1,733",0.12%
24-08-2009,"1,748",0.87%
25-08-2009,"1,753",0.29%
26-08-2009,"1,749",-0.23%
27-08-2009,"1,752",0.17%
28-08-2009,"1,740",-0.68%
01-09-2009,"1,732",-0.46%
02-09-2009,"1,723",-0.52%
03-09-2009,"1,723",0.00%
04-09-2009,"1,742",1.10%
07-09-2009,"1,793",2.93%
08-09-2009,"1,831",2.12%
09-09-2009,"1,865",1.86%
11-09-2009,"1,917",2.79%
14-09-2009,"1,933",0.83%
15-09-2009,"1,974",2.12%
16-09-2009,"2,015",2.08%
17-09-2009,"2,048",1.64%
18-09-2009,"2,063",0.73%
21-09-2009,"2,069",0.29%
22-09-2009,"2,071",0.10%
23-09-2009,"2,071",0.00%
24-09-2009,"2,068",-0.14%
25-09-2009,"2,058",-0.48%
28-09-2009,"2,031",-1.31%
29-09-2009,"2,000",-1.53%
30-09-2009,"1,966",-1.70%
01-10-2009,"1,911",-2.80%
02-10-2009,"1,868",-2.25%
05-10-2009,"1,837",-1.66%
06-10-2009,"1,820",-0.93%
07-10-2009,"1,799",-1.15%
08-10-2009,"1,799",0.00%
09-10-2009,"1,800",0.06%
12-10-2009,"1,804",0.22%
13-10-2009,"1,820",0.89%
14-10-2009,"1,869",2.69%
15-10-2009,"1,890",1.12%
16-10-2009,"1,903",0.69%
19-10-2009,"1,900",-0.16%
20-10-2009,"1,890",-0.53%
21-10-2009,"1,875",-0.79%
22-10-2009,"1,862",-0.69%
23-10-2009,"1,852",-0.54%
26-10-2009,"1,850",-0.11%
27-10-2009,"1,842",-0.43%
28-10-2009,"1,833",-0.49%
29-10-2009,"1,825",-0.44%
30-10-2009,"1,820",-0.27%
02-11-2009,"1,813",-0.38%
03-11-2009,"1,813",0.00%
04-11-2009,"1,833",1.10%
05-11-2009,"1,855",1.20%
06-11-2009,"1,888",1.78%
09-11-2009,"1,917",1.54%
10-11-2009,"1,958",2.14%
11-11-2009,"2,021",3.22%
12-11-2009,"2,085",3.17%
13-11-2009,"2,147",2.97%
16-11-2009,"2,257",5.12%
17-11-2009,"2,350",4.12%
19-11-2009,"2,472",5.19%
20-11-2009,"2,487",0.61%
24-11-2009,"2,479",-0.32%
25-11-2009,"2,472",-0.28%
27-11-2009,"2,446",-1.05%
30-11-2009,"2,416",-1.23%
01-12-2009,"2,376",-1.66%
02-12-2009,"2,364",-0.51%
03-12-2009,"2,368",0.17%
04-12-2009,"2,382",0.59%
07-12-2009,"2,395",0.55%
08-12-2009,"2,414",0.79%
09-12-2009,"2,429",0.62%
10-12-2009,"2,432",0.12%
11-12-2009,"2,429",-0.12%
14-12-2009,"2,420",-0.37%
15-12-2009,"2,413",-0.29%
16-12-2009,"2,000",-17.12%
17-12-2009,"2,340",17.00%
18-12-2009,"2,322",-0.77%
21-12-2009,"2,297",-1.08%
22-12-2009,"2,000",-12.93%
23-12-2009,"2,246",12.30%
24-12-2009,"2,224",-0.98%
04-01-2010,"2,224",0.00%
06-01-2010,"2,319",4.27%
07-01-2010,"2,375",2.41%
08-01-2010,"2,418",1.81%
11-01-2010,"2,452",1.41%
12-01-2010,"2,507",2.24%
13-01-2010,"2,542",1.40%
14-01-2010,"2,545",0.12%
15-01-2010,"2,535",-0.39%
19-01-2010,"2,510",-0.99%
20-01-2010,"2,488",-0.88%
21-01-2010,"2,462",-1.05%
22-01-2010,"2,449",-0.53%
25-01-2010,"2,429",-0.82%
26-01-2010,"2,395",-1.40%
27-01-2010,"2,356",-1.63%
28-01-2010,"2,313",-1.83%
29-01-2010,"2,271",-1.82%
01-02-2010,"2,233",-1.67%
02-02-2010,"2,209",-1.07%
03-02-2010,"2,186",-1.04%
04-02-2010,"2,167",-0.87%
05-02-2010,"2,156",-0.51%
08-02-2010,"2,141",-0.70%
09-02-2010,"2,128",-0.61%
10-02-2010,"2,111",-0.80%
11-02-2010,"2,076",-1.66%
12-02-2010,"2,048",-1.35%
16-02-2010,"2,028",-0.98%
17-02-2010,"2,029",0.05%
18-02-2010,"2,053",1.18%
19-02-2010,"2,077",1.17%
22-02-2010,"2,103",1.25%
23-02-2010,"2,158",2.62%
24-02-2010,"2,204",2.13%
25-02-2010,"2,249",2.04%
26-02-2010,"2,288",1.73%
01-03-2010,"2,316",1.22%
02-03-2010,"2,345",1.25%
03-03-2010,"2,384",1.66%
04-03-2010,"2,429",1.89%
05-03-2010,"2,472",1.77%
08-03-2010,"2,508",1.46%
09-03-2010,"2,552",1.75%
10-03-2010,"2,587",1.37%
11-03-2010,"2,628",1.58%
12-03-2010,"2,731",3.92%
15-03-2010,"2,820",3.26%
16-03-2010,"2,873",1.88%
17-03-2010,"2,898",0.87%
18-03-2010,"2,920",0.76%
19-03-2010,"2,929",0.31%
22-03-2010,"2,918",-0.38%
23-03-2010,"2,877",-1.41%
25-03-2010,"2,757",-4.17%
26-03-2010,"2,647",-3.99%
29-03-2010,"2,542",-3.97%
30-03-2010,"2,473",-2.71%
31-03-2010,"2,431",-1.70%
01-04-2010,"2,409",-0.90%
06-04-2010,"2,435",1.08%
07-04-2010,"2,460",1.03%
08-04-2010,"2,471",0.45%
09-04-2010,"2,490",0.77%
12-04-2010,"2,508",0.72%
13-04-2010,"2,540",1.28%
14-04-2010,"2,567",1.06%
15-04-2010,"2,596",1.13%
16-04-2010,"2,594",-0.08%
19-04-2010,"2,590",-0.15%
20-04-2010,"2,608",0.69%
21-04-2010,"2,620",0.46%
22-04-2010,"2,642",0.84%
23-04-2010,"2,656",0.53%
26-04-2010,"2,659",0.11%
27-04-2010,"2,666",0.26%
29-04-2010,"2,690",0.90%
30-04-2010,"2,715",0.93%
04-05-2010,"2,732",0.63%
05-05-2010,"2,755",0.84%
06-05-2010,"2,817",2.25%
07-05-2010,"2,888",2.52%
10-05-2010,"2,947",2.04%
11-05-2010,"2,991",1.49%
12-05-2010,"3,025",1.14%
13-05-2010,"3,053",0.93%
14-05-2010,"3,076",0.75%
17-05-2010,"3,090",0.46%
18-05-2010,"3,103",0.42%
19-05-2010,"3,111",0.26%
20-05-2010,"3,106",-0.16%
21-05-2010,"3,095",-0.35%
24-05-2010,"3,090",-0.16%
25-05-2010,"3,076",-0.45%
26-05-2010,"3,053",-0.75%
27-05-2010,"3,015",-1.24%
28-05-2010,"2,982",-1.09%
01-06-2010,"2,930",-1.74%
02-06-2010,"2,865",-2.22%
03-06-2010,"2,798",-2.34%
04-06-2010,"2,741",-2.04%
07-06-2010,"2,677",-2.33%
08-06-2010,"2,610",-2.50%
09-06-2010,"2,523",-3.33%
10-06-2010,"2,458",-2.58%
11-06-2010,"2,410",-1.95%
14-06-2010,"2,374",-1.49%
15-06-2010,"2,345",-1.22%
16-06-2010,"2,306",-1.66%
17-06-2010,"2,270",-1.56%
18-06-2010,"2,232",-1.67%
21-06-2010,"2,194",-1.70%
22-06-2010,"2,163",-1.41%
23-06-2010,"2,143",-0.92%
24-06-2010,"2,126",-0.79%
25-06-2010,"2,122",-0.19%
28-06-2010,"2,118",-0.19%
29-06-2010,"2,096",-1.04%
30-06-2010,"2,066",-1.43%
01-07-2010,"2,036",-1.45%
02-07-2010,"1,995",-2.01%
06-07-2010,"1,923",-3.61%
07-07-2010,"1,870",-2.76%
08-07-2010,"1,843",-1.44%
09-07-2010,"1,817",-1.41%
12-07-2010,"1,789",-1.54%
13-07-2010,"1,760",-1.62%
14-07-2010,"1,717",-2.44%
15-07-2010,"1,683",-1.98%
16-07-2010,"1,669",-0.83%
19-07-2010,"1,664",-0.30%
20-07-2010,"1,671",0.42%
21-07-2010,"1,692",1.26%
22-07-2010,"1,723",1.83%
23-07-2010,"1,745",1.28%
26-07-2010,"1,761",0.92%
27-07-2010,"1,774",0.74%
28-07-2010,"1,772",-0.11%
29-07-2010,"1,764",-0.45%
30-07-2010,"1,760",-0.23%
02-08-2010,"1,756",-0.23%
03-08-2010,"1,750",-0.34%
04-08-2010,"1,738",-0.69%
05-08-2010,"1,734",-0.23%
06-08-2010,"1,731",-0.17%
09-08-2010,"1,722",-0.52%
10-08-2010,"1,729",0.41%
11-08-2010,"1,750",1.21%
12-08-2010,"1,787",2.11%
13-08-2010,"1,831",2.46%
16-08-2010,"1,874",2.35%
17-08-2010,"1,908",1.81%
18-08-2010,"1,972",3.35%
19-08-2010,"2,034",3.14%
20-08-2010,"2,076",2.06%
23-08-2010,"2,102",1.25%
24-08-2010,"2,127",1.19%
25-08-2010,"2,142",0.71%
26-08-2010,"2,118",-1.12%
27-08-2010,"2,109",-0.42%
31-08-2010,"2,066",-2.04%
01-09-2010,"2,029",-1.79%
02-09-2010,"1,998",-1.53%
03-09-2010,"1,992",-0.30%
07-09-2010,"2,010",0.90%
08-09-2010,"2,023",0.65%
09-09-2010,"2,036",0.64%
10-09-2010,"2,046",0.49%
13-09-2010,"2,043",-0.15%
14-09-2010,"2,042",-0.05%
15-09-2010,"2,040",-0.10%
16-09-2010,"2,029",-0.54%
17-09-2010,"2,012",-0.84%
20-09-2010,"1,987",-1.24%
21-09-2010,"1,964",-1.16%
22-09-2010,"1,941",-1.17%
23-09-2010,"1,909",-1.65%
24-09-2010,"1,879",-1.57%
27-09-2010,"1,861",-0.96%
28-09-2010,"1,852",-0.48%
29-09-2010,"1,846",-0.32%
30-09-2010,"1,847",0.05%
01-10-2010,"1,843",-0.22%
04-10-2010,"1,853",0.54%
05-10-2010,"1,860",0.38%
06-10-2010,"1,873",0.70%
07-10-2010,"1,885",0.64%
08-10-2010,"1,894",0.48%
11-10-2010,"1,898",0.21%
12-10-2010,"1,905",0.37%
13-10-2010,"1,899",-0.31%
14-10-2010,"1,881",-0.95%
15-10-2010,"1,858",-1.22%
18-10-2010,"1,846",-0.65%
19-10-2010,"1,832",-0.76%
20-10-2010,"1,816",-0.87%
21-10-2010,"1,805",-0.61%
22-10-2010,"1,791",-0.78%
25-10-2010,"1,784",-0.39%
26-10-2010,"1,780",-0.22%
27-10-2010,"1,774",-0.34%
28-10-2010,"1,768",-0.34%
29-10-2010,"1,750",-1.02%
01-11-2010,"1,730",-1.14%
02-11-2010,"1,705",-1.45%
03-11-2010,"1,680",-1.47%
04-11-2010,"1,655",-1.49%
05-11-2010,"1,628",-1.63%
08-11-2010,"1,597",-1.90%
09-11-2010,"1,580",-1.06%
10-11-2010,"1,552",-1.77%
11-11-2010,"1,532",-1.29%
12-11-2010,"1,516",-1.04%
15-11-2010,"1,495",-1.39%
17-11-2010,"1,457",-2.54%
18-11-2010,"1,431",-1.78%
23-11-2010,"1,370",-4.26%
24-11-2010,"1,392",1.61%
26-11-2010,"1,486",6.75%
29-11-2010,"1,512",1.75%
30-11-2010,"1,526",0.93%
01-12-2010,"1,550",1.57%
02-12-2010,"1,569",1.23%
06-12-2010,"1,610",2.61%
07-12-2010,"1,624",0.87%
08-12-2010,"1,636",0.74%
09-12-2010,"1,654",1.10%
10-12-2010,"1,670",0.97%
13-12-2010,"1,677",0.42%
14-12-2010,"1,678",0.06%
15-12-2010,"1,659",-1.13%
16-12-2010,"1,642",-1.02%
17-12-2010,"1,613",-1.77%
20-12-2010,"1,582",-1.92%
21-12-2010,"1,555",-1.71%
22-12-2010,"1,539",-1.03%
24-12-2010,"1,493",-2.99%
05-01-2011,"1,386",-7.17%
06-01-2011,"1,352",-2.45%
07-01-2011,"1,341",-0.81%
10-01-2011,"1,345",0.30%
11-01-2011,"1,350",0.37%
12-01-2011,"1,360",0.74%
13-01-2011,"1,362",0.15%
14-01-2011,"1,393",2.28%
18-01-2011,"1,429",2.58%
19-01-2011,"1,437",0.56%
20-01-2011,"1,438",0.07%
24-01-2011,"1,414",-1.67%
25-01-2011,"1,371",-3.04%
26-01-2011,"1,318",-3.87%
27-01-2011,"1,273",-3.41%
28-01-2011,"1,337",5.03%
31-01-2011,"1,177",-11.97%
01-02-2011,"1,148",-2.46%
02-02-2011,"1,121",-2.35%
03-02-2011,"1,101",-1.78%
04-02-2011,"1,090",-1.00%
07-02-2011,"1,086",-0.37%
08-02-2011,"1,091",0.46%
09-02-2011,"1,099",0.73%
10-02-2011,"1,120",1.91%
11-02-2011,"1,132",1.07%
14-02-2011,"1,154",1.94%
15-02-2011,"1,172",1.56%
16-02-2011,"1,199",2.30%
17-02-2011,"1,233",2.84%
18-02-2011,"1,267",2.76%
22-02-2011,"1,309",3.31%
23-02-2011,"1,334",1.91%
24-02-2011,"1,362",2.10%
25-02-2011,"1,385",1.69%
28-02-2011,"1,398",0.94%
01-03-2011,"1,418",1.43%
02-03-2011,"1,435",1.20%
03-03-2011,"1,454",1.32%
04-03-2011,"1,467",0.89%
07-03-2011,"1,481",0.95%
08-03-2011,"1,496",1.01%
09-03-2011,"1,512",1.07%
10-03-2011,"1,522",0.66%
11-03-2011,"1,529",0.46%
14-03-2011,"1,533",0.26%
15-03-2011,"1,539",0.39%
16-03-2011,"1,551",0.78%
17-03-2011,"1,567",1.03%
18-03-2011,"1,574",0.45%
21-03-2011,"1,580",0.38%
23-03-2011,"1,608",1.77%
25-03-2011,"1,603",-0.31%
28-03-2011,"1,585",-1.12%
30-03-2011,"1,545",-2.52%
31-03-2011,"1,523",-1.42%
01-04-2011,"1,511",-0.79%
04-04-2011,"1,496",-0.99%
06-04-2011,"1,478",-1.20%
07-04-2011,"1,468",-0.68%
08-04-2011,"1,457",-0.75%
11-04-2011,"1,450",-0.48%
12-04-2011,"1,441",-0.62%
13-04-2011,"1,433",-0.56%
14-04-2011,"1,422",-0.77%
15-04-2011,"1,414",-0.56%
18-04-2011,"1,409",-0.35%
20-04-2011,"1,404",-0.35%
21-04-2011,"1,401",-0.21%
26-04-2011,"1,392",-0.64%
28-04-2011,"1,390",-0.14%
03-05-2011,"1,375",-1.08%
04-05-2011,"1,368",-0.51%
05-05-2011,"1,371",0.22%
06-05-2011,"1,386",1.09%
09-05-2011,"1,397",0.79%
10-05-2011,"1,403",0.43%
11-05-2011,"1,399",-0.29%
12-05-2011,"1,395",-0.29%
13-05-2011,"1,392",-0.22%
17-05-2011,"1,393",0.07%
18-05-2011,"1,399",0.43%
19-05-2011,"1,408",0.64%
20-05-2011,"1,413",0.36%
23-05-2011,"1,416",0.21%
24-05-2011,"1,429",0.92%
25-05-2011,"1,440",0.77%
26-05-2011,"1,449",0.63%
27-05-2011,"1,451",0.14%
31-05-2011,"1,450",-0.07%
01-06-2011,"1,449",-0.07%
02-06-2011,"1,445",-0.28%
03-06-2011,"1,435",-0.69%
06-06-2011,"1,424",-0.77%
07-06-2011,"1,397",-1.90%
08-06-2011,"1,369",-2.00%
09-06-2011,"1,355",-1.02%
10-06-2011,"1,348",-0.52%
13-06-2011,"1,339",-0.67%
14-06-2011,"1,331",-0.60%
16-06-2011,"1,321",-0.75%
17-06-2011,"1,319",-0.15%
20-06-2011,"1,318",-0.08%
21-06-2011,"1,318",0.00%
22-06-2011,"1,319",0.08%
23-06-2011,"1,323",0.30%
24-06-2011,"1,322",-0.08%
27-06-2011,"1,320",-0.15%
28-06-2011,"1,318",-0.15%
29-06-2011,"1,313",-0.38%
30-06-2011,"1,308",-0.38%
01-07-2011,"1,306",-0.15%
04-07-2011,"1,300",-0.46%
05-07-2011,"1,292",-0.62%
06-07-2011,"1,286",-0.46%
07-07-2011,"1,282",-0.31%
08-07-2011,"1,277",-0.39%
11-07-2011,"1,273",-0.31%
12-07-2011,"1,270",-0.24%
13-07-2011,"1,270",0.00%
14-07-2011,"1,270",0.00%
15-07-2011,"1,271",0.08%
18-07-2011,"1,270",-0.08%
19-07-2011,"1,268",-0.16%
20-07-2011,"1,268",0.00%
21-07-2011,"1,270",0.16%
22-07-2011,"1,271",0.08%
25-07-2011,"1,270",-0.08%
26-07-2011,"1,266",-0.31%
27-07-2011,"1,265",-0.08%
28-07-2011,"1,262",-0.24%
29-07-2011,"1,259",-0.24%
01-08-2011,"1,255",-0.32%
02-08-2011,"1,252",-0.24%
03-08-2011,"1,252",0.00%
04-08-2011,"1,253",0.08%
05-08-2011,"1,250",-0.24%
08-08-2011,"1,250",0.00%
09-08-2011,"1,244",-0.48%
10-08-2011,"1,244",0.00%
11-08-2011,"1,246",0.16%
12-08-2011,"1,255",0.72%
15-08-2011,"1,267",0.96%
16-08-2011,"1,282",1.18%
17-08-2011,"1,275",-0.55%
18-08-2011,"1,318",3.37%
19-08-2011,"1,338",1.52%
22-08-2011,"1,353",1.12%
23-08-2011,"1,366",0.96%
24-08-2011,"1,378",0.88%
25-08-2011,"1,383",0.36%
26-08-2011,"1,387",0.29%
30-08-2011,"1,386",-0.07%
31-08-2011,"1,383",-0.22%
01-09-2011,"1,380",-0.22%
02-09-2011,"1,379",-0.07%
05-09-2011,"1,378",-0.07%
06-09-2011,"1,381",0.22%
07-09-2011,"1,382",0.07%
08-09-2011,"1,390",0.58%
09-09-2011,"1,401",0.79%
12-09-2011,"1,408",0.50%
13-09-2011,"1,417",0.64%
14-09-2011,"1,426",0.64%
15-09-2011,"1,438",0.84%
16-09-2011,"1,446",0.56%
19-09-2011,"1,450",0.28%
20-09-2011,"1,457",0.48%
21-09-2011,"1,463",0.41%
22-09-2011,"1,471",0.55%
23-09-2011,"1,479",0.54%
26-09-2011,"1,483",0.27%
27-09-2011,"1,487",0.27%
28-09-2011,"1,492",0.34%
29-09-2011,"1,497",0.34%
30-09-2011,"1,499",0.13%
03-10-2011,"1,501",0.13%
04-10-2011,"1,503",0.13%
05-10-2011,"1,511",0.53%
06-10-2011,"1,519",0.53%
07-10-2011,"1,533",0.92%
10-10-2011,"1,545",0.78%
11-10-2011,"1,554",0.58%
12-10-2011,"1,568",0.90%
13-10-2011,"1,583",0.96%
14-10-2011,"1,594",0.69%
17-10-2011,"1,606",0.75%
18-10-2011,"1,607",0.06%
19-10-2011,"1,612",0.31%
20-10-2011,"1,612",0.00%
21-10-2011,"1,607",-0.31%
24-10-2011,"1,595",-0.75%
25-10-2011,"1,584",-0.69%
26-10-2011,"1,571",-0.82%
27-10-2011,"1,559",-0.76%
28-10-2011,"1,545",-0.90%
31-10-2011,"1,531",-0.91%
01-11-2011,"1,512",-1.24%
02-11-2011,"1,486",-1.72%
03-11-2011,"1,452",-2.29%
04-11-2011,"1,425",-1.86%
07-11-2011,"1,404",-1.47%
08-11-2011,"1,361",-3.06%
09-11-2011,"1,336",-1.84%
10-11-2011,"1,329",-0.52%
11-11-2011,"1,324",-0.38%
14-11-2011,"1,326",0.15%
15-11-2011,"1,344",1.36%
16-11-2011,"1,356",0.89%
17-11-2011,"1,368",0.88%
18-11-2011,"1,381",0.95%
21-11-2011,"1,383",0.14%
22-11-2011,"1,386",0.22%
23-11-2011,"1,384",-0.14%
24-11-2011,"1,382",-0.14%
25-11-2011,"1,380",-0.14%
28-11-2011,"1,378",-0.14%
29-11-2011,"1,366",-0.87%
30-11-2011,"1,359",-0.51%
01-12-2011,"1,347",-0.88%
02-12-2011,"1,335",-0.89%
05-12-2011,"1,322",-0.97%
06-12-2011,"1,300",-1.66%
07-12-2011,"1,278",-1.69%
08-12-2011,"1,278",0.00%
09-12-2011,"1,230",-3.76%
12-12-2011,"1,218",-0.98%
13-12-2011,"1,206",-0.99%
14-12-2011,"1,202",-0.33%
15-12-2011,"1,196",-0.50%
16-12-2011,"1,193",-0.25%
19-12-2011,"1,188",-0.42%
20-12-2011,"1,187",-0.08%
21-12-2011,"1,187",0.00%
22-12-2011,"1,183",-0.34%
23-12-2011,"1,176",-0.59%
03-01-2012,"1,158",-1.53%
04-01-2012,"1,140",-1.55%
05-01-2012,"1,125",-1.32%
06-01-2012,"1,112",-1.16%
09-01-2012,"1,099",-1.17%
10-01-2012,"1,082",-1.55%
11-01-2012,"1,035",-4.34%
12-01-2012,999,-3.48%
13-01-2012,971,-2.80%
16-01-2012,949,-2.27%
17-01-2012,927,-2.32%
18-01-2012,892,-3.78%
19-01-2012,858,-3.81%
20-01-2012,807,-5.94%
23-01-2012,792,-1.86%
24-01-2012,775,-2.15%
25-01-2012,756,-2.45%
26-01-2012,721,-4.63%
27-01-2012,695,-3.61%
30-01-2012,673,-3.17%
31-01-2012,655,-2.67%
01-02-2012,637,-2.75%
02-02-2012,620,-2.67%
03-02-2012,608,-1.94%
06-02-2012,600,-1.32%
07-02-2012,607,1.17%
08-02-2012,620,2.14%
09-02-2012,630,1.61%
10-02-2012,645,2.38%
13-02-2012,651,0.93%
14-02-2012,652,0.15%
15-02-2012,646,-0.92%
16-02-2012,641,-0.77%
17-02-2012,641,0.00%
20-02-2012,645,0.62%
21-02-2012,640,-0.78%
22-02-2012,641,0.16%
23-02-2012,647,0.94%
24-02-2012,662,2.32%
28-02-2012,692,4.53%
29-02-2012,712,2.89%
01-03-2012,732,2.81%
02-03-2012,745,1.78%
05-03-2012,768,3.09%
06-03-2012,788,2.60%
07-03-2012,810,2.79%
08-03-2012,841,3.83%
09-03-2012,864,2.73%
12-03-2012,882,2.08%
13-03-2012,899,1.93%
14-03-2012,923,2.67%
15-03-2012,937,1.52%
16-03-2012,951,1.49%
19-03-2012,963,1.26%
20-03-2012,989,2.70%
21-03-2012,"1,007",1.82%
22-03-2012,"1,024",1.69%
23-03-2012,"1,035",1.07%
26-03-2012,"1,047",1.16%
27-03-2012,"1,055",0.76%
28-03-2012,"1,054",-0.09%
29-03-2012,"1,043",-1.04%
30-03-2012,"1,030",-1.25%
02-04-2012,"1,016",-1.36%
03-04-2012,990,-2.56%
04-04-2012,965,-2.53%
05-04-2012,949,-1.66%
10-04-2012,936,-1.37%
11-04-2012,925,-1.18%
13-04-2012,936,1.19%
16-04-2012,944,0.85%
17-04-2012,957,1.38%
18-04-2012,974,1.78%
19-04-2012,992,1.85%
20-04-2012,"1,020",2.82%
23-04-2012,"1,044",2.35%
24-04-2012,"1,067",2.20%
25-04-2012,"1,087",1.87%
26-04-2012,"1,097",0.92%
27-04-2012,"1,102",0.46%
30-04-2012,"1,101",-0.09%
01-05-2012,"1,098",-0.27%
02-05-2012,"1,099",0.09%
03-05-2012,"1,108",0.82%
04-05-2012,"1,118",0.90%
08-05-2012,"1,119",0.09%
09-05-2012,"1,115",-0.36%
10-05-2012,"1,116",0.09%
11-05-2012,"1,112",-0.36%
14-05-2012,"1,109",-0.27%
15-05-2012,"1,105",-0.36%
16-05-2012,"1,106",0.09%
17-05-2012,"1,104",-0.18%
18-05-2012,"1,108",0.36%
21-05-2012,"1,113",0.45%
22-05-2012,"1,117",0.36%
23-05-2012,"1,120",0.27%
24-05-2012,"1,124",0.36%
25-05-2012,"1,118",-0.53%
28-05-2012,"1,108",-0.89%
29-05-2012,"1,090",-1.62%
30-05-2012,"1,054",-3.30%
31-05-2012,"1,034",-1.90%
01-06-2012,"1,023",-1.06%
06-06-2012,"1,008",-1.47%
07-06-2012,"1,001",-0.69%
08-06-2012,"1,000",-0.10%
11-06-2012,"1,000",0.00%
12-06-2012,"1,007",0.70%
13-06-2012,"1,018",1.09%
14-06-2012,"1,038",1.96%
15-06-2012,"1,061",2.22%
18-06-2012,"1,084",2.17%
19-06-2012,"1,112",2.58%
20-06-2012,"1,146",3.06%
21-06-2012,"1,167",1.83%
22-06-2012,"1,179",1.03%
25-06-2012,"1,191",1.02%
26-06-2012,"1,207",1.34%
27-06-2012,"1,229",1.82%
29-06-2012,"1,257",2.28%
02-07-2012,"1,264",0.56%
03-07-2012,"1,269",0.40%
04-07-2012,"1,284",1.18%
05-07-2012,"1,293",0.70%
06-07-2012,"1,296",0.23%
09-07-2012,"1,299",0.23%
10-07-2012,"1,300",0.08%
11-07-2012,"1,299",-0.08%
12-07-2012,"1,294",-0.38%
13-07-2012,"1,287",-0.54%
16-07-2012,"1,277",-0.78%
17-07-2012,"1,261",-1.25%
19-07-2012,"1,212",-3.89%
20-07-2012,"1,192",-1.65%
23-07-2012,"1,173",-1.59%
24-07-2012,"1,156",-1.45%
25-07-2012,"1,133",-1.99%
26-07-2012,"1,099",-3.00%
27-07-2012,"1,069",-2.73%
30-07-2012,"1,047",-2.06%
31-07-2012,"1,032",-1.43%
01-08-2012,"1,023",-0.87%
02-08-2012,"1,010",-1.27%
03-08-2012,995,-1.49%
06-08-2012,982,-1.31%
07-08-2012,966,-1.63%
08-08-2012,946,-2.07%
09-08-2012,906,-4.23%
10-08-2012,886,-2.21%
13-08-2012,877,-1.02%
14-08-2012,865,-1.37%
15-08-2012,856,-1.04%
16-08-2012,847,-1.05%
17-08-2012,841,-0.71%
20-08-2012,838,-0.36%
21-08-2012,833,-0.60%
22-08-2012,833,0.00%
23-08-2012,845,1.44%
24-08-2012,853,0.95%
28-08-2012,857,0.47%
29-08-2012,858,0.12%
30-08-2012,855,-0.35%
31-08-2012,857,0.23%
03-09-2012,852,-0.58%
04-09-2012,849,-0.35%
05-09-2012,845,-0.47%
06-09-2012,837,-0.95%
07-09-2012,832,-0.60%
10-09-2012,827,-0.60%
11-09-2012,821,-0.73%
14-09-2012,834,1.58%
17-09-2012,839,0.60%
18-09-2012,843,0.48%
19-09-2012,845,0.24%
20-09-2012,850,0.59%
21-09-2012,847,-0.35%
24-09-2012,847,0.00%
25-09-2012,847,0.00%
26-09-2012,844,-0.35%
27-09-2012,836,-0.95%
28-09-2012,830,-0.72%
01-10-2012,825,-0.60%
02-10-2012,818,-0.85%
03-10-2012,810,-0.98%
04-10-2012,802,-0.99%
05-10-2012,795,-0.87%
08-10-2012,791,-0.50%
09-10-2012,789,-0.25%
10-10-2012,787,-0.25%
11-10-2012,783,-0.51%
12-10-2012,776,-0.89%
15-10-2012,768,-1.03%
16-10-2012,754,-1.82%
17-10-2012,746,-1.06%
18-10-2012,740,-0.80%
19-10-2012,732,-1.08%
22-10-2012,721,-1.50%
23-10-2012,716,-0.69%
24-10-2012,712,-0.56%
25-10-2012,706,-0.84%
26-10-2012,699,-0.99%
29-10-2012,693,-0.86%
30-10-2012,689,-0.58%
31-10-2012,678,-1.60%
01-11-2012,671,-1.03%
02-11-2012,669,-0.30%
05-11-2012,662,-1.05%
06-11-2012,654,-1.21%
07-11-2012,647,-1.07%
08-11-2012,644,-0.46%
09-11-2012,649,0.78%
12-11-2012,652,0.46%
13-11-2012,653,0.15%
14-11-2012,655,0.31%
15-11-2012,664,1.37%
16-11-2012,674,1.51%
19-11-2012,687,1.93%
20-11-2012,695,1.16%
21-11-2012,706,1.58%
22-11-2012,716,1.42%
23-11-2012,724,1.12%
26-11-2012,732,1.10%
27-11-2012,742,1.37%
30-11-2012,766,3.23%
03-12-2012,772,0.78%
04-12-2012,771,-0.13%
05-12-2012,768,-0.39%
06-12-2012,765,-0.39%
07-12-2012,760,-0.65%
10-12-2012,751,-1.18%
11-12-2012,751,0.00%
12-12-2012,748,-0.40%
13-12-2012,746,-0.27%
17-12-2012,742,-0.54%
18-12-2012,738,-0.54%
19-12-2012,738,0.00%
20-12-2012,735,-0.41%
24-12-2012,728,-0.95%
02-01-2013,737,1.24%
03-01-2013,739,0.27%
07-01-2013,739,0.00%
08-01-2013,740,0.14%
09-01-2013,741,0.14%
10-01-2013,743,0.27%
11-01-2013,745,0.27%
14-01-2013,743,-0.27%
15-01-2013,740,-0.40%
16-01-2013,738,-0.27%
17-01-2013,735,-0.41%
18-01-2013,730,-0.68%
21-01-2013,728,-0.27%
22-01-2013,721,-0.96%
23-01-2013,713,-1.11%
24-01-2013,712,-0.14%
25-01-2013,711,-0.14%
28-01-2013,710,-0.14%
29-01-2013,695,-2.11%
30-01-2013,688,-1.01%
31-01-2013,684,-0.58%
01-02-2013,682,-0.29%
04-02-2013,681,-0.15%
05-02-2013,677,-0.59%
06-02-2013,674,-0.44%
07-02-2013,671,-0.45%
08-02-2013,669,-0.30%
11-02-2013,666,-0.45%
13-02-2013,664,-0.30%
14-02-2013,667,0.45%
19-02-2013,687,3.00%
20-02-2013,695,1.16%
22-02-2013,717,3.17%
25-02-2013,724,0.98%
26-02-2013,734,1.38%
28-02-2013,764,4.09%
01-03-2013,781,2.23%
05-03-2013,818,4.74%
06-03-2013,837,2.32%
07-03-2013,852,1.79%
11-03-2013,876,2.82%
12-03-2013,889,1.48%
13-03-2013,903,1.57%
14-03-2013,913,1.11%
18-03-2013,937,2.63%
20-03-2013,959,2.35%
22-03-2013,978,1.98%
26-03-2013,977,-0.10%
27-03-2013,965,-1.23%
28-03-2013,944,-2.18%
02-04-2013,933,-1.17%
03-04-2013,924,-0.96%
04-04-2013,915,-0.97%
05-04-2013,912,-0.33%
09-04-2013,902,-1.10%
11-04-2013,901,-0.11%
12-04-2013,902,0.11%
16-04-2013,900,-0.22%
17-04-2013,899,-0.11%
19-04-2013,902,0.33%
22-04-2013,902,0.00%
23-04-2013,903,0.11%
24-04-2013,905,0.22%
26-04-2013,900,-0.55%
29-04-2013,895,-0.56%
02-05-2013,880,-1.68%
03-05-2013,876,-0.45%
07-05-2013,874,-0.23%
08-05-2013,872,-0.23%
09-05-2013,869,-0.34%
10-05-2013,866,-0.35%
13-05-2013,861,-0.58%
14-05-2013,857,-0.46%
15-05-2013,854,-0.35%
16-05-2013,853,-0.12%
17-05-2013,851,-0.23%
20-05-2013,852,0.12%
21-05-2013,851,-0.12%
22-05-2013,853,0.24%
23-05-2013,855,0.23%
24-05-2013,857,0.23%
28-05-2013,858,0.12%
29-05-2013,859,0.12%
30-05-2013,865,0.70%
31-05-2013,871,0.69%
03-06-2013,873,0.23%
05-06-2013,880,0.80%
06-06-2013,885,0.57%
07-06-2013,889,0.45%
10-06-2013,890,0.11%
11-06-2013,892,0.22%
12-06-2013,895,0.34%
14-06-2013,900,0.56%
17-06-2013,900,0.00%
18-06-2013,903,0.33%
19-06-2013,909,0.66%
20-06-2013,916,0.77%
21-06-2013,923,0.76%
25-06-2013,937,1.52%
26-06-2013,944,0.75%
27-06-2013,950,0.64%
28-06-2013,954,0.42%
01-07-2013,954,0.00%
03-07-2013,943,-1.15%
08-07-2013,920,-2.44%
09-07-2013,911,-0.98%
10-07-2013,904,-0.77%
11-07-2013,901,-0.33%
12-07-2013,897,-0.44%
15-07-2013,894,-0.33%
16-07-2013,895,0.11%
17-07-2013,894,-0.11%
18-07-2013,897,0.34%
19-07-2013,898,0.11%
22-07-2013,902,0.45%
23-07-2013,907,0.55%
24-07-2013,914,0.77%
25-07-2013,917,0.33%
26-07-2013,917,0.00%
29-07-2013,919,0.22%
30-07-2013,916,-0.33%
31-07-2013,912,-0.44%
01-08-2013,909,-0.33%
02-08-2013,908,-0.11%
05-08-2013,908,0.00%
06-08-2013,907,-0.11%
07-08-2013,911,0.44%
08-08-2013,913,0.22%
09-08-2013,911,-0.22%
12-08-2013,910,-0.11%
13-08-2013,909,-0.11%
15-08-2013,913,0.44%
16-08-2013,916,0.33%
19-08-2013,917,0.11%
21-08-2013,920,0.33%
22-08-2013,925,0.54%
23-08-2013,927,0.22%
27-08-2013,929,0.22%
29-08-2013,937,0.86%
30-08-2013,939,0.21%
02-09-2013,939,0.00%
04-09-2013,943,0.43%
05-09-2013,952,0.95%
06-09-2013,959,0.74%
09-09-2013,965,0.63%
10-09-2013,958,-0.73%
11-09-2013,954,-0.42%
12-09-2013,946,-0.84%
13-09-2013,940,-0.63%
16-09-2013,936,-0.43%
18-09-2013,942,0.64%
19-09-2013,951,0.96%
20-09-2013,964,1.37%
23-09-2013,971,0.73%
24-09-2013,986,1.54%
26-09-2013,"1,046",6.09%
27-09-2013,"1,069",2.20%
30-09-2013,"1,079",0.94%
01-10-2013,"1,087",0.74%
02-10-2013,"1,093",0.55%
03-10-2013,"1,101",0.73%
04-10-2013,"1,113",1.09%
07-10-2013,"1,127",1.26%
08-10-2013,"1,145",1.60%
09-10-2013,"1,162",1.48%
10-10-2013,"1,175",1.12%
11-10-2013,"1,182",0.60%
14-10-2013,"1,185",0.25%
15-10-2013,"1,186",0.08%
16-10-2013,"1,199",1.10%
17-10-2013,"1,206",0.58%
21-10-2013,"1,221",1.24%
22-10-2013,"1,228",0.57%
23-10-2013,"1,243",1.22%
24-10-2013,"1,252",0.72%
25-10-2013,"1,258",0.48%
28-10-2013,"1,260",0.16%
29-10-2013,"1,266",0.48%
30-10-2013,"1,268",0.16%
31-10-2013,"1,269",0.08%
01-11-2013,"1,273",0.32%
04-11-2013,"1,280",0.55%
05-11-2013,"1,285",0.39%
06-11-2013,"1,291",0.47%
07-11-2013,"1,305",1.08%
08-11-2013,"1,315",0.77%
11-11-2013,"1,320",0.38%
12-11-2013,"1,321",0.08%
13-11-2013,"1,325",0.30%
14-11-2013,"1,339",1.06%
18-11-2013,"1,360",1.57%
19-11-2013,"1,363",0.22%
20-11-2013,"1,371",0.59%
26-11-2013,"1,418",3.43%
27-11-2013,"1,441",1.62%
29-11-2013,"1,475",2.36%
03-12-2013,"1,507",2.17%
04-12-2013,"1,522",1.00%
05-12-2013,"1,531",0.59%
06-12-2013,"1,552",1.37%
09-12-2013,"1,557",0.32%
10-12-2013,"1,554",-0.19%
12-12-2013,"1,562",0.51%
13-12-2013,"1,553",-0.58%
16-12-2013,"1,546",-0.45%
18-12-2013,"1,517",-1.88%
19-12-2013,"1,499",-1.19%
20-12-2013,"1,482",-1.13%
23-12-2013,"1,468",-0.94%
24-12-2013,"1,453",-1.02%
03-01-2014,"1,276",-12.18%
06-01-2014,"1,239",-2.90%
07-01-2014,"1,204",-2.82%
08-01-2014,"1,191",-1.08%
09-01-2014,"1,188",-0.25%
10-01-2014,"1,190",0.17%
13-01-2014,"1,191",0.08%
15-01-2014,"1,182",-0.76%
16-01-2014,"1,175",-0.59%
17-01-2014,"1,165",-0.85%
21-01-2014,"1,141",-2.06%
22-01-2014,"1,130",-0.96%
24-01-2014,"1,112",-1.59%
29-01-2014,"1,056",-5.04%
30-01-2014,"1,018",-3.60%
31-01-2014,996,-2.16%
03-02-2014,975,-2.11%
04-02-2014,961,-1.44%
05-02-2014,948,-1.35%
06-02-2014,937,-1.16%
07-02-2014,929,-0.85%
11-02-2014,928,-0.11%
13-02-2014,965,3.99%
14-02-2014,998,3.42%
18-02-2014,"1,049",5.11%
19-02-2014,"1,068",1.81%
20-02-2014,"1,087",1.78%
21-02-2014,"1,098",1.01%
24-02-2014,"1,096",-0.18%
25-02-2014,"1,096",0.00%
26-02-2014,"1,097",0.09%
27-02-2014,"1,100",0.27%
28-02-2014,"1,103",0.27%
03-03-2014,"1,107",0.36%
04-03-2014,"1,115",0.72%
05-03-2014,"1,116",0.09%
07-03-2014,"1,131",1.34%
10-03-2014,"1,137",0.53%
11-03-2014,"1,149",1.06%
13-03-2014,"1,173",2.09%
14-03-2014,"1,183",0.85%
17-03-2014,"1,191",0.68%
18-03-2014,"1,198",0.59%
19-03-2014,"1,200",0.17%
21-03-2014,"1,209",0.75%
25-03-2014,"1,201",-0.66%
26-03-2014,"1,180",-1.75%
27-03-2014,"1,139",-3.47%
28-03-2014,"1,115",-2.11%
31-03-2014,"1,090",-2.24%
01-04-2014,"1,068",-2.02%
02-04-2014,"1,047",-1.97%
07-04-2014,982,-6.21%
08-04-2014,965,-1.73%
09-04-2014,949,-1.66%
10-04-2014,936,-1.37%
11-04-2014,927,-0.96%
15-04-2014,916,-1.19%
16-04-2014,909,-0.76%
17-04-2014,908,-0.11%
23-04-2014,911,0.33%
25-04-2014,912,0.11%
28-04-2014,916,0.44%
29-04-2014,922,0.66%
01-05-2014,915,-0.76%
02-05-2014,915,0.00%
05-05-2014,915,0.00%
06-05-2014,917,0.22%
07-05-2014,920,0.33%
08-05-2014,918,-0.22%
12-05-2014,905,-1.42%
13-05-2014,904,-0.11%
14-05-2014,904,0.00%
15-05-2014,901,-0.33%
16-05-2014,889,-1.33%
19-05-2014,896,0.79%
20-05-2014,891,-0.56%
21-05-2014,884,-0.79%
22-05-2014,872,-1.36%
23-05-2014,866,-0.69%
27-05-2014,855,-1.27%
28-05-2014,846,-1.05%
29-05-2014,839,-0.83%
30-05-2014,830,-1.07%
02-06-2014,829,-0.12%
03-06-2014,829,0.00%
04-06-2014,821,-0.97%
05-06-2014,811,-1.22%
06-06-2014,802,-1.11%
09-06-2014,797,-0.62%
10-06-2014,787,-1.25%
11-06-2014,774,-1.65%
12-06-2014,760,-1.81%
16-06-2014,740,-2.63%
17-06-2014,724,-2.16%
19-06-2014,708,-2.21%
20-06-2014,704,-0.56%
23-06-2014,701,-0.43%
26-06-2014,679,-3.14%
27-06-2014,678,-0.15%
30-06-2014,675,-0.44%
01-07-2014,676,0.15%
02-07-2014,677,0.15%
03-07-2014,680,0.44%
04-07-2014,682,0.29%
07-07-2014,686,0.59%
08-07-2014,687,0.15%
09-07-2014,684,-0.44%
10-07-2014,681,-0.44%
11-07-2014,679,-0.29%
14-07-2014,675,-0.59%
17-07-2014,660,-2.22%
18-07-2014,659,-0.15%
21-07-2014,659,0.00%
22-07-2014,661,0.30%
23-07-2014,661,0.00%
24-07-2014,666,0.76%
25-07-2014,679,1.95%
28-07-2014,684,0.74%
29-07-2014,688,0.58%
30-07-2014,704,2.33%
31-07-2014,716,1.70%
01-08-2014,728,1.68%
04-08-2014,740,1.65%
05-08-2014,753,1.76%
06-08-2014,767,1.86%
07-08-2014,785,2.35%
08-08-2014,804,2.42%
11-08-2014,819,1.87%
12-08-2014,829,1.22%
13-08-2014,845,1.93%
14-08-2014,861,1.89%
15-08-2014,877,1.86%
19-08-2014,902,2.85%
20-08-2014,912,1.11%
21-08-2014,925,1.43%
22-08-2014,937,1.30%
25-08-2014,937,0.00%
26-08-2014,944,0.75%
27-08-2014,952,0.85%
28-08-2014,963,1.16%
29-08-2014,970,0.73%
01-09-2014,977,0.72%
02-09-2014,983,0.61%
03-09-2014,988,0.51%
04-09-2014,993,0.51%
05-09-2014,997,0.40%
08-09-2014,995,-0.20%
09-09-2014,"1,001",0.60%
10-09-2014,"1,003",0.20%
11-09-2014,"1,000",-0.30%
12-09-2014,"1,006",0.60%
15-09-2014,"1,016",0.99%
16-09-2014,"1,028",1.18%
17-09-2014,"1,031",0.29%
18-09-2014,"1,030",-0.10%
19-09-2014,"1,029",-0.10%
22-09-2014,"1,032",0.29%
23-09-2014,"1,041",0.87%
24-09-2014,"1,045",0.38%
25-09-2014,"1,046",0.10%
26-09-2014,"1,053",0.67%
29-09-2014,"1,054",0.09%
30-09-2014,"1,051",-0.28%
01-10-2014,"1,045",-0.57%
02-10-2014,"1,033",-1.15%
03-10-2014,"1,028",-0.48%
06-10-2014,"1,017",-1.07%
07-10-2014,"1,007",-0.98%
08-10-2014,993,-1.39%
09-10-2014,980,-1.31%
10-10-2014,970,-1.02%
13-10-2014,959,-1.13%
14-10-2014,952,-0.73%
15-10-2014,944,-0.84%
16-10-2014,933,-1.17%
17-10-2014,923,-1.07%
20-10-2014,916,-0.76%
21-10-2014,911,-0.55%
22-10-2014,907,-0.44%
23-10-2014,906,-0.11%
24-10-2014,900,-0.66%
27-10-2014,899,-0.11%
28-10-2014,898,-0.11%
29-10-2014,896,-0.22%
30-10-2014,891,-0.56%
31-10-2014,892,0.11%
03-11-2014,889,-0.34%
04-11-2014,888,-0.11%
05-11-2014,888,0.00%
06-11-2014,886,-0.23%
07-11-2014,881,-0.56%
10-11-2014,879,-0.23%
11-11-2014,876,-0.34%
12-11-2014,873,-0.34%
13-11-2014,873,0.00%
14-11-2014,875,0.23%
17-11-2014,875,0.00%
18-11-2014,881,0.69%
19-11-2014,904,2.61%
20-11-2014,926,2.43%
21-11-2014,942,1.73%
24-11-2014,956,1.49%
25-11-2014,970,1.46%
26-11-2014,980,1.03%
27-11-2014,984,0.41%
28-11-2014,986,0.20%
01-12-2014,989,0.30%
02-12-2014,987,-0.20%
03-12-2014,984,-0.30%
04-12-2014,980,-0.41%
05-12-2014,971,-0.92%
08-12-2014,969,-0.21%
09-12-2014,966,-0.31%
10-12-2014,960,-0.62%
11-12-2014,953,-0.73%
12-12-2014,950,-0.31%
15-12-2014,947,-0.32%
16-12-2014,942,-0.53%
17-12-2014,932,-1.06%
18-12-2014,925,-0.75%
19-12-2014,917,-0.86%
22-12-2014,906,-1.20%
23-12-2014,897,-0.99%
24-12-2014,887,-1.11%
02-01-2015,884,-0.34%
05-01-2015,873,-1.24%
06-01-2015,861,-1.37%
07-01-2015,843,-2.09%
08-01-2015,820,-2.73%
09-01-2015,800,-2.44%
12-01-2015,778,-2.75%
13-01-2015,763,-1.93%
14-01-2015,752,-1.44%
15-01-2015,735,-2.26%
16-01-2015,716,-2.59%
19-01-2015,699,-2.37%
20-01-2015,684,-2.15%
21-01-2015,673,-1.61%
22-01-2015,659,-2.08%
23-01-2015,650,-1.37%
26-01-2015,642,-1.23%
27-01-2015,632,-1.56%
28-01-2015,618,-2.22%
29-01-2015,599,-3.07%
30-01-2015,585,-2.34%
02-02-2015,567,-3.08%
03-02-2015,556,-1.94%
04-02-2015,545,-1.98%
05-02-2015,538,-1.28%
06-02-2015,530,-1.49%
09-02-2015,523,-1.32%
10-02-2015,516,-1.34%
11-02-2015,508,-1.55%
12-02-2015,496,-2.36%
13-02-2015,486,-2.02%
16-02-2015,480,-1.23%
17-02-2015,480,0.00%
18-02-2015,478,-0.42%
19-02-2015,483,1.05%
20-02-2015,490,1.45%
23-02-2015,492,0.41%
24-02-2015,490,-0.41%
25-02-2015,496,1.22%
26-02-2015,506,2.02%
27-02-2015,515,1.78%
02-03-2015,528,2.52%
03-03-2015,541,2.46%
04-03-2015,550,1.66%
05-03-2015,560,1.82%
06-03-2015,566,1.07%
09-03-2015,573,1.24%
10-03-2015,580,1.22%
11-03-2015,589,1.55%
12-03-2015,596,1.19%
13-03-2015,606,1.68%
16-03-2015,611,0.83%
17-03-2015,616,0.82%
18-03-2015,623,1.14%
19-03-2015,627,0.64%
20-03-2015,635,1.28%
23-03-2015,640,0.79%
24-03-2015,645,0.78%
25-03-2015,648,0.47%
26-03-2015,648,0.00%
27-03-2015,647,-0.15%
30-03-2015,649,0.31%
31-03-2015,650,0.15%
01-04-2015,646,-0.62%
02-04-2015,636,-1.55%
07-04-2015,631,-0.79%
08-04-2015,624,-1.11%
09-04-2015,617,-1.12%
10-04-2015,613,-0.65%
13-04-2015,609,-0.65%
14-04-2015,608,-0.16%
15-04-2015,608,0.00%
16-04-2015,612,0.66%
17-04-2015,619,1.14%
20-04-2015,618,-0.16%
21-04-2015,619,0.16%
22-04-2015,620,0.16%
23-04-2015,621,0.16%
24-04-2015,624,0.48%
27-04-2015,626,0.32%
28-04-2015,628,0.32%
29-04-2015,627,-0.16%
30-04-2015,625,-0.32%
01-05-2015,621,-0.64%
05-05-2015,618,-0.48%
06-05-2015,618,0.00%
07-05-2015,618,0.00%
08-05-2015,618,0.00%
11-05-2015,617,-0.16%
12-05-2015,619,0.32%
13-05-2015,624,0.81%
14-05-2015,626,0.32%
15-05-2015,628,0.32%
18-05-2015,626,-0.32%
19-05-2015,625,-0.16%
20-05-2015,623,-0.32%
21-05-2015,624,0.16%
22-05-2015,627,0.48%
26-05-2015,631,0.64%
27-05-2015,635,0.63%
28-05-2015,642,1.10%
29-05-2015,647,0.78%
01-06-2015,652,0.77%
02-06-2015,653,0.15%
03-06-2015,654,0.15%
04-06-2015,654,0.00%
05-06-2015,656,0.31%
08-06-2015,655,-0.15%
09-06-2015,654,-0.15%
10-06-2015,661,1.07%
11-06-2015,669,1.21%
12-06-2015,678,1.35%
15-06-2015,685,1.03%
16-06-2015,695,1.46%
17-06-2015,706,1.58%
18-06-2015,715,1.27%
19-06-2015,721,0.84%
22-06-2015,722,0.14%
23-06-2015,721,-0.14%
24-06-2015,723,0.28%
25-06-2015,723,0.00%
26-06-2015,723,0.00%
29-06-2015,722,-0.14%
30-06-2015,715,-0.97%
01-07-2015,713,-0.28%
02-07-2015,712,-0.14%
06-07-2015,723,1.54%
08-07-2015,750,3.73%
09-07-2015,759,1.20%
10-07-2015,767,1.05%
13-07-2015,774,0.91%
14-07-2015,784,1.29%
15-07-2015,801,2.17%
16-07-2015,823,2.75%
17-07-2015,846,2.79%
20-07-2015,862,1.89%
21-07-2015,875,1.51%
22-07-2015,889,1.60%
23-07-2015,896,0.79%
24-07-2015,899,0.33%
27-07-2015,903,0.44%
28-07-2015,903,0.00%
29-07-2015,898,-0.55%
30-07-2015,892,-0.67%
31-07-2015,899,0.78%
03-08-2015,900,0.11%
04-08-2015,899,-0.11%
05-08-2015,901,0.22%
06-08-2015,904,0.33%
07-08-2015,904,0.00%
10-08-2015,901,-0.33%
11-08-2015,900,-0.11%
12-08-2015,899,-0.11%
13-08-2015,901,0.22%
14-08-2015,905,0.44%
17-08-2015,908,0.33%
18-08-2015,915,0.77%
19-08-2015,920,0.55%
20-08-2015,924,0.43%
21-08-2015,930,0.65%
24-08-2015,933,0.32%
25-08-2015,934,0.11%
26-08-2015,933,-0.11%
27-08-2015,931,-0.21%
28-08-2015,925,-0.64%
01-09-2015,912,-1.41%
02-09-2015,896,-1.75%
03-09-2015,882,-1.56%
04-09-2015,870,-1.36%
07-09-2015,857,-1.49%
08-09-2015,848,-1.05%
09-09-2015,838,-1.18%
10-09-2015,824,-1.67%
14-09-2015,799,-3.03%
15-09-2015,789,-1.25%
16-09-2015,783,-0.76%
17-09-2015,772,-1.40%
18-09-2015,762,-1.30%
21-09-2015,757,-0.66%
22-09-2015,749,-1.06%
29-09-2015,713,-4.81%
30-09-2015,703,-1.40%
01-10-2015,695,-1.14%
02-10-2015,691,-0.58%
05-10-2015,688,-0.43%
06-10-2015,681,-1.02%
07-10-2015,676,-0.73%
08-10-2015,672,-0.59%
09-10-2015,669,-0.45%
12-10-2015,666,-0.45%
13-10-2015,664,-0.30%
14-10-2015,662,-0.30%
15-10-2015,661,-0.15%
16-10-2015,658,-0.45%
19-10-2015,656,-0.30%
21-10-2015,652,-0.61%
22-10-2015,649,-0.46%
23-10-2015,648,-0.15%
26-10-2015,646,-0.31%
28-10-2015,643,-0.46%
29-10-2015,633,-1.56%
30-10-2015,629,-0.63%
02-11-2015,620,-1.43%
03-11-2015,609,-1.77%
04-11-2015,596,-2.13%
05-11-2015,584,-2.01%
06-11-2015,571,-2.23%
09-11-2015,562,-1.58%
10-11-2015,554,-1.42%
11-11-2015,543,-1.99%
12-11-2015,533,-1.84%
13-11-2015,523,-1.88%
16-11-2015,516,-1.34%
17-11-2015,504,-2.33%
18-11-2015,491,-2.58%
19-11-2015,479,-2.44%
20-11-2015,472,-1.46%
23-11-2015,469,-0.64%
24-11-2015,467,-0.43%
25-11-2015,467,0.00%
26-11-2015,467,0.00%
27-11-2015,467,0.00%
30-11-2015,469,0.43%
01-12-2015,471,0.43%
02-12-2015,472,0.21%
03-12-2015,470,-0.42%
04-12-2015,469,-0.21%
07-12-2015,465,-0.85%
08-12-2015,461,-0.86%
09-12-2015,460,-0.22%
10-12-2015,455,-1.09%
11-12-2015,451,-0.88%
14-12-2015,450,-0.22%
15-12-2015,449,-0.22%
16-12-2015,448,-0.22%
17-12-2015,448,0.00%
18-12-2015,449,0.22%
21-12-2015,449,0.00%
22-12-2015,449,0.00%
23-12-2015,450,0.22%
24-12-2015,450,0.00%
04-01-2016,449,-0.22%
05-01-2016,445,-0.89%
06-01-2016,442,-0.67%
07-01-2016,436,-1.36%
08-01-2016,430,-1.38%
11-01-2016,422,-1.86%
12-01-2016,416,-1.42%
13-01-2016,412,-0.96%
14-01-2016,402,-2.43%
15-01-2016,394,-1.99%
19-01-2016,381,-3.30%
20-01-2016,372,-2.36%
21-01-2016,366,-1.61%
22-01-2016,358,-2.19%
25-01-2016,350,-2.23%
26-01-2016,338,-3.43%
27-01-2016,327,-3.25%
28-01-2016,316,-3.36%
29-01-2016,304,-3.80%
01-02-2016,299,-1.64%
02-02-2016,289,-3.34%
03-02-2016,280,-3.11%
04-02-2016,271,-3.21%
05-02-2016,262,-3.32%
08-02-2016,255,-2.67%
09-02-2016,250,-1.96%
10-02-2016,247,-1.20%
11-02-2016,244,-1.21%
12-02-2016,243,-0.41%
15-02-2016,247,1.65%
16-02-2016,252,2.02%
17-02-2016,259,2.78%
18-02-2016,270,4.25%
19-02-2016,286,5.93%
22-02-2016,298,4.20%
23-02-2016,310,4.03%
03-03-2016,363,17.10%
04-03-2016,371,2.20%
07-03-2016,377,1.62%
08-03-2016,386,2.39%
09-03-2016,399,3.37%
10-03-2016,412,3.26%
11-03-2016,420,1.94%
14-03-2016,427,1.67%
15-03-2016,432,1.17%
16-03-2016,439,1.62%
17-03-2016,445,1.37%
18-03-2016,449,0.90%
21-03-2016,460,2.45%
22-03-2016,464,0.87%
24-03-2016,473,1.94%
29-03-2016,474,0.21%
30-03-2016,475,0.21%
31-03-2016,476,0.21%
01-04-2016,476,0.00%
04-04-2016,479,0.63%
05-04-2016,479,0.00%
06-04-2016,482,0.63%
07-04-2016,485,0.62%
08-04-2016,488,0.62%
11-04-2016,492,0.82%
12-04-2016,498,1.22%
13-04-2016,506,1.61%
14-04-2016,514,1.58%
15-04-2016,525,2.14%
18-04-2016,529,0.76%
19-04-2016,534,0.95%
20-04-2016,543,1.69%
21-04-2016,551,1.47%
22-04-2016,558,1.27%
25-04-2016,562,0.72%
26-04-2016,564,0.36%
29-04-2016,582,3.19%
04-05-2016,583,0.17%
05-05-2016,582,-0.17%
06-05-2016,578,-0.69%
09-05-2016,575,-0.52%
10-05-2016,567,-1.39%
11-05-2016,560,-1.23%
12-05-2016,555,-0.89%
13-05-2016,553,-0.36%
16-05-2016,552,-0.18%
17-05-2016,552,0.00%
18-05-2016,553,0.18%
19-05-2016,558,0.90%
20-05-2016,562,0.72%
23-05-2016,565,0.53%
24-05-2016,568,0.53%
25-05-2016,571,0.53%
26-05-2016,575,0.70%
27-05-2016,579,0.70%
31-05-2016,580,0.17%
01-06-2016,578,-0.34%
02-06-2016,575,-0.52%
03-06-2016,574,-0.17%
06-06-2016,570,-0.70%
07-06-2016,567,-0.53%
08-06-2016,564,-0.53%
09-06-2016,560,-0.71%
10-06-2016,557,-0.54%
13-06-2016,554,-0.54%
14-06-2016,552,-0.36%
15-06-2016,552,0.00%
16-06-2016,554,0.36%
17-06-2016,555,0.18%
20-06-2016,559,0.72%
21-06-2016,563,0.72%
22-06-2016,570,1.24%
23-06-2016,577,1.23%
24-06-2016,583,1.04%
27-06-2016,587,0.69%
28-06-2016,593,1.02%
29-06-2016,606,2.19%
30-06-2016,619,2.15%
01-07-2016,627,1.29%
04-07-2016,633,0.96%
05-07-2016,637,0.63%
06-07-2016,639,0.31%
07-07-2016,644,0.78%
08-07-2016,647,0.47%
14-07-2016,686,6.03%
15-07-2016,693,1.02%
18-07-2016,697,0.58%
19-07-2016,700,0.43%
20-07-2016,702,0.29%
21-07-2016,701,-0.14%
22-07-2016,698,-0.43%
25-07-2016,697,-0.14%
26-07-2016,690,-1.00%
27-07-2016,684,-0.87%
28-07-2016,676,-1.17%
29-07-2016,671,-0.74%
01-08-2016,667,-0.60%
02-08-2016,663,-0.60%
03-08-2016,660,-0.45%
04-08-2016,654,-0.91%
05-08-2016,647,-1.07%
08-08-2016,645,-0.31%
09-08-2016,642,-0.47%
10-08-2016,639,-0.47%
11-08-2016,640,0.16%
12-08-2016,643,0.47%
15-08-2016,643,0.00%
16-08-2016,652,1.40%
17-08-2016,666,2.15%
18-08-2016,677,1.65%
19-08-2016,686,1.33%
22-08-2016,694,1.17%
23-08-2016,702,1.15%
24-08-2016,706,0.57%
25-08-2016,712,0.85%
26-08-2016,715,0.42%
30-08-2016,719,0.56%
31-08-2016,721,0.28%
01-09-2016,723,0.28%
02-09-2016,721,-0.28%
06-09-2016,714,-0.97%
07-09-2016,702,-1.68%
08-09-2016,694,-1.14%
09-09-2016,688,-0.86%
12-09-2016,681,-1.02%
13-09-2016,671,-1.47%
14-09-2016,665,-0.89%
15-09-2016,661,-0.60%
16-09-2016,660,-0.15%
19-09-2016,661,0.15%
20-09-2016,660,-0.15%
21-09-2016,662,0.30%
22-09-2016,668,0.91%
23-09-2016,671,0.45%
26-09-2016,673,0.30%
27-09-2016,674,0.15%
28-09-2016,676,0.30%
29-09-2016,676,0.00%
30-09-2016,679,0.44%
03-10-2016,681,0.29%
04-10-2016,681,0.00%
05-10-2016,680,-0.15%
06-10-2016,678,-0.29%
07-10-2016,677,-0.15%
10-10-2016,677,0.00%
11-10-2016,676,-0.15%
12-10-2016,674,-0.30%
14-10-2016,674,0.00%
17-10-2016,676,0.30%
18-10-2016,678,0.30%
19-10-2016,682,0.59%
20-10-2016,691,1.32%
24-10-2016,705,2.03%
25-10-2016,710,0.71%
26-10-2016,714,0.56%
31-10-2016,722,1.12%
01-11-2016,721,-0.14%
02-11-2016,718,-0.42%
03-11-2016,718,0.00%
04-11-2016,716,-0.28%
07-11-2016,712,-0.56%
08-11-2016,708,-0.56%
09-11-2016,703,-0.71%
10-11-2016,703,0.00%
11-11-2016,705,0.28%
14-11-2016,707,0.28%
15-11-2016,713,0.85%
16-11-2016,722,1.26%
17-11-2016,748,3.60%
18-11-2016,809,8.16%
21-11-2016,835,3.21%
22-11-2016,852,2.04%
23-11-2016,874,2.58%
24-11-2016,897,2.63%
25-11-2016,908,1.23%
28-11-2016,904,-0.44%
29-11-2016,908,0.44%
30-11-2016,912,0.44%
01-12-2016,917,0.55%
02-12-2016,921,0.44%
05-12-2016,929,0.87%
06-12-2016,934,0.54%
07-12-2016,941,0.75%
08-12-2016,957,1.70%
09-12-2016,966,0.94%
12-12-2016,968,0.21%
13-12-2016,972,0.41%
14-12-2016,975,0.31%
15-12-2016,968,-0.72%
16-12-2016,960,-0.83%
19-12-2016,953,-0.73%
20-12-2016,941,-1.26%
21-12-2016,926,-1.59%
22-12-2016,914,-1.30%
23-12-2016,903,-1.20%
03-01-2017,843,-6.64%
04-01-2017,820,-2.73%
05-01-2017,795,-3.05%
06-01-2017,783,-1.51%
09-01-2017,772,-1.40%
10-01-2017,766,-0.78%
11-01-2017,758,-1.04%
12-01-2017,748,-1.32%
13-01-2017,739,-1.20%
16-01-2017,733,-0.81%
17-01-2017,730,-0.41%
18-01-2017,725,-0.68%
19-01-2017,722,-0.41%
20-01-2017,718,-0.55%
23-01-2017,714,-0.56%
24-01-2017,708,-0.84%
25-01-2017,702,-0.85%
26-01-2017,696,-0.85%
27-01-2017,692,-0.57%
30-01-2017,688,-0.58%
31-01-2017,679,-1.31%
01-02-2017,674,-0.74%
02-02-2017,670,-0.59%
03-02-2017,667,-0.45%
06-02-2017,665,-0.30%
07-02-2017,663,-0.30%
08-02-2017,665,0.30%
09-02-2017,668,0.45%
10-02-2017,672,0.60%
13-02-2017,676,0.60%
14-02-2017,681,0.74%
15-02-2017,689,1.17%
16-02-2017,707,2.61%
17-02-2017,729,3.11%
20-02-2017,747,2.47%
21-02-2017,764,2.28%
22-02-2017,783,2.49%
23-02-2017,797,1.79%
24-02-2017,809,1.51%
27-02-2017,817,0.99%
03-03-2017,846,3.55%
06-03-2017,852,0.71%
07-03-2017,861,1.06%
08-03-2017,868,0.81%
09-03-2017,872,0.46%
10-03-2017,874,0.23%
13-03-2017,875,0.11%
14-03-2017,877,0.23%
15-03-2017,877,0.00%
16-03-2017,877,0.00%
22-03-2017,888,1.25%
23-03-2017,892,0.45%
24-03-2017,896,0.45%
27-03-2017,895,-0.11%
28-03-2017,893,-0.22%
29-03-2017,885,-0.90%
30-03-2017,882,-0.34%
31-03-2017,881,-0.11%
03-04-2017,882,0.11%
04-04-2017,881,-0.11%
05-04-2017,880,-0.11%
06-04-2017,882,0.23%
07-04-2017,886,0.45%
10-04-2017,888,0.23%
11-04-2017,891,0.34%
12-04-2017,893,0.22%
13-04-2017,899,0.67%
17-04-2017,899,0.00%
18-04-2017,898,-0.11%
19-04-2017,900,0.22%
20-04-2017,899,-0.11%
21-04-2017,895,-0.44%
24-04-2017,892,-0.34%
25-04-2017,887,-0.56%
26-04-2017,881,-0.68%
27-04-2017,870,-1.25%
28-04-2017,861,-1.03%
02-05-2017,849,-1.39%
03-05-2017,835,-1.65%
04-05-2017,822,-1.56%
05-05-2017,811,-1.34%
08-05-2017,799,-1.48%
09-05-2017,794,-0.63%
10-05-2017,790,-0.50%
11-05-2017,787,-0.38%
12-05-2017,784,-0.38%
15-05-2017,782,-0.26%
16-05-2017,778,-0.51%
17-05-2017,771,-0.90%
18-05-2017,764,-0.91%
19-05-2017,759,-0.65%
22-05-2017,753,-0.79%
23-05-2017,746,-0.93%
24-05-2017,737,-1.21%
25-05-2017,728,-1.22%
26-05-2017,721,-0.96%
30-05-2017,712,-1.25%
31-05-2017,698,-1.97%
01-06-2017,685,-1.86%
02-06-2017,674,-1.61%
05-06-2017,666,-1.19%
06-06-2017,658,-1.20%
07-06-2017,652,-0.91%
08-06-2017,649,-0.46%
09-06-2017,654,0.77%
12-06-2017,658,0.61%
13-06-2017,665,1.06%
14-06-2017,679,2.11%
15-06-2017,690,1.62%
16-06-2017,701,1.59%
19-06-2017,708,1.00%
20-06-2017,717,1.27%
21-06-2017,724,0.98%
22-06-2017,734,1.38%
23-06-2017,744,1.36%
26-06-2017,750,0.81%
27-06-2017,757,0.93%
28-06-2017,761,0.53%
29-06-2017,758,-0.39%
30-06-2017,754,-0.53%
05-07-2017,742,-1.59%
06-07-2017,735,-0.94%
07-07-2017,732,-0.41%
10-07-2017,729,-0.41%
11-07-2017,733,0.55%
12-07-2017,744,1.50%
13-07-2017,758,1.88%
14-07-2017,769,1.45%
17-07-2017,776,0.91%
18-07-2017,786,1.29%
19-07-2017,798,1.53%
20-07-2017,"1,260",57.89%
21-07-2017,812,-35.56%
24-07-2017,814,0.25%
25-07-2017,813,-0.12%
26-07-2017,807,-0.74%
27-07-2017,798,-1.12%
28-07-2017,789,-1.13%
31-07-2017,783,-0.76%
01-08-2017,779,-0.51%
02-08-2017,772,-0.90%
03-08-2017,767,-0.65%
04-08-2017,764,-0.39%
07-08-2017,762,-0.26%
08-08-2017,759,-0.39%
09-08-2017,756,-0.40%
10-08-2017,756,0.00%
11-08-2017,759,0.40%
14-08-2017,760,0.13%
15-08-2017,765,0.66%
16-08-2017,776,1.44%
17-08-2017,791,1.93%
18-08-2017,806,1.90%
21-08-2017,817,1.36%
22-08-2017,824,0.86%
23-08-2017,833,1.09%
24-08-2017,840,0.84%
25-08-2017,845,0.60%
29-08-2017,848,0.36%
30-08-2017,851,0.35%
31-08-2017,853,0.24%
01-09-2017,856,0.35%
05-09-2017,863,0.82%
06-09-2017,868,0.58%
07-09-2017,875,0.81%
08-09-2017,888,1.49%
11-09-2017,898,1.13%
12-09-2017,908,1.11%
13-09-2017,923,1.65%
14-09-2017,950,2.93%
15-09-2017,977,2.84%
18-09-2017,997,2.05%
19-09-2017,"1,017",2.01%
20-09-2017,"1,033",1.57%
21-09-2017,"1,050",1.65%
22-09-2017,"1,061",1.05%
25-09-2017,"1,068",0.66%
26-09-2017,"1,065",-0.28%
27-09-2017,"1,054",-1.03%
28-09-2017,"1,041",-1.23%
29-09-2017,"1,021",-1.92%
02-10-2017,"1,006",-1.47%
03-10-2017,984,-2.19%
04-10-2017,968,-1.63%
05-10-2017,965,-0.31%
06-10-2017,971,0.62%
09-10-2017,978,0.72%
10-10-2017,996,1.84%
11-10-2017,"1,020",2.41%
12-10-2017,"1,050",2.94%
13-10-2017,"1,069",1.81%
16-10-2017,"1,082",1.22%
17-10-2017,"1,094",1.11%
18-10-2017,"1,105",1.01%
19-10-2017,"1,116",1.00%
20-10-2017,"1,126",0.90%
23-10-2017,"1,128",0.18%
24-10-2017,"1,130",0.18%
25-10-2017,"1,129",-0.09%
26-10-2017,"1,117",-1.06%
27-10-2017,"1,100",-1.52%
30-10-2017,"1,081",-1.73%
31-10-2017,"1,060",-1.94%
01-11-2017,"1,043",-1.60%
02-11-2017,"1,027",-1.53%
03-11-2017,"1,014",-1.27%
06-11-2017,"1,001",-1.28%
07-11-2017,988,-1.30%
08-11-2017,961,-2.73%
09-11-2017,936,-2.60%
10-11-2017,912,-2.56%
13-11-2017,888,-2.63%
14-11-2017,872,-1.80%
15-11-2017,858,-1.61%
16-11-2017,849,-1.05%
17-11-2017,845,-0.47%
20-11-2017,850,0.59%
21-11-2017,856,0.71%
22-11-2017,875,2.22%
24-11-2017,914,4.46%
27-11-2017,923,0.98%
28-11-2017,929,0.65%
29-11-2017,936,0.75%
30-11-2017,941,0.53%
01-12-2017,944,0.32%
04-12-2017,944,0.00%
05-12-2017,944,0.00%
06-12-2017,945,0.11%
07-12-2017,944,-0.11%
08-12-2017,943,-0.11%
11-12-2017,939,-0.42%
12-12-2017,942,0.32%
13-12-2017,943,0.11%
14-12-2017,944,0.11%
15-12-2017,942,-0.21%
18-12-2017,943,0.11%
19-12-2017,938,-0.53%
20-12-2017,933,-0.53%
21-12-2017,925,-0.86%
22-12-2017,914,-1.19%
02-01-2018,901,-1.42%
03-01-2018,894,-0.78%
04-01-2018,884,-1.12%
05-01-2018,884,0.00%
08-01-2018,886,0.23%
09-01-2018,889,0.34%
10-01-2018,898,1.01%
11-01-2018,902,0.45%
12-01-2018,907,0.55%
15-01-2018,908,0.11%
16-01-2018,910,0.22%
17-01-2018,910,0.00%
18-01-2018,910,0.00%
19-01-2018,911,0.11%
22-01-2018,913,0.22%
23-01-2018,911,-0.22%
24-01-2018,908,-0.33%
25-01-2018,904,-0.44%
26-01-2018,900,-0.44%
29-01-2018,895,-0.56%
30-01-2018,889,-0.67%
31-01-2018,884,-0.56%
01-02-2018,877,-0.79%
02-02-2018,872,-0.57%
05-02-2018,865,-0.80%
06-02-2018,857,-0.92%
07-02-2018,844,-1.52%
08-02-2018,833,-1.30%
09-02-2018,825,-0.96%
12-02-2018,819,-0.73%
13-02-2018,817,-0.24%
14-02-2018,823,0.73%
15-02-2018,832,1.09%
16-02-2018,837,0.60%
19-02-2018,840,0.36%
20-02-2018,847,0.83%
21-02-2018,856,1.06%
22-02-2018,871,1.75%
23-02-2018,892,2.41%
26-02-2018,919,3.03%
27-02-2018,948,3.16%
28-02-2018,973,2.64%
01-03-2018,992,1.95%
02-03-2018,"1,004",1.21%
05-03-2018,"1,006",0.20%
06-03-2018,"1,013",0.70%
07-03-2018,"1,020",0.69%
08-03-2018,"1,026",0.59%
09-03-2018,"1,032",0.58%
12-03-2018,"1,040",0.78%
13-03-2018,"1,049",0.87%
14-03-2018,"1,061",1.14%
15-03-2018,"1,077",1.51%
16-03-2018,"1,091",1.30%
19-03-2018,"1,099",0.73%
20-03-2018,"1,109",0.91%
21-03-2018,"1,117",0.72%
22-03-2018,"1,122",0.45%
23-03-2018,"1,121",-0.09%
26-03-2018,"1,116",-0.45%
27-03-2018,"1,106",-0.90%
28-03-2018,"1,093",-1.18%
29-03-2018,"1,080",-1.19%
03-04-2018,"1,067",-1.20%
04-04-2018,"1,056",-1.03%
05-04-2018,"1,042",-1.33%
06-04-2018,"1,032",-0.96%
09-04-2018,"1,024",-0.78%
10-04-2018,"1,016",-0.78%
11-04-2018,"1,014",-0.20%
12-04-2018,"1,014",0.00%
13-04-2018,"1,013",-0.10%
16-04-2018,"1,016",0.30%
17-04-2018,"1,018",0.20%
18-04-2018,"1,022",0.39%
19-04-2018,"1,022",0.00%
20-04-2018,"1,025",0.29%
23-04-2018,"1,027",0.20%
24-04-2018,"1,030",0.29%
25-04-2018,"1,037",0.68%
26-04-2018,"1,040",0.29%
27-04-2018,"1,042",0.19%
30-04-2018,"1,045",0.29%
02-05-2018,"1,043",-0.19%
03-05-2018,"1,047",0.38%
04-05-2018,"1,050",0.29%
08-05-2018,"1,051",0.10%
09-05-2018,"1,048",-0.29%
10-05-2018,"1,052",0.38%
11-05-2018,"1,053",0.10%
14-05-2018,"1,055",0.19%
15-05-2018,"1,053",-0.19%
16-05-2018,"1,056",0.28%
17-05-2018,"1,064",0.76%
18-05-2018,"1,069",0.47%
21-05-2018,"1,071",0.19%
22-05-2018,"1,074",0.28%
23-05-2018,"1,074",0.00%
24-05-2018,"1,074",0.00%
25-05-2018,"1,071",-0.28%
29-05-2018,"1,068",-0.28%
30-05-2018,"1,064",-0.37%
31-05-2018,"1,063",-0.09%
01-06-2018,"1,061",-0.19%
04-06-2018,"1,061",0.00%
05-06-2018,"1,065",0.38%
06-06-2018,"1,065",0.00%
07-06-2018,"1,072",0.66%
08-06-2018,"1,075",0.28%
11-06-2018,"1,078",0.28%
12-06-2018,"1,084",0.56%
13-06-2018,"1,088",0.37%
14-06-2018,"1,089",0.09%
15-06-2018,"1,091",0.18%
18-06-2018,"1,092",0.09%
19-06-2018,"1,093",0.09%
20-06-2018,"1,094",0.09%
21-06-2018,"1,094",0.00%
22-06-2018,"1,092",-0.18%
25-06-2018,"1,085",-0.64%
26-06-2018,"1,078",-0.65%
27-06-2018,"1,067",-1.02%
28-06-2018,"1,055",-1.12%
29-06-2018,"1,042",-1.23%
02-07-2018,"1,034",-0.77%
03-07-2018,"1,025",-0.87%
04-07-2018,"1,017",-0.78%
05-07-2018,"1,005",-1.18%
06-07-2018,999,-0.60%
09-07-2018,997,-0.20%
10-07-2018,994,-0.30%
11-07-2018,992,-0.20%
12-07-2018,994,0.20%
13-07-2018,995,0.10%
16-07-2018,998,0.30%
17-07-2018,"1,003",0.50%
18-07-2018,"1,008",0.50%
19-07-2018,"1,016",0.79%
20-07-2018,"1,023",0.69%
23-07-2018,"1,028",0.49%
24-07-2018,"1,030",0.19%
25-07-2018,"1,033",0.29%
26-07-2018,"1,034",0.10%
27-07-2018,"1,035",0.10%
30-07-2018,"1,035",0.00%
31-07-2018,"1,035",0.00%
01-08-2018,"1,036",0.10%
02-08-2018,"1,032",-0.39%
03-08-2018,"1,030",-0.19%
06-08-2018,"1,030",0.00%
07-08-2018,"1,032",0.19%
08-08-2018,"1,035",0.29%
09-08-2018,"1,036",0.10%
10-08-2018,"1,039",0.29%
13-08-2018,"1,040",0.10%
14-08-2018,"1,042",0.19%
15-08-2018,"1,045",0.29%
16-08-2018,"1,050",0.48%
17-08-2018,"1,056",0.57%
20-08-2018,"1,062",0.57%
21-08-2018,"1,069",0.66%
22-08-2018,"1,078",0.84%
23-08-2018,"1,087",0.83%
24-08-2018,"1,095",0.74%
28-08-2018,"1,110",1.37%
29-08-2018,"1,121",0.99%
30-08-2018,"1,128",0.62%
31-08-2018,"1,132",0.35%
03-09-2018,"1,133",0.09%
04-09-2018,"1,135",0.18%
05-09-2018,"1,135",0.00%
06-09-2018,"1,135",0.00%
07-09-2018,"1,134",-0.09%
10-09-2018,"1,136",0.18%
11-09-2018,"1,135",-0.09%
12-09-2018,"1,134",-0.09%
13-09-2018,"1,132",-0.18%
14-09-2018,"1,134",0.18%
17-09-2018,"1,138",0.35%
18-09-2018,"1,151",1.14%
19-09-2018,"1,159",0.70%
20-09-2018,"1,169",0.86%
21-09-2018,"1,175",0.51%
24-09-2018,"1,185",0.85%
25-09-2018,"1,190",0.42%
26-09-2018,"1,194",0.34%
27-09-2018,"1,195",0.08%
28-09-2018,"1,194",-0.08%
01-10-2018,"1,193",-0.08%
02-10-2018,"1,189",-0.34%
03-10-2018,"1,190",0.08%
04-10-2018,"1,192",0.17%
05-10-2018,"1,197",0.42%
08-10-2018,"1,201",0.33%
09-10-2018,"1,203",0.17%
10-10-2018,"1,205",0.17%
11-10-2018,"1,207",0.17%
12-10-2018,"1,204",-0.25%
15-10-2018,"1,200",-0.33%
16-10-2018,"1,196",-0.33%
17-10-2018,"1,192",-0.33%
18-10-2018,"1,181",-0.92%
19-10-2018,"1,170",-0.93%
22-10-2018,"1,163",-0.60%
23-10-2018,"1,156",-0.60%
24-10-2018,"1,144",-1.04%
25-10-2018,"1,132",-1.05%
26-10-2018,"1,117",-1.33%
29-10-2018,"1,106",-0.98%
30-10-2018,"1,087",-1.72%
31-10-2018,"1,073",-1.29%
01-11-2018,"1,061",-1.12%
02-11-2018,"1,051",-0.94%
05-11-2018,"1,041",-0.95%
06-11-2018,"1,033",-0.77%
07-11-2018,"1,021",-1.16%
08-11-2018,"1,013",-0.78%
09-11-2018,"1,003",-0.99%
12-11-2018,994,-0.90%
13-11-2018,986,-0.80%
14-11-2018,982,-0.41%
15-11-2018,970,-1.22%
16-11-2018,969,-0.10%
19-11-2018,964,-0.52%
20-11-2018,963,-0.10%
21-11-2018,959,-0.42%
22-11-2018,956,-0.31%
23-11-2018,952,-0.42%
26-11-2018,947,-0.53%
27-11-2018,943,-0.42%
28-11-2018,942,-0.11%
29-11-2018,945,0.32%
30-11-2018,944,-0.11%
03-12-2018,945,0.11%
04-12-2018,949,0.42%
05-12-2018,950,0.11%
06-12-2018,951,0.11%
07-12-2018,953,0.21%
10-12-2018,955,0.21%
11-12-2018,958,0.31%
12-12-2018,963,0.52%
13-12-2018,968,0.52%
14-12-2018,974,0.62%
17-12-2018,978,0.41%
18-12-2018,977,-0.10%
19-12-2018,979,0.20%
20-12-2018,979,0.00%
21-12-2018,977,-0.20%
24-12-2018,975,-0.20%
02-01-2019,967,-0.82%
03-01-2019,958,-0.93%
04-01-2019,946,-1.25%
07-01-2019,933,-1.37%
08-01-2019,918,-1.61%
09-01-2019,893,-2.72%
10-01-2019,870,-2.58%
11-01-2019,842,-3.22%
14-01-2019,814,-3.33%
15-01-2019,785,-3.56%
16-01-2019,755,-3.82%
17-01-2019,729,-3.44%
18-01-2019,701,-3.84%
21-01-2019,680,-3.00%
22-01-2019,660,-2.94%
23-01-2019,638,-3.33%
24-01-2019,607,-4.86%
25-01-2019,576,-5.11%
28-01-2019,552,-4.17%
29-01-2019,526,-4.71%
30-01-2019,498,-5.32%
31-01-2019,472,-5.22%
01-02-2019,450,-4.66%
04-02-2019,438,-2.67%
05-02-2019,423,-3.42%
06-02-2019,415,-1.89%
07-02-2019,414,-0.24%
08-02-2019,415,0.24%
11-02-2019,429,3.37%
12-02-2019,454,5.83%
13-02-2019,478,5.29%
14-02-2019,526,10.04%
15-02-2019,560,6.46%
18-02-2019,594,6.07%
19-02-2019,625,5.22%
20-02-2019,649,3.84%
21-02-2019,686,5.70%
22-02-2019,707,3.06%
25-02-2019,721,1.98%
26-02-2019,729,1.11%
27-02-2019,738,1.23%
28-02-2019,749,1.49%
01-03-2019,759,1.34%
04-03-2019,767,1.05%
05-03-2019,776,1.17%
06-03-2019,783,0.90%
07-03-2019,790,0.89%
08-03-2019,790,0.00%
11-03-2019,790,0.00%
12-03-2019,789,-0.13%
13-03-2019,789,0.00%
14-03-2019,786,-0.38%
15-03-2019,786,0.00%
18-03-2019,787,0.13%
19-03-2019,789,0.25%
20-03-2019,796,0.89%
21-03-2019,813,2.14%
22-03-2019,826,1.60%
25-03-2019,830,0.48%
26-03-2019,833,0.36%
27-03-2019,831,-0.24%
28-03-2019,823,-0.96%
29-03-2019,813,-1.22%
01-04-2019,807,-0.74%
02-04-2019,795,-1.49%
03-04-2019,775,-2.52%
04-04-2019,757,-2.32%
05-04-2019,742,-1.98%
08-04-2019,733,-1.21%
09-04-2019,726,-0.95%
10-04-2019,718,-1.10%
11-04-2019,715,-0.42%
12-04-2019,711,-0.56%
15-04-2019,714,0.42%
16-04-2019,718,0.56%
17-04-2019,726,1.11%
18-04-2019,732,0.83%
23-04-2019,751,2.60%
24-04-2019,773,2.93%
25-04-2019,781,1.03%
26-04-2019,780,-0.13%
29-04-2019,777,-0.38%
30-04-2019,768,-1.16%
02-05-2019,755,-1.69%
03-05-2019,752,-0.40%
07-05-2019,761,1.20%
08-05-2019,770,1.18%
09-05-2019,776,0.78%
10-05-2019,779,0.39%
13-05-2019,782,0.39%
14-05-2019,783,0.13%
15-05-2019,784,0.13%
16-05-2019,783,-0.13%
17-05-2019,780,-0.38%
20-05-2019,778,-0.26%
21-05-2019,777,-0.13%
22-05-2019,778,0.13%
23-05-2019,779,0.13%
24-05-2019,778,-0.13%
28-05-2019,771,-0.90%
29-05-2019,763,-1.04%
30-05-2019,756,-0.92%
31-05-2019,752,-0.53%
03-06-2019,748,-0.53%
04-06-2019,739,-1.20%
05-06-2019,731,-1.08%
06-06-2019,726,-0.68%
07-06-2019,719,-0.96%
10-06-2019,717,-0.28%
11-06-2019,714,-0.42%
12-06-2019,712,-0.28%
13-06-2019,710,-0.28%
14-06-2019,716,0.85%
17-06-2019,720,0.56%
18-06-2019,728,1.11%
19-06-2019,736,1.10%
20-06-2019,743,0.95%
21-06-2019,751,1.08%
24-06-2019,756,0.67%
25-06-2019,765,1.19%
26-06-2019,774,1.18%
27-06-2019,783,1.16%
28-06-2019,787,0.51%
01-07-2019,792,0.64%
02-07-2019,796,0.51%
03-07-2019,803,0.88%
04-07-2019,814,1.37%
05-07-2019,820,0.74%
08-07-2019,829,1.10%
09-07-2019,835,0.72%
10-07-2019,845,1.20%
11-07-2019,860,1.78%
12-07-2019,879,2.21%
15-07-2019,888,1.02%
16-07-2019,905,1.91%
17-07-2019,928,2.54%
18-07-2019,953,2.69%
19-07-2019,982,3.04%
22-07-2019,"1,002",2.04%
23-07-2019,"1,017",1.50%
24-07-2019,"1,019",0.20%
25-07-2019,"1,012",-0.69%
26-07-2019,"1,005",-0.69%
29-07-2019,996,-0.90%
30-07-2019,988,-0.80%
31-07-2019,982,-0.61%
01-08-2019,974,-0.81%
02-08-2019,968,-0.62%
05-08-2019,959,-0.93%
06-08-2019,956,-0.31%
07-08-2019,955,-0.10%
08-08-2019,959,0.42%
09-08-2019,970,1.15%
12-08-2019,975,0.52%
13-08-2019,992,1.74%
14-08-2019,"1,022",3.02%
15-08-2019,"1,070",4.70%
16-08-2019,"1,118",4.49%
19-08-2019,"1,141",2.06%
20-08-2019,"1,161",1.75%
21-08-2019,"1,188",2.33%
22-08-2019,"1,220",2.69%
23-08-2019,"1,249",2.38%
27-08-2019,"1,286",2.96%
28-08-2019,"1,310",1.87%
29-08-2019,"1,328",1.37%
30-08-2019,"1,336",0.60%
02-09-2019,"1,346",0.75%
03-09-2019,"1,350",0.30%
04-09-2019,"1,351",0.07%
05-09-2019,"1,348",-0.22%
06-09-2019,"1,338",-0.74%
09-09-2019,"1,330",-0.60%
10-09-2019,"1,319",-0.83%
11-09-2019,"1,311",-0.61%
12-09-2019,"1,305",-0.46%
13-09-2019,"1,299",-0.46%
16-09-2019,"1,294",-0.38%
17-09-2019,"1,292",-0.15%
18-09-2019,"1,292",0.00%
19-09-2019,"1,296",0.31%
20-09-2019,"1,300",0.31%
23-09-2019,"1,298",-0.15%
24-09-2019,"1,294",-0.31%
25-09-2019,"1,282",-0.93%
26-09-2019,"1,272",-0.78%
27-09-2019,"1,260",-0.94%
30-09-2019,"1,248",-0.95%
01-10-2019,"1,231",-1.36%
02-10-2019,"1,217",-1.14%
03-10-2019,"1,204",-1.07%
04-10-2019,"1,199",-0.42%
07-10-2019,"1,196",-0.25%
08-10-2019,"1,199",0.25%
09-10-2019,"1,204",0.42%
10-10-2019,"1,211",0.58%
11-10-2019,"1,218",0.58%
14-10-2019,"1,223",0.41%
15-10-2019,"1,227",0.33%
16-10-2019,"1,226",-0.08%
17-10-2019,"1,224",-0.16%
18-10-2019,"1,222",-0.16%
21-10-2019,"1,221",-0.08%
22-10-2019,"1,217",-0.33%
23-10-2019,"1,210",-0.58%
24-10-2019,"1,200",-0.83%
25-10-2019,"1,187",-1.08%
28-10-2019,"1,179",-0.67%
29-10-2019,"1,159",-1.70%
30-10-2019,"1,127",-2.76%
31-10-2019,"1,091",-3.19%
01-11-2019,"1,045",-4.22%
04-11-2019,"1,005",-3.83%
05-11-2019,974,-3.08%
06-11-2019,926,-4.93%
07-11-2019,865,-6.59%
08-11-2019,824,-4.74%
11-11-2019,796,-3.40%
12-11-2019,774,-2.76%
13-11-2019,758,-2.07%
14-11-2019,745,-1.72%
15-11-2019,735,-1.34%
18-11-2019,723,-1.63%
19-11-2019,716,-0.97%
20-11-2019,718,0.28%
21-11-2019,731,1.81%
22-11-2019,747,2.19%
25-11-2019,767,2.68%
26-11-2019,783,2.09%
27-11-2019,796,1.66%
28-11-2019,807,1.38%
29-11-2019,816,1.12%
02-12-2019,819,0.37%
03-12-2019,825,0.73%
04-12-2019,828,0.36%
05-12-2019,831,0.36%
06-12-2019,835,0.48%
09-12-2019,837,0.24%
10-12-2019,838,0.12%
11-12-2019,838,0.00%
12-12-2019,835,-0.36%
13-12-2019,823,-1.44%
16-12-2019,815,-0.97%
17-12-2019,802,-1.60%
18-12-2019,785,-2.12%
19-12-2019,764,-2.68%
20-12-2019,743,-2.75%
23-12-2019,728,-2.02%
24-12-2019,718,-1.37%
02-01-2020,685,-4.60%
03-01-2020,662,-3.36%
06-01-2020,642,-3.02%
07-01-2020,611,-4.83%
08-01-2020,593,-2.95%
09-01-2020,581,-2.02%
10-01-2020,570,-1.89%
13-01-2020,566,-0.70%
14-01-2020,563,-0.53%
15-01-2020,559,-0.71%
16-01-2020,559,0.00%
17-01-2020,560,0.18%
20-01-2020,560,0.00%
21-01-2020,556,-0.71%
22-01-2020,550,-1.08%
23-01-2020,546,-0.73%
24-01-2020,543,-0.55%
27-01-2020,542,-0.18%
28-01-2020,538,-0.74%
29-01-2020,533,-0.93%
30-01-2020,528,-0.94%
31-01-2020,524,-0.76%
03-02-2020,521,-0.57%
04-02-2020,518,-0.58%
05-02-2020,512,-1.16%
06-02-2020,506,-1.17%
07-02-2020,491,-2.96%
10-02-2020,484,-1.43%
11-02-2020,477,-1.45%
12-02-2020,472,-1.05%
13-02-2020,468,-0.85%
14-02-2020,470,0.43%
17-02-2020,474,0.85%
18-02-2020,481,1.48%
19-02-2020,489,1.66%
20-02-2020,505,3.27%
21-02-2020,524,3.76%
24-02-2020,543,3.63%
25-02-2020,561,3.31%
26-02-2020,577,2.85%
27-02-2020,590,2.25%
28-02-2020,606,2.71%
02-03-2020,621,2.48%
03-03-2020,633,1.93%
04-03-2020,646,2.05%
05-03-2020,671,3.87%
06-03-2020,688,2.53%
09-03-2020,704,2.33%
10-03-2020,722,2.56%
11-03-2020,735,1.80%
12-03-2020,745,1.36%
13-03-2020,750,0.67%
16-03-2020,754,0.53%
17-03-2020,754,0.00%
18-03-2020,755,0.13%
19-03-2020,748,-0.93%
20-03-2020,741,-0.94%
23-03-2020,732,-1.21%
24-03-2020,720,-1.64%
25-03-2020,702,-2.50%
26-03-2020,675,-3.85%
27-03-2020,641,-5.04%
30-03-2020,606,-5.46%
31-03-2020,568,-6.27%
01-04-2020,535,-5.81%
02-04-2020,513,-4.11%
03-04-2020,495,-3.51%
06-04-2020,485,-2.02%
07-04-2020,472,-2.68%
08-04-2020,454,-3.81%
09-04-2020,441,-2.86%
14-04-2020,429,-2.72%
15-04-2020,419,-2.33%
16-04-2020,411,-1.91%
17-04-2020,404,-1.70%
20-04-2020,398,-1.49%
21-04-2020,390,-2.01%
22-04-2020,384,-1.54%
23-04-2020,383,-0.26%
24-04-2020,388,1.31%
27-04-2020,392,1.03%
28-04-2020,397,1.28%
29-04-2020,404,1.76%
30-04-2020,410,1.49%
04-05-2020,416,1.46%
05-05-2020,417,0.24%
06-05-2020,420,0.72%
07-05-2020,423,0.71%
11-05-2020,431,1.89%
12-05-2020,434,0.70%
13-05-2020,440,1.38%
14-05-2020,446,1.36%
15-05-2020,450,0.90%
18-05-2020,456,1.33%
19-05-2020,462,1.32%
20-05-2020,471,1.95%
21-05-2020,478,1.49%
27-05-2020,500,4.60%
28-05-2020,502,0.40%
29-05-2020,500,-0.40%
01-06-2020,497,-0.60%
02-06-2020,495,-0.40%
03-06-2020,494,-0.20%
04-06-2020,499,1.01%
05-06-2020,507,1.60%
08-06-2020,515,1.58%
09-06-2020,532,3.30%
10-06-2020,556,4.51%
11-06-2020,575,3.42%
12-06-2020,597,3.83%
15-06-2020,612,2.51%
16-06-2020,624,1.96%
17-06-2020,634,1.60%
18-06-2020,648,2.21%
19-06-2020,657,1.39%
22-06-2020,662,0.76%
23-06-2020,667,0.76%
24-06-2020,674,1.05%
25-06-2020,678,0.59%
26-06-2020,678,0.00%
29-06-2020,679,0.15%
30-06-2020,683,0.59%
01-07-2020,686,0.44%
02-07-2020,693,1.02%
03-07-2020,701,1.15%
06-07-2020,708,1.00%
07-07-2020,725,2.40%
08-07-2020,773,6.62%
10-07-2020,835,8.02%
13-07-2020,856,2.51%
14-07-2020,875,2.22%
15-07-2020,890,1.71%
16-07-2020,899,1.01%
17-07-2020,910,1.22%
20-07-2020,920,1.10%
21-07-2020,929,0.98%
22-07-2020,932,0.32%
23-07-2020,925,-0.75%
24-07-2020,915,-1.08%
27-07-2020,906,-0.98%
28-07-2020,897,-0.99%
29-07-2020,890,-0.78%
30-07-2020,878,-1.35%
31-07-2020,870,-0.91%
03-08-2020,862,-0.92%
04-08-2020,851,-1.28%
05-08-2020,844,-0.82%
06-08-2020,847,0.36%
07-08-2020,855,0.94%
10-08-2020,867,1.40%
11-08-2020,879,1.38%
12-08-2020,893,1.59%
13-08-2020,911,2.02%
14-08-2020,927,1.76%
17-08-2020,943,1.73%
18-08-2020,949,0.64%
19-08-2020,954,0.53%
20-08-2020,957,0.31%
21-08-2020,962,0.52%
24-08-2020,965,0.31%
25-08-2020,964,-0.10%
26-08-2020,960,-0.41%
27-08-2020,958,-0.21%
28-08-2020,958,0.00%
31-08-2020,958,0.00%
01-09-2020,958,0.00%
02-09-2020,959,0.10%
03-09-2020,958,-0.10%
04-09-2020,953,-0.52%
07-09-2020,949,-0.42%
08-09-2020,941,-0.84%
09-09-2020,931,-1.06%
10-09-2020,923,-0.86%
11-09-2020,917,-0.65%
14-09-2020,914,-0.33%
15-09-2020,912,-0.22%
16-09-2020,921,0.99%
17-09-2020,930,0.98%
18-09-2020,941,1.18%
21-09-2020,950,0.96%
22-09-2020,960,1.05%
23-09-2020,971,1.15%
24-09-2020,983,1.24%
25-09-2020,992,0.92%
28-09-2020,998,0.60%
29-09-2020,999,0.10%
30-09-2020,995,-0.40%
01-10-2020,992,-0.30%
02-10-2020,991,-0.10%
05-10-2020,988,-0.30%
06-10-2020,985,-0.30%
07-10-2020,985,0.00%
08-10-2020,984,-0.10%
09-10-2020,982,-0.20%
12-10-2020,982,0.00%
13-10-2020,982,0.00%
14-10-2020,980,-0.20%
15-10-2020,977,-0.31%
16-10-2020,976,-0.10%
19-10-2020,976,0.00%
20-10-2020,973,-0.31%
21-10-2020,972,-0.10%
22-10-2020,972,0.00%
23-10-2020,972,0.00%
25-10-2020,972,0.00%
26-10-2020,968,-0.41%
27-10-2020,962,-0.62%
28-10-2020,958,-0.42%
01-11-2020,943,-1.57%
02-11-2020,932,-1.17%
03-11-2020,922,-1.07%
04-11-2020,912,-1.08%
05-11-2020,901,-1.21%
08-11-2020,893,-0.89%
09-11-2020,888,-0.56%
10-11-2020,882,-0.68%
11-11-2020,884,0.23%
12-11-2020,884,0.00%
15-11-2020,884,0.00%
16-11-2020,888,0.45%
17-11-2020,900,1.35%
18-11-2020,915,1.67%
19-11-2020,930,1.64%
22-11-2020,952,2.37%
23-11-2020,973,2.21%
24-11-2020,995,2.26%
25-11-2020,"1,011",1.61%
26-11-2020,"1,018",0.69%
29-11-2020,"1,022",0.39%
30-11-2020,"1,020",-0.20%
01-12-2020,"1,019",-0.10%
02-12-2020,"1,015",-0.39%
03-12-2020,"1,011",-0.39%
06-12-2020,"1,011",0.00%
07-12-2020,"1,012",0.10%
08-12-2020,"1,017",0.49%
09-12-2020,"1,023",0.59%
10-12-2020,"1,031",0.78%
13-12-2020,"1,038",0.68%
14-12-2020,"1,046",0.77%
15-12-2020,"1,054",0.76%
16-12-2020,"1,057",0.28%
17-12-2020,"1,057",0.00%
20-12-2020,"1,054",-0.28%
21-12-2020,"1,048",-0.57%
22-12-2020,"1,047",-0.10%
23-12-2020,"1,039",-0.76%
03-01-2021,"1,028",-1.06%
04-01-2021,"1,022",-0.58%
05-01-2021,"1,022",0.00%
06-01-2021,"1,023",0.10%
07-01-2021,"1,029",0.59%
10-01-2021,"1,039",0.97%
11-01-2021,"1,055",1.54%
12-01-2021,"1,067",1.14%
13-01-2021,"1,080",1.22%
14-01-2021,"1,086",0.56%
17-01-2021,"1,096",0.92%
18-01-2021,"1,104",0.73%
19-01-2021,"1,119",1.36%
20-01-2021,"1,133",1.25%
21-01-2021,"1,142",0.79%
24-01-2021,"1,152",0.88%
25-01-2021,"1,158",0.52%
26-01-2021,"1,163",0.43%
27-01-2021,"1,166",0.26%
28-01-2021,"1,165",-0.09%
31-01-2021,"1,162",-0.26%
01-02-2021,"1,149",-1.12%
02-02-2021,"1,141",-0.70%
03-02-2021,"1,139",-0.18%
04-02-2021,"1,144",0.44%
07-02-2021,"1,149",0.44%
08-02-2021,"1,156",0.61%
09-02-2021,"1,175",1.64%
10-02-2021,"1,197",1.87%
11-02-2021,"1,217",1.67%
14-02-2021,"1,232",1.23%
15-02-2021,"1,262",2.44%
16-02-2021,"1,340",6.18%
17-02-2021,"1,441",7.54%
18-02-2021,"1,513",5.00%
21-02-2021,"1,598",5.62%
22-02-2021,"1,744",9.14%
23-02-2021,"1,822",4.47%
24-02-2021,"1,866",2.41%
25-02-2021,"1,878",0.64%
28-02-2021,"1,879",0.05%
01-03-2021,"1,879",0.00%
02-03-2021,"1,889",0.53%
03-03-2021,"1,900",0.58%
04-03-2021,"1,917",0.89%
07-03-2021,"1,933",0.83%
08-03-2021,"1,969",1.86%
09-03-2021,"2,017",2.44%
10-03-2021,"2,051",1.69%
11-03-2021,"2,077",1.27%
14-03-2021,"2,083",0.29%
15-03-2021,"2,079",-0.19%
16-03-2021,"2,091",0.58%
17-03-2021,"2,114",1.10%
18-03-2021,"2,122",0.38%
21-03-2021,"2,133",0.52%
22-03-2021,"2,126",-0.33%
23-03-2021,"2,084",-1.98%
24-03-2021,"2,021",-3.02%
25-03-2021,"1,983",-1.88%
29-03-2021,"1,951",-1.61%
30-03-2021,"1,916",-1.79%
31-03-2021,"1,871",-2.35%
01-04-2021,"1,840",-1.66%
06-04-2021,"1,809",-1.68%
07-04-2021,"1,792",-0.94%
08-04-2021,"1,786",-0.33%
09-04-2021,"1,780",-0.34%
12-04-2021,"1,774",-0.34%
13-04-2021,"1,774",0.00%
14-04-2021,"1,783",0.51%
15-04-2021,"1,811",1.57%
16-04-2021,"1,849",2.10%
19-04-2021,"1,878",1.57%
20-04-2021,"1,925",2.50%
21-04-2021,"1,977",2.70%
22-04-2021,"2,037",3.03%
23-04-2021,"2,085",2.36%
26-04-2021,"2,108",1.10%
27-04-2021,"2,129",1.00%
28-04-2021,"2,140",0.52%
29-04-2021,"2,151",0.51%
30-04-2021,"2,144",-0.33%
04-05-2021,"2,130",-0.65%
05-05-2021,"2,135",0.23%
06-05-2021,"2,160",1.17%
07-05-2021,"2,196",1.67%
10-05-2021,"2,216",0.91%
11-05-2021,"2,254",1.71%
12-05-2021,"2,269",0.67%
13-05-2021,"2,283",0.62%
14-05-2021,"2,297",0.61%
17-05-2021,"2,310",0.57%
18-05-2021,"2,324",0.61%
19-05-2021,"2,344",0.86%
20-05-2021,"2,374",1.28%
21-05-2021,"2,408",1.43%
24-05-2021,"2,428",0.83%
25-05-2021,"2,450",0.91%
26-05-2021,"2,492",1.71%
27-05-2021,"2,520",1.12%
28-05-2021,"2,504",-0.63%
01-06-2021,"2,455",-1.96%
02-06-2021,"2,456",0.04%
03-06-2021,"2,441",-0.61%
04-06-2021,"2,449",0.33%
07-06-2021,"2,461",0.49%
08-06-2021,"2,479",0.73%
09-06-2021,"2,508",1.17%
10-06-2021,"2,552",1.75%
11-06-2021,"2,592",1.57%
14-06-2021,"2,624",1.23%
15-06-2021,"2,667",1.64%
16-06-2021,"2,713",1.72%
17-06-2021,"2,754",1.51%
18-06-2021,"2,802",1.74%
21-06-2021,"2,825",0.82%
22-06-2021,"2,840",0.53%
23-06-2021,"2,852",0.42%
24-06-2021,"2,864",0.42%
25-06-2021,"2,877",0.45%
28-06-2021,"2,899",0.76%
29-06-2021,"2,921",0.76%
30-06-2021,"2,930",0.31%
01-07-2021,"2,939",0.31%
02-07-2021,"2,935",-0.14%
05-07-2021,"2,935",0.00%
06-07-2021,"2,920",-0.51%
07-07-2021,"2,909",-0.38%
08-07-2021,"2,897",-0.41%
09-07-2021,"2,891",-0.21%
12-07-2021,"2,882",-0.31%
13-07-2021,"2,865",-0.59%
15-07-2021,"2,799",-2.30%
16-07-2021,"2,775",-0.86%
19-07-2021,"2,774",-0.04%
20-07-2021,"2,783",0.32%
21-07-2021,"2,807",0.86%
22-07-2021,"2,842",1.25%
23-07-2021,"2,871",1.02%
26-07-2021,"2,883",0.42%
27-07-2021,"2,893",0.35%
28-07-2021,"2,911",0.62%
29-07-2021,"2,928",0.58%
30-07-2021,"2,945",0.58%
02-08-2021,"2,959",0.48%
03-08-2021,"2,969",0.34%
04-08-2021,"2,983",0.47%
05-08-2021,"2,996",0.44%
06-08-2021,"3,010",0.47%
09-08-2021,"3,022",0.40%
10-08-2021,"3,032",0.33%
11-08-2021,"3,049",0.56%
12-08-2021,"3,079",0.98%
13-08-2021,"3,098",0.62%
16-08-2021,"3,119",0.68%
17-08-2021,"3,146",0.87%
18-08-2021,"3,189",1.37%
19-08-2021,"3,237",1.51%
20-08-2021,"3,276",1.20%
23-08-2021,"3,303",0.82%
24-08-2021,"3,343",1.21%
25-08-2021,"3,386",1.29%
26-08-2021,"3,437",1.51%
27-08-2021,"3,470",0.96%
31-08-2021,"3,477",0.20%
01-09-2021,"3,434",-1.24%
02-09-2021,"3,393",-1.19%
03-09-2021,"3,348",-1.33%
06-09-2021,"3,293",-1.64%
07-09-2021,"3,256",-1.12%
08-09-2021,"3,211",-1.38%
09-09-2021,"3,179",-1.00%
10-09-2021,"3,170",-0.28%
13-09-2021,"3,180",0.32%
14-09-2021,"3,210",0.94%
15-09-2021,"3,247",1.15%
16-09-2021,"3,283",1.11%
17-09-2021,"3,307",0.73%
20-09-2021,"3,319",0.36%
21-09-2021,"3,327",0.24%
22-09-2021,"3,338",0.33%
23-09-2021,"3,349",0.33%
24-09-2021,"3,359",0.30%
27-09-2021,"3,363",0.12%
28-09-2021,"3,373",0.30%
29-09-2021,"3,379",0.18%
30-09-2021,"3,382",0.09%
01-10-2021,"3,383",0.03%
04-10-2021,"3,381",-0.06%
05-10-2021,"3,382",0.03%
06-10-2021,"3,388",0.18%
07-10-2021,"3,404",0.47%
08-10-2021,"3,417",0.38%
11-10-2021,"3,431",0.41%
12-10-2021,"3,461",0.87%
13-10-2021,"3,502",1.18%
14-10-2021,"3,542",1.14%
15-10-2021,"3,576",0.96%
18-10-2021,"3,595",0.53%
19-10-2021,"3,610",0.42%
20-10-2021,"3,618",0.22%
21-10-2021,"3,624",0.17%
22-10-2021,"3,584",-1.10%
25-10-2021,"3,547",-1.03%
26-10-2021,"3,497",-1.41%
27-10-2021,"3,344",-4.38%
28-10-2021,"3,190",-4.61%
29-10-2021,"3,104",-2.70%
31-10-2021,"3,042",-2.00%
01-11-2021,"2,919",-4.04%
02-11-2021,"2,728",-6.54%
03-11-2021,"2,563",-6.05%
04-11-2021,"2,416",-5.74%
07-11-2021,"2,334",-3.39%
08-11-2021,"2,284",-2.14%
09-11-2021,"2,259",-1.09%
10-11-2021,"2,251",-0.35%
11-11-2021,"2,253",0.09%
14-11-2021,"2,259",0.27%
15-11-2021,"2,263",0.18%
16-11-2021,"2,260",-0.13%
17-11-2021,"2,248",-0.53%
18-11-2021,"2,237",-0.49%
21-11-2021,"2,235",-0.09%
22-11-2021,"2,243",0.36%
23-11-2021,"2,255",0.53%
24-11-2021,"2,284",1.29%
25-11-2021,"2,316",1.40%
28-11-2021,"2,237",-3.41%
29-11-2021,"2,340",4.60%
30-11-2021,"2,374",1.45%
01-12-2021,"2,402",1.18%
02-12-2021,"2,431",1.21%
05-12-2021,"2,452",0.86%
06-12-2021,"2,488",1.47%
07-12-2021,"2,520",1.29%
08-12-2021,"2,541",0.83%
09-12-2021,"2,551",0.39%
12-12-2021,"2,552",0.04%
13-12-2021,"2,550",-0.08%
14-12-2021,"2,542",-0.31%
15-12-2021,"2,514",-1.10%
16-12-2021,"2,469",-1.79%
19-12-2021,"2,436",-1.34%
20-12-2021,"2,383",-2.18%
21-12-2021,"2,337",-1.93%
22-12-2021,"2,303",-1.45%
23-12-2021,"2,290",-0.56%
03-01-2022,"2,209",-3.54%
04-01-2022,"2,165",-1.99%
05-01-2022,"2,124",-1.89%
06-01-2022,"2,074",-2.35%
09-01-2022,"2,001",-3.52%
10-01-2022,"1,958",-2.15%
11-01-2022,"1,936",-1.12%
12-01-2022,"1,915",-1.08%
13-01-2022,"1,897",-0.94%
16-01-2022,"1,864",-1.74%
17-01-2022,"1,840",-1.29%
18-01-2022,"1,812",-1.52%
19-01-2022,"1,773",-2.15%
20-01-2022,"1,749",-1.35%
23-01-2022,"1,728",-1.20%
24-01-2022,"1,693",-2.03%
25-01-2022,"1,654",-2.30%
26-01-2022,"1,613",-2.48%
27-01-2022,"1,597",-0.99%
30-01-2022,"1,587",-0.63%
31-01-2022,"1,578",-0.57%
01-02-2022,"1,570",-0.51%
02-02-2022,"1,571",0.06%
03-02-2022,"1,594",1.46%
06-02-2022,"1,638",2.76%
07-02-2022,"1,734",5.86%
08-02-2022,"1,911",10.21%
09-02-2022,"2,057",7.64%
10-02-2022,"2,158",4.91%
13-02-2022,"2,228",3.24%
14-02-2022,"2,277",2.20%
15-02-2022,"2,320",1.89%
16-02-2022,"2,326",0.26%
17-02-2022,"2,325",-0.04%
20-02-2022,"2,342",0.73%
21-02-2022,"2,359",0.73%
22-02-2022,"2,388",1.23%
23-02-2022,"2,415",1.13%
24-02-2022,"2,417",0.08%
27-02-2022,"2,428",0.46%
28-02-2022,"2,443",0.62%
01-03-2022,"2,471",1.15%
02-03-2022,"2,520",1.98%
03-03-2022,"2,586",2.62%
06-03-2022,"2,640",2.09%
07-03-2022,"2,733",3.52%
08-03-2022,"2,845",4.10%
09-03-2022,"2,923",2.74%
10-03-2022,"2,939",0.55%
13-03-2022,"2,934",-0.17%
14-03-2022,"2,901",-1.12%
15-03-2022,"2,876",-0.86%
16-03-2022,"2,892",0.56%
17-03-2022,"2,922",1.04%
20-03-2022,"2,949",0.92%
21-03-2022,"2,983",1.15%
22-03-2022,"3,016",1.11%
23-03-2022,"3,033",0.56%
24-03-2022,"3,020",-0.43%
28-03-2022,"2,991",-0.96%
29-03-2022,"2,946",-1.50%
30-03-2022,"2,875",-2.41%
31-03-2022,"2,808",-2.33%
01-04-2022,"2,755",-1.89%
04-04-2022,"2,717",-1.38%
05-04-2022,"2,660",-2.10%
06-04-2022,"2,605",-2.07%
07-04-2022,"2,547",-2.23%
08-04-2022,"2,502",-1.77%
11-04-2022,"2,473",-1.16%
12-04-2022,"2,448",-1.01%
13-04-2022,"2,461",0.53%
14-04-2022,"2,497",1.46%
19-04-2022,"2,541",1.76%
20-04-2022,"2,596",2.16%
21-04-2022,"2,646",1.93%
22-04-2022,"2,678",1.21%
25-04-2022,"2,699",0.78%
26-04-2022,"2,714",0.56%
27-04-2022,"2,736",0.81%
28-04-2022,"2,736",0.00%
29-04-2022,"2,734",-0.07%
03-05-2022,"2,733",-0.04%
04-05-2022,"2,732",-0.04%
05-05-2022,"2,732",0.00%
06-05-2022,"2,729",-0.11%
09-05-2022,"2,732",0.11%
10-05-2022,"2,746",0.51%
11-05-2022,"2,759",0.47%
12-05-2022,"2,750",-0.33%
13-05-2022,"2,752",0.07%
16-05-2022,"2,748",-0.15%
17-05-2022,"2,745",-0.11%
18-05-2022,"2,758",0.47%
19-05-2022,"2,800",1.52%
20-05-2022,"2,816",0.57%
23-05-2022,"2,818",0.07%
24-05-2022,"2,828",0.35%
25-05-2022,"2,833",0.18%
26-05-2022,"2,823",-0.35%
27-05-2022,"2,796",-0.96%
30-05-2022,"2,774",-0.79%
31-05-2022,"2,743",-1.12%
01-06-2022,"2,703",-1.46%
06-06-2022,"2,660",-1.59%
07-06-2022,"2,632",-1.05%
08-06-2022,"2,585",-1.79%
09-06-2022,"2,527",-2.24%
10-06-2022,"2,495",-1.27%
13-06-2022,"2,463",-1.28%
14-06-2022,"2,451",-0.49%
15-06-2022,"2,454",0.12%
16-06-2022,"2,460",0.24%
17-06-2022,"2,467",0.28%
20-06-2022,"2,470",0.12%
21-06-2022,"2,471",0.04%
22-06-2022,"2,475",0.16%
23-06-2022,"2,466",-0.36%
24-06-2022,"2,449",-0.69%
27-06-2022,"2,439",-0.41%
28-06-2022,"2,416",-0.94%
29-06-2022,"2,359",-2.36%
30-06-2022,"2,306",-2.25%
01-07-2022,"2,290",-0.69%
04-07-2022,"2,282",-0.35%
05-07-2022,"2,265",-0.74%
06-07-2022,"2,247",-0.79%
07-07-2022,"2,203",-1.96%
08-07-2022,"2,163",-1.82%
11-07-2022,"2,152",-0.51%
12-07-2022,"2,123",-1.35%
13-07-2022,"2,077",-2.17%
14-07-2022,"2,050",-1.30%
15-07-2022,"2,039",-0.54%
18-07-2022,"2,037",-0.10%
19-07-2022,"2,039",0.10%
20-07-2022,"2,057",0.88%
21-07-2022,"2,073",0.78%
22-07-2022,"2,080",0.34%
25-07-2022,"2,079",-0.05%
26-07-2022,"2,071",-0.38%
27-07-2022,"2,038",-1.59%
28-07-2022,"2,003",-1.72%
29-07-2022,"1,971",-1.60%
01-08-2022,"1,928",-2.18%
02-08-2022,"1,866",-3.22%
03-08-2022,"1,805",-3.27%
04-08-2022,"1,747",-3.21%
05-08-2022,"1,700",-2.69%
08-08-2022,"1,671",-1.71%
09-08-2022,"1,636",-2.09%
10-08-2022,"1,614",-1.34%
11-08-2022,"1,591",-1.43%
12-08-2022,"1,593",0.13%
15-08-2022,"1,607",0.88%
16-08-2022,"1,626",1.18%
17-08-2022,"1,659",2.03%
18-08-2022,"1,698",2.35%
19-08-2022,"1,735",2.18%
22-08-2022,"1,751",0.92%
23-08-2022,"1,765",0.80%
24-08-2022,"1,773",0.45%
25-08-2022,"1,763",-0.56%
26-08-2022,"1,744",-1.08%
30-08-2022,"1,691",-3.04%
31-08-2022,"1,626",-3.84%
01-09-2022,"1,559",-4.12%
02-09-2022,"1,514",-2.89%
05-09-2022,"1,498",-1.06%
06-09-2022,"1,487",-0.73%
07-09-2022,"1,482",-0.34%
08-09-2022,"1,477",-0.34%
09-09-2022,"1,475",-0.14%
12-09-2022,"1,473",-0.14%
13-09-2022,"1,484",0.75%
14-09-2022,"1,505",1.42%
15-09-2022,"1,529",1.59%
16-09-2022,"1,551",1.44%
20-09-2022,"1,580",1.87%
21-09-2022,"1,605",1.58%
22-09-2022,"1,637",1.99%
23-09-2022,"1,652",0.92%
26-09-2022,"1,657",0.30%
27-09-2022,"1,671",0.84%
28-09-2022,"1,680",0.54%
29-09-2022,"1,674",-0.36%
30-09-2022,"1,663",-0.66%
03-10-2022,"1,663",0.00%
04-10-2022,"1,668",0.30%
05-10-2022,"1,676",0.48%
06-10-2022,"1,690",0.84%
07-10-2022,"1,706",0.95%
10-10-2022,"1,714",0.47%
11-10-2022,"1,714",0.00%
12-10-2022,"1,708",-0.35%
13-10-2022,"1,696",-0.70%
14-10-2022,"1,690",-0.35%
17-10-2022,"1,678",-0.71%
18-10-2022,"1,678",0.00%
19-10-2022,"1,678",0.00%
20-10-2022,"1,676",-0.12%
21-10-2022,"1,678",0.12%
24-10-2022,"1,670",-0.48%
25-10-2022,"1,658",-0.72%
26-10-2022,"1,632",-1.57%
27-10-2022,"1,572",-3.68%
28-10-2022,"1,483",-5.66%
30-10-2022,"1,437",-3.10%
31-10-2022,"1,389",-3.34%
01-11-2022,"1,332",-4.10%
02-11-2022,"1,287",-3.38%
03-11-2022,"1,268",-1.48%
06-11-2022,"1,251",-1.34%
07-11-2022,"1,241",-0.80%
08-11-2022,"1,232",-0.73%
09-11-2022,"1,227",-0.41%
10-11-2022,"1,213",-1.14%
13-11-2022,"1,197",-1.32%
14-11-2022,"1,186",-0.92%
15-11-2022,"1,180",-0.51%
16-11-2022,"1,175",-0.42%
17-11-2022,"1,170",-0.43%
20-11-2022,"1,164",-0.51%
21-11-2022,"1,160",-0.34%
22-11-2022,"1,163",0.26%
23-11-2022,"1,174",0.95%
24-11-2022,"1,182",0.68%
27-11-2022,"1,180",-0.17%
28-11-2022,"1,177",-0.25%
29-11-2022,"1,172",-0.42%
30-11-2022,"1,165",-0.60%
01-12-2022,"1,162",-0.26%
04-12-2022,"1,158",-0.34%
05-12-2022,"1,158",0.00%
06-12-2022,"1,158",0.00%
07-12-2022,"1,153",-0.43%
08-12-2022,"1,152",-0.09%
11-12-2022,"1,153",0.09%
12-12-2022,"1,167",1.21%
13-12-2022,"1,170",0.26%
14-12-2022,"1,167",-0.26%
15-12-2022,"1,157",-0.86%
18-12-2022,"1,146",-0.95%
19-12-2022,"1,146",0.00%
20-12-2022,"1,131",-1.31%
21-12-2022,"1,083",-4.24%
22-12-2022,"1,083",0.00%
23-12-2022,"1,062",-1.94%
02-01-2023,968,-8.85%
03-01-2023,968,0.00%
04-01-2023,912,-5.79%
05-01-2023,839,-8.00%
06-01-2023,839,0.00%
08-01-2023,825,-1.67%
09-01-2023,803,-2.67%
10-01-2023,762,-5.11%
11-01-2023,715,-6.17%
12-01-2023,715,0.00%
13-01-2023,686,-4.06%
15-01-2023,673,-1.90%
16-01-2023,673,0.00%
17-01-2023,657,-2.38%
18-01-2023,654,-0.46%
19-01-2023,654,0.00%
20-01-2023,652,-0.31%
22-01-2023,645,-1.07%
23-01-2023,649,0.62%
24-01-2023,648,-0.15%
25-01-2023,645,-0.46%
26-01-2023,645,0.00%
27-01-2023,650,0.78%
29-01-2023,658,1.23%
30-01-2023,658,0.00%
31-01-2023,680,3.34%
01-02-2023,680,0.00%
02-02-2023,682,0.29%
03-02-2023,682,0.00%
05-02-2023,680,-0.29%
06-02-2023,680,0.00%
07-02-2023,651,-4.26%
08-02-2023,636,-2.30%
09-02-2023,628,-1.26%
10-02-2023,628,0.00%
12-02-2023,625,-0.48%
13-02-2023,625,0.00%
14-02-2023,640,2.40%
15-02-2023,640,0.00%
16-02-2023,660,3.13%
17-02-2023,695,5.30%
19-02-2023,727,4.60%
20-02-2023,727,0.00%
21-02-2023,872,19.94%
22-02-2023,872,0.00%
23-02-2023,996,14.22%
24-02-2023,996,0.00%
26-02-2023,"1,050",5.42%
27-02-2023,"1,105",5.24%
28-02-2023,"1,156",4.62%
01-03-2023,"1,192",3.11%
02-03-2023,"1,189",-0.25%
03-03-2023,"1,189",0.00%
06-03-2023,"1,161",-2.35%
07-03-2023,"1,161",0.00%
08-03-2023,"1,161",0.00%
09-03-2023,"1,180",1.64%
10-03-2023,"1,209",2.46%
12-03-2023,"1,235",2.15%
13-03-2023,"1,235",0.00%
14-03-2023,"1,263",2.27%
15-03-2023,"1,296",2.61%
16-03-2023,"1,312",1.23%
17-03-2023,"1,318",0.46%
20-03-2023,"1,329",0.83%
21-03-2023,"1,335",0.45%
22-03-2023,"1,333",-0.15%
23-03-2023,"1,333",0.00%
24-03-2023,"1,332",-0.08%
27-03-2023,"1,326",-0.45%
28-03-2023,"1,315",-0.83%
29-03-2023,"1,285",-2.28%
30-03-2023,"1,237",-3.74%
31-03-2023,"1,198",-3.15%
03-04-2023,"1,187",-0.92%
04-04-2023,"1,176",-0.93%
05-04-2023,"1,170",-0.51%
06-04-2023,"1,161",-0.77%
11-04-2023,"1,131",-2.58%
12-04-2023,"1,118",-1.15%
13-04-2023,"1,105",-1.16%
14-04-2023,"1,096",-0.81%
17-04-2023,"1,098",0.18%
18-04-2023,"1,113",1.37%
19-04-2023,"1,151",3.41%
20-04-2023,"1,179",2.43%
21-04-2023,"1,201",1.87%
24-04-2023,"1,212",0.92%
25-04-2023,"1,216",0.33%
26-04-2023,"1,203",-1.07%
27-04-2023,"1,185",-1.50%
28-04-2023,"1,165",-1.69%
02-05-2023,"1,144",-1.80%
03-05-2023,"1,123",-1.84%
04-05-2023,"1,105",-1.60%
05-05-2023,"1,096",-0.81%
09-05-2023,"1,097",0.09%
10-05-2023,"1,114",1.55%
11-05-2023,"1,112",-0.18%
12-05-2023,"1,105",-0.63%
15-05-2023,"1,098",-0.63%
16-05-2023,"1,091",-0.64%
17-05-2023,"1,090",-0.09%
18-05-2023,"1,085",-0.46%
19-05-2023,"1,077",-0.74%
22-05-2023,"1,063",-1.30%
23-05-2023,"1,043",-1.88%
24-05-2023,"1,014",-2.78%
25-05-2023,980,-3.35%
26-05-2023,946,-3.47%
30-05-2023,910,-3.81%
31-05-2023,881,-3.19%
01-06-2023,847,-3.86%
02-06-2023,819,-3.31%
05-06-2023,803,-1.95%
06-06-2023,781,-2.74%
07-06-2023,766,-1.92%
08-06-2023,747,-2.48%
09-06-2023,736,-1.47%
12-06-2023,726,-1.36%
13-06-2023,722,-0.55%
14-06-2023,729,0.97%
15-06-2023,740,1.51%
16-06-2023,748,1.08%
19-06-2023,751,0.40%
20-06-2023,759,1.07%
21-06-2023,761,0.26%
22-06-2023,751,-1.31%
23-06-2023,743,-1.07%
26-06-2023,741,-0.27%
27-06-2023,746,0.67%
28-06-2023,752,0.80%
29-06-2023,750,-0.27%
30-06-2023,749,-0.13%
03-07-2023,747,-0.27%
04-07-2023,747,0.00%
05-07-2023,737,-1.34%
06-07-2023,728,-1.22%
07-07-2023,724,-0.55%
10-07-2023,724,0.00%
11-07-2023,728,0.55%
12-07-2023,734,0.82%
13-07-2023,743,1.23%
14-07-2023,743,0.00%
17-07-2023,743,0.00%
18-07-2023,746,0.40%
19-07-2023,754,1.07%
20-07-2023,757,0.40%
21-07-2023,758,0.13%
24-07-2023,757,-0.13%
25-07-2023,753,-0.53%
26-07-2023,742,-1.46%
27-07-2023,733,-1.21%
28-07-2023,726,-0.95%
31-07-2023,719,-0.96%
01-08-2023,709,-1.39%
02-08-2023,700,-1.27%
03-08-2023,695,-0.71%
04-08-2023,688,-1.01%
07-08-2023,686,-0.29%
08-08-2023,689,0.44%
09-08-2023,696,1.02%
10-08-2023,706,1.44%
11-08-2023,728,3.12%
14-08-2023,745,2.34%
15-08-2023,772,3.62%
16-08-2023,812,5.18%
17-08-2023,859,5.79%
18-08-2023,879,2.33%
21-08-2023,900,2.39%
22-08-2023,909,1.00%
23-08-2023,910,0.11%
24-08-2023,906,-0.44%
25-08-2023,908,0.22%
29-08-2023,918,1.10%
30-08-2023,942,2.61%
31-08-2023,962,2.12%
01-09-2023,980,1.87%
04-09-2023,995,1.53%
05-09-2023,"1,008",1.31%
06-09-2023,"1,036",2.78%
07-09-2023,"1,056",1.93%
08-09-2023,"1,079",2.18%
11-09-2023,"1,099",1.85%
12-09-2023,"1,118",1.73%
13-09-2023,"1,156",3.40%
14-09-2023,"1,196",3.46%
15-09-2023,"1,221",2.09%
18-09-2023,"1,240",1.56%
19-09-2023,"1,286",3.71%
20-09-2023,"1,324",2.95%
21-09-2023,"1,350",1.96%
22-09-2023,"1,355",0.37%
25-09-2023,"1,354",-0.07%
26-09-2023,"1,339",-1.11%
27-09-2023,"1,318",-1.57%
28-09-2023,"1,294",-1.82%
29-09-2023,"1,276",-1.39%
02-10-2023,"1,263",-1.02%
03-10-2023,"1,250",-1.03%
04-10-2023,"1,244",-0.48%
05-10-2023,"1,236",-0.64%
06-10-2023,"1,233",-0.24%
09-10-2023,"1,232",-0.08%
10-10-2023,"1,250",1.46%
11-10-2023,"1,261",0.88%
12-10-2023,"1,266",0.40%
13-10-2023,"1,268",0.16%
16-10-2023,"1,269",0.08%
17-10-2023,"1,277",0.63%
18-10-2023,"1,285",0.63%
19-10-2023,"1,287",0.16%
20-10-2023,"1,287",0.00%
23-10-2023,"1,279",-0.62%
24-10-2023,"1,266",-1.02%
25-10-2023,"1,247",-1.50%
26-10-2023,"1,227",-1.60%
27-10-2023,"1,184",-3.50%
30-10-2023,"1,159",-2.11%
31-10-2023,"1,135",-2.07%
01-11-2023,"1,119",-1.41%
02-11-2023,"1,108",-0.98%
03-11-2023,"1,101",-0.63%
06-11-2023,"1,098",-0.27%
07-11-2023,"1,097",-0.09%
08-11-2023,"1,104",0.64%
09-11-2023,"1,116",1.09%
10-11-2023,"1,125",0.81%
13-11-2023,"1,127",0.18%
14-11-2023,"1,133",0.53%
15-11-2023,"1,141",0.71%
16-11-2023,"1,178",3.24%
17-11-2023,"1,205",2.29%
20-11-2023,"1,217",1.00%
21-11-2023,"1,232",1.23%
22-11-2023,"1,247",1.22%
23-11-2023,"1,265",1.44%
24-11-2023,"1,279",1.11%
27-11-2023,"1,292",1.02%
28-11-2023,"1,321",2.24%
29-11-2023,"1,360",2.95%
30-11-2023,"1,425",4.78%
01-12-2023,"1,489",4.49%
04-12-2023,"1,526",2.48%
05-12-2023,"1,565",2.56%
06-12-2023,"1,552",-0.83%
07-12-2023,"1,538",-0.90%
08-12-2023,"1,521",-1.11%
11-12-2023,"1,506",-0.99%
12-12-2023,"1,480",-1.73%
13-12-2023,"1,463",-1.15%
14-12-2023,"1,442",-1.44%
15-12-2023,"1,426",-1.11%
18-12-2023,"1,419",-0.49%
19-12-2023,"1,408",-0.78%
20-12-2023,"1,397",-0.78%
21-12-2023,"1,378",-1.36%
22-12-2023,"1,369",-0.65%
02-01-2024,"1,308",-4.46%
03-01-2024,"1,271",-2.83%
04-01-2024,"1,236",-2.75%
05-01-2024,"1,212",-1.94%
08-01-2024,"1,194",-1.49%
09-01-2024,"1,162",-2.68%
10-01-2024,"1,135",-2.32%
11-01-2024,"1,108",-2.38%
12-01-2024,"1,088",-1.81%
15-01-2024,"1,078",-0.92%
16-01-2024,"1,060",-1.67%
17-01-2024,"1,039",-1.98%
18-01-2024,"1,029",-0.96%
19-01-2024,"1,030",0.10%
22-01-2024,"1,027",-0.29%
23-01-2024,"1,033",0.58%
24-01-2024,"1,050",1.65%
25-01-2024,"1,062",1.14%
26-01-2024,"1,065",0.28%
29-01-2024,"1,065",0.00%
30-01-2024,"1,061",-0.38%
31-01-2024,"1,055",-0.57%
01-02-2024,"1,048",-0.66%
02-02-2024,"1,041",-0.67%
05-02-2024,"1,037",-0.38%
06-02-2024,"1,041",0.39%
07-02-2024,"1,047",0.58%
08-02-2024,"1,050",0.29%
09-02-2024,"1,053",0.29%
12-02-2024,"1,048",-0.47%
13-02-2024,"1,047",-0.10%
14-02-2024,"1,052",0.48%
15-02-2024,"1,058",0.57%
16-02-2024,"1,071",1.23%
19-02-2024,"1,090",1.77%
20-02-2024,"1,129",3.58%
21-02-2024,"1,154",2.21%
22-02-2024,"1,174",1.73%
23-02-2024,"1,189",1.28%
26-02-2024,"1,198",0.76%
27-02-2024,"1,220",1.84%
28-02-2024,"1,239",1.56%
29-02-2024,"1,257",1.45%
01-03-2024,"1,267",0.80%
04-03-2024,"1,282",1.18%
05-03-2024,"1,297",1.17%
06-03-2024,"1,312",1.16%
07-03-2024,"1,317",0.38%
08-03-2024,"1,318",0.08%
11-03-2024,"1,316",-0.15%
12-03-2024,"1,306",-0.76%
13-03-2024,"1,301",-0.38%
14-03-2024,"1,314",1.00%
15-03-2024,"1,326",0.91%
18-03-2024,"1,338",0.90%
19-03-2024,"1,351",0.97%
20-03-2024,"1,370",1.41%
21-03-2024,"1,379",0.66%
22-03-2024,"1,383",0.29%
25-03-2024,"1,386",0.22%
26-03-2024,"1,375",-0.79%
27-03-2024,"1,353",-1.60%
28-03-2024,"1,331",-1.63%
02-04-2024,"1,303",-2.10%
03-04-2024,"1,284",-1.46%
04-04-2024,"1,273",-0.86%
05-04-2024,"1,261",-0.94%
08-04-2024,"1,258",-0.24%
09-04-2024,"1,259",0.08%
10-04-2024,"1,260",0.08%
11-04-2024,"1,261",0.08%
12-04-2024,"1,272",0.87%
15-04-2024,"1,280",0.63%
16-04-2024,"1,311",2.42%
17-04-2024,"1,337",1.98%
18-04-2024,"1,365",2.09%
19-04-2024,"1,394",2.12%
22-04-2024,"1,410",1.15%
23-04-2024,"1,430",1.42%
24-04-2024,"1,456",1.82%
25-04-2024,"1,488",2.20%
26-04-2024,"1,495",0.47%
29-04-2024,"1,492",-0.20%
30-04-2024,"1,485",-0.47%
01-05-2024,"1,478",-0.47%
02-05-2024,"1,466",-0.81%
03-05-2024,"1,458",-0.55%
07-05-2024,"1,461",0.21%
08-05-2024,"1,477",1.10%
09-05-2024,"1,488",0.74%
10-05-2024,"1,485",-0.20%
13-05-2024,"1,485",0.00%
14-05-2024,"1,475",-0.67%
15-05-2024,"1,453",-1.49%
16-05-2024,"1,405",-3.30%
17-05-2024,"1,405",0.00%
20-05-2024,"1,372",-2.35%
21-05-2024,"1,382",0.73%
22-05-2024,"1,371",-0.80%
23-05-2024,"1,307",-4.67%
24-05-2024,"1,326",1.45%
27-05-2024,"1,292",-2.56%
28-05-2024,"1,309",1.32%
29-05-2024,"1,293",-1.22%
30-05-2024,"1,286",-0.54%
31-05-2024,"1,278",-0.62%
03-06-2024,"1,272",-0.47%
04-06-2024,"1,265",-0.55%
05-06-2024,"1,258",-0.55%
06-06-2024,"1,255",-0.24%
07-06-2024,"1,254",-0.08%
10-06-2024,"1,257",0.24%
11-06-2024,"1,271",1.11%
13-06-2024,1313,3.30%
14-06-2024,1335,1.68%
17-06-2024,1346,0.82%
18-06-2024,1362,1.19%
19-06-2024,1374,0.88%
20-06-2024,1389,1.09%
21-06-2024,1398,0.65%
24-06-2024,1405,0.50%
25-06-2024,1412,0.50%
26-06-2024,1412,0.00%
27-06-2024,1399,-0.92%
28-06-2024,1385,-1.00%
01-07-2024,1369,-1.16%
02-07-2024,1351,-1.31%
03-07-2024,1340,-0.81%
04-07-2024,1337,-0.22%
05-07-2024,1335,-0.15%
08-07-2024,1334,-0.07%
09-07-2024,1347,0.97%
10-07-2024,1353,0.45%
11-07-2024,1361,0.59%
12-07-2024,1364,0.22%
15-07-2024,1368,0.29%
16-07-2024,1366,-0.15%
17-07-2024,1370,0.29%
18-07-2024,1370,0.00%
19-07-2024,1374,0.29%
22-07-2024,1374,0.00%
23-07-2024,1380,0.44%
24-07-2024,1385,0.36%
25-07-2024,1387,0.14%
26-07-2024,1386,-0.07%
29-07-2024,1383,-0.22%
30-07-2024,1377,-0.43%
31-07-2024,1363,-1.02%
01-08-2024,1352,-0.81%
02-08-2024,1342,-0.74%
05-08-2024,1330,-0.89%
06-08-2024,1320,-0.75%
07-08-2024,1309,-0.83%
08-08-2024,1302,-0.53%
09-08-2024,1301,-0.08%
12-08-2024,1294,-0.54%
13-08-2024,1292,-0.15%
14-08-2024,1297,0.39%
15-08-2024,1300,0.23%
16-08-2024,1304,0.31%
19-08-2024,1305,0.08%
20-08-2024,1309,0.31%
21-08-2024,1310,0.08%
22-08-2024,1313,0.23%
23-08-2024,1318,0.38%
27-08-2024,1317,-0.08%
28-08-2024,1316,-0.08%
29-08-2024,1312,-0.30%
30-08-2024,1306,-0.46%
02-09-2024,1289,-1.30%
03-09-2024,1280,-0.70%
04-09-2024,1271,-0.70%
05-09-2024,1266,-0.39%
06-09-2024,1260,-0.47%
09-09-2024,1259,-0.08%
10-09-2024,1258,-0.08%
11-09-2024,1259,0.08%
12-09-2024,1263,0.32%
13-09-2024,1264,0.08%
16-09-2024,1265,0.08%
17-09-2024,1266,0.08%
18-09-2024,1270,0.32%
19-09-2024,1276,0.47%
20-09-2024,1289,1.02%
23-09-2024,1301,0.93%
24-09-2024,1312,0.85%
25-09-2024,1317,0.38%
26-09-2024,1314,-0.23%
27-09-2024,1306,-0.61%
30-09-2024,1296,-0.77%
01-10-2024,1283,-1.00%
02-10-2024,1272,-0.86%
03-10-2024,1260,-0.94%
04-10-2024,1258,-0.16%
08-10-2024,1264,0.48%
09-10-2024,1270,0.47%
10-10-2024,1274,0.31%
14-10-2024,1262,0.00%
16-10-2024,1257,-0.40%
17-10-2024,1254,-0.24%
18-10-2024,1250,-0.32%
21-10-2024,1250,0.00%
22-10-2024,1249,-0.08%
23-10-2024,1249,0.00%
24-10-2024,1245,-0.32%
25-10-2024,1240,-0.40%
28-10-2024,1234,-0.48%
29-10-2024,1221,-1.05%
30-10-2024,1207,-1.15%
31-10-2024,1182,-2.07%
01-11-2024,1163,-1.61%
04-11-2024,1154,-0.77%
05-11-2024,1136,-1.56%
06-11-2024,1118,-1.58%
07-11-2024,1098,-1.79%
08-11-2024,1079,-1.73%
11-11-2024,1064,-1.39%
12-11-2024,1051,-1.22%
13-11-2024,1036,-1.43%
14-11-2024,1029,-0.68%
15-11-2024,1019,-0.97%
18-11-2024,1009,-0.98%
19-11-2024,999,-0.99%
20-11-2024,992,-0.70%
21-11-2024,987,-0.50%
22-11-2024,984,-0.30%
25-11-2024,984,0.00%
26-11-2024,985,0.10%
27-11-2024,988,0.30%
28-11-2024,989,0.10%
29-11-2024,980,-0.91%
02-12-2024,979,-0.10%
03-12-2024,979,0.00%
04-12-2024,982,0.31%
05-12-2024,979,-0.31%
06-12-2024,974,-0.51%
09-12-2024,971,-0.31%
10-12-2024,967,-0.41%
12-12-2024,961,-0.62%
13-12-2024,959,-0.21%
16-12-2024,955,-0.42%
19-12-2024,944,-1.15%
20-12-2024,940,-0.42%
23-12-2024,932,-0.85%
24-12-2024,923,-0.97%
02-01-2025,899,-2.60%
03-01-2025,884,-1.67%
06-01-2025,867,-1.92%
07-01-2025,856,-1.27%
08-01-2025,846,-1.17%
09-01-2025,830,-1.89%
10-01-2025,819,-1.33%
13-01-2025,809,-1.22%
14-01-2025,798,-1.36%
15-01-2025,783,-1.88%
16-01-2025,765,-2.30%
17-01-2025,747,-2.35%
20-01-2025,727,-2.68%
21-01-2025,703,-3.30%
22-01-2025,674,-4.13%
23-01-2025,654,-2.97%
24-01-2025,639,-2.29%
27-01-2025,629,-1.56%
28-01-2025,619,-1.59%
29-01-2025,612,-1.13%
30-01-2025,605,-1.14%
31-01-2025,603,-0.33%
03-02-2025,602,-0.17%
04-02-2025,605,0.50%
05-02-2025,619,2.31%
06-02-2025,649,4.85%
07-02-2025,677,4.31%
10-02-2025,694,2.51%
11-02-2025,710,2.31%
12-02-2025,724,1.97%
13-02-2025,741,2.35%
14-02-2025,765,3.24%
17-02-2025,781,2.09%
18-02-2025,813,4.10%
19-02-2025,839,3.20%
20-02-2025,866,3.22%
21-02-2025,886,2.31%
24-02-2025,895,1.02%
25-02-2025,904,1.01%
26-02-2025,907,0.33%
27-02-2025,903,-0.44%
28-02-2025,895,-0.89%
03-03-2025,887,-0.89%
04-03-2025,876,-1.24%
05-03-2025,868,-0.91%
06-03-2025,864,-0.46%
07-03-2025,864,0.00%
10-03-2025,864,0.00%
11-03-2025,864,0.00%
12-03-2025,872,0.93%
13-03-2025,895,2.64%
14-03-2025,930,3.91%
17-03-2025,954,2.58%
18-03-2025,977,2.41%
19-03-2025,999,2.25%
20-03-2025,1010,1.10%
21-03-2025,1012,0.20%
24-03-2025,1013,0.10%
25-03-2025,1015,0.20%
26-03-2025,1014,-0.10%
27-03-2025,1007,-0.69%
28-03-2025,995,-1.19%
31-03-2025,988,-0.70%
01-04-2025,983,-0.51%
02-04-2025,978,-0.51%
03-04-2025,973,-0.51%
04-04-2025,971,-0.21%
07-04-2025,965,-0.62%
08-04-2025,954,-1.14%
09-04-2025,948,-0.63%
10-04-2025,941,-0.74%
11-04-2025,939,-0.21%
14-04-2025,936,-0.32%
15-04-2025,937,0.11%
16-04-2025,943,0.64%
17-04-2025,950,0.74%
22-04-2025,954,0.42%
23-04-2025,964,1.05%
24-04-2025,976,1.24%
25-04-2025,977,0.10%
28-04-2025,975,-0.20%
29-04-2025,967,-0.82%
30-04-2025,957,-1.03%
01-05-2025,956,-0.10%
02-05-2025,955,-0.10%
06-05-2025,957,0.21%
07-05-2025,961,0.42%
08-05-2025,968,0.73%
09-05-2025,969,0.10%
12-05-2025,970,0.10%
13-05-2025,977,0.72%
14-05-2025,977,0.00%
15-05-2025,975,-0.20%
16-05-2025,978,0.31%
19-05-2025,980,0.20%
20-05-2025,982,0.20%
21-05-2025,988,0.61%
22-05-2025,986,-0.20%
23-05-2025,983,-0.30%
27-05-2025,974,-0.92%
28-05-2025,964,-1.03%
29-05-2025,956,-0.83%
30-05-2025,951,-0.52%
02-06-2025,951,0.00%
03-06-2025,942,-0.95%
04-06-2025,940,-0.21%
05-06-2025,936,-0.43%
06-06-2025,933,-0.32%
09-06-2025,926,-0.75%
10-06-2025,919,-0.76%
11-06-2025,922,0.33%
12-06-2025,933,1.19%
13-06-2025,936,0.32%
16-06-2025,939,0.32%
17-06-2025,945,0.64%
18-06-2025,949,0.42%
19-06-2025,963,1.48%
20-06-2025,973,1.04%
23-06-2025,979,0.62%
24-06-2025,983,0.41%
25-06-2025,994,1.12%
26-06-2025,1000,0.60%
27-06-2025,1009,0.90%
30-06-2025,1012,0.30%
01-07-2025,1018,0.59%
02-07-2025,1031,1.28%
03-07-2025,1052,2.04%
04-07-2025,1081,2.76%
07-07-2025,1100,1.76%
08-07-2025,1125,2.27%
09-07-2025,1151,2.31%
10-07-2025,1182,2.69%
11-07-2025,1219,3.13%
14-07-2025,1244,2.05%
15-07-2025,1287,3.46%
16-07-2025,1315,2.18%
17-07-2025,1335,1.52%
18-07-2025,1346,0.82%
21-07-2025,1346,0.00%
22-07-2025,1329,-1.26%
23-07-2025,1313,-1.20%
24-07-2025,1298,-1.14%
25-07-2025,1294,-0.31%
28-07-2025,1289,-0.39%
29-07-2025,1281,-0.62%
30-07-2025,1271,-0.78%
31-07-2025,1268,-0.24%
01-08-2025,1269,0.08%
04-08-2025,1270,0.08%
05-08-2025,1279,0.71%
06-08-2025,1300,1.64%
07-08-2025,1317,1.31%
08-08-2025,1320,0.23%
11-08-2025,1325,0.38%
12-08-2025,1329,0.30%
13-08-2025,1336,0.53%
14-08-2025,1345,0.67%
15-08-2025,1353,0.59%
18-08-2025,1361,0.59%
19-08-2025,1369,0.59%
20-08-2025,1388,1.39%
21-08-2025,1405,1.22%
22-08-2025,1424,1.35%
26-08-2025,1437,0.91%
27-08-2025,1447,0.70%
28-08-2025,1461,0.97%
29-08-2025,1465,0.27%
01-09-2025,1467,0.14%
02-09-2025,1466,-0.07%
03-09-2025,1467,0.07%
04-09-2025,1461,-0.41%
05-09-2025,1456,-0.34%
08-09-2025,1464,0.55%
09-09-2025,1473,0.61%
10-09-2025,1478,0.34%
11-09-2025,1484,0.41%
12-09-2025,1492,0.54%
15-09-2025,1493,0.07%
16-09-2025,1491,-0.13%
17-09-2025,1492,0.07%
18-09-2025,1492,0.00%
19-09-2025,1489,-0.20%
22-09-2025,1486,-0.20%
23-09-2025,1486,0.00%
24-09-2025,1483,-0.20%
25-09-2025,1483,0.00%
26-09-2025,1479,-0.27%
29-09-2025,1478,-0.07%
30-09-2025,1473,-0.34%
01-10-2025,1467,-0.41%
02-10-2025,1456,-0.75%
03-10-2025,1447,-0.62%
06-10-2025,1443,-0.28%
07-10-2025,1425,-1.25%
08-10-2025,1411,-0.98%
09-10-2025,1403,-0.57%
10-10-2025,1402,-0.07%
13-10-2025,1400,-0.14%
14-10-2025,1408,0.57%
15-10-2025,1418,0.71%
16-10-2025,1422,0.28%
17-10-2025,1424,0.14%
20-10-2025,1422,-0.14%
21-10-2025,1414,-0.56%
22-10-2025,1397,-1.20%
23-10-2025,1378,-1.36%
24-10-2025,1369,-0.65%
27-10-2025,1361,-0.58%
28-10-2025,1350,-0.81%
29-10-2025,1342,-0.59%
30-10-2025,1336,-0.45%
31-10-2025,1326,-0.75%
03-11-2025,1320,-0.45%
04-11-2025,1311,-0.68%
05-11-2025,1307,-0.31%
06-11-2025,1312,0.38%
07-11-2025,1319,0.53%
10-11-2025,1327,0.61%
11-11-2025,1344,1.28%
12-11-2025,1365,1.56%
13-11-2025,1387,1.61%
14-11-2025,1408,1.51%
17-11-2025,1423,1.07%
18-11-2025,1427,0.28%
19-11-2025,1430,0.21%
20-11-2025,1435,0.35%
21-11-2025,1432,-0.21%
24-11-2025,1432,0.00%
25-11-2025,1431,-0.07%
26-11-2025,1435,0.28%
27-11-2025,1437,0.14%
28-11-2025,1441,0.28%
01-12-2025,1442,0.07%
02-12-2025,1441,-0.07%
03-12-2025,1444,0.21%
04-12-2025,1441,-0.21%
05-12-2025,1436,-0.35%
08-12-2025,1430,-0.42%
09-12-2025,1419,-0.77%
10-12-2025,1405,-0.99%
11-12-2025,1387,-1.28%
12-12-2025,1371,-1.15%
15-12-2025,1360,-0.80%
16-12-2025,1335,-1.84%
17-12-2025,1308,-2.02%
18-12-2025,1258,-3.82%
19-12-2025,1222,-2.86%
22-12-2025,1193,-2.37%
23-12-2025,1162,-2.60%
24-12-2025,1144,-1.55%
02-01-2026,1076,-5.94%
05-01-2026,1043,-3.07%
06-01-2026,1011,-3.07%
07-01-2026,993,-1.78%
08-01-2026,976,-1.71%
09-01-2026,967,-0.92%
12-01-2026,960,-0.72%
13-01-2026,952,-0.83%
14-01-2026,953,0.11%
15-01-2026,963,1.05%
16-01-2026,967,0.42%
19-01-2026,970,0.31%
20-01-2026,983,1.34%
21-01-2026,996,1.32%
22-01-2026,1019,2.31%
23-01-2026,1026,0.69%
26-01-2026,1035,0.88%
27-01-2026,1039,0.39%
28-01-2026,1048,0.87%
29-01-2026,1062,1.34%
30-01-2026,1067,0.47%
02-02-2026,1072,0.47%
03-02-2026,1083,1.03%
04-02-2026,1092,0.83%
05-02-2026,1102,0.92%
06-02-2026,1104.0,0.18%
09-02-2026,1114.0,0.91%
10-02-2026,1123.0,0.81%
11-02-2026,1140.0,1.51%
12-02-2026,1165.0,2.19%
13-02-2026,1186.0,1.80%
16-02-2026,1198.0,1.01%
17-02-2026,1194.0,-0.33%
18-02-2026,1180.0,-1.17%
19-02-2026,1160.0,-1.69%
20-02-2026,1159.0,-0.09%
