date,composite_index,shanghai_rotterdam,shanghai_genoa,shanghai_la,shanghai_ny,rotterdam_shanghai
2021-12-23,9304.05,9304.05,9304.05,9304.05,9304.05,9304.05
2022-01-06,9409.0,9408.81,9408.81,9408.81,9408.81,9408.81
2022-01-13,9477.0,9544.66,9544.66,9544.66,9544.66,9544.66
2022-01-20,9551.0,9698.33,9698.33,9698.33,9698.33,9698.33
2022-01-27,9518.0,9419.5,9419.5,9419.5,9419.5,9419.5
2022-02-17,9455.0,9378.51,9378.51,9378.51,9378.51,9378.51
2022-02-24,9458.0,9477.46,9477.46,9477.46,9477.46,9477.46
2024-01-04,2100.0,2352.0,2338.0,1995.0,2745.0,378.0
2024-01-11,2190.9,2477.4,2433.0,2129.3,2849.2,397.3
2024-01-18,2269.6,2587.1,2508.9,2240.3,2920.6,414.4
2024-01-25,2325.6,2667.3,2555.2,2309.1,2950.5,427.1
2024-02-01,2352.3,2709.1,2565.8,2325.6,2936.9,434.2
2024-02-08,2347.5,2709.0,2540.3,2290.0,2884.4,435.2
2024-02-15,2314.2,2669.8,2483.4,2212.6,2804.3,430.5
2024-02-22,2260.1,2600.4,2405.6,2112.0,2712.1,421.6
2024-02-29,2196.2,2513.8,2320.3,2010.7,2625.5,410.3
2024-03-07,2135.7,2426.2,2243.3,1931.2,2562.0,399.0
2024-03-14,2091.7,2354.0,2189.7,1891.2,2536.2,390.1
2024-03-21,2075.8,2312.3,2172.7,1901.5,2557.9,385.8
2024-03-28,2096.6,2312.8,2201.6,1963.8,2631.2,387.5
2024-04-04,2158.7,2362.7,2280.6,2072.3,2754.6,396.3
2024-04-11,2263.1,2464.9,2409.8,2215.6,2921.9,412.4
2024-04-18,2407.2,2617.9,2585.0,2380.6,3124.2,435.4
2024-04-25,2586.0,2816.6,2799.0,2555.6,3351.7,464.6
2024-05-02,2793.2,3054.3,3043.1,2733.4,3595.8,498.9
2024-05-09,3022.4,3323.3,3308.6,2912.5,3851.0,537.4
2024-05-16,3267.3,3615.3,3587.1,3096.4,4114.3,578.9
2024-05-23,3522.4,3922.7,3871.4,3291.9,4385.5,622.7
2024-05-30,3782.2,4237.4,4154.8,3505.1,4665.4,667.7
2024-06-06,4040.6,4550.4,4430.4,3738.6,4953.4,713.0
2024-06-13,4290.5,4851.6,4690.8,3988.4,5246.1,757.4
2024-06-20,4522.8,5129.0,4927.2,4243.0,5535.3,799.2
2024-06-27,4727.3,5369.6,5129.7,4484.3,5808.4,836.5
2024-07-04,4893.0,5560.0,5288.2,4690.4,6048.9,867.5
2024-07-11,5009.7,5688.5,5393.4,4839.6,6238.8,890.2
2024-07-18,5069.4,5746.1,5438.6,4915.0,6361.1,903.0
2024-07-25,5067.4,5728.5,5420.4,4907.5,6402.4,905.2
2024-08-01,5003.4,5636.8,5339.9,4818.3,6355.5,896.4
2024-08-08,4881.2,5476.9,5202.2,4657.8,6219.8,877.4
2024-08-15,4708.3,5259.3,5016.0,4444.1,6002.1,849.2
2024-08-22,4494.7,4997.5,4792.0,4198.8,5715.1,813.7
2024-08-29,4252.0,4706.3,4542.2,3943.3,5376.4,772.8
2024-09-05,3992.0,4400.7,4278.1,3694.8,5006.4,728.4
2024-09-12,3726.3,4095.0,4010.8,3464.9,4626.7,682.6
2024-09-19,3466.1,3802.5,3750.7,3258.5,4258.8,637.4
2024-09-26,3221.8,3534.9,3507.1,3075.7,3922.4,594.4
2024-10-03,3002.9,3302.3,3288.5,2913.3,3634.3,555.5
2024-10-10,2818.2,3113.5,3102.7,2768.6,3407.8,522.1
2024-10-17,2674.6,2974.5,2956.1,2640.6,3250.9,495.5
2024-10-24,2577.1,2889.0,2853.2,2531.9,3166.1,476.7
2024-10-31,2527.3,2856.8,2795.6,2448.1,3149.7,465.9
2024-11-07,2523.4,2873.6,2781.7,2396.3,3192.1,463.0
2024-11-14,2559.4,2930.8,2805.8,2382.7,3278.5,466.9
2024-11-21,2625.7,3016.3,2858.9,2409.8,3390.2,476.0
2024-11-28,2710.0,3115.1,2929.4,2474.7,3507.4,488.2
2024-12-05,2798.3,3211.3,3004.0,2567.8,3610.6,501.1
2024-12-12,2877.3,3290.2,3070.1,2674.3,3684.4,512.4
2024-12-19,2935.6,3339.9,3117.3,2775.6,3718.5,520.2
2024-12-26,2965.6,3353.2,3138.6,2853.2,3709.4,523.3
2025-01-02,2964.2,3328.5,3131.7,2892.2,3660.8,521.1
2025-01-09,2933.6,3270.4,3099.6,2884.9,3582.6,514.2
2025-01-16,2880.6,3188.5,3049.4,2832.2,3489.8,503.8
2025-01-23,2815.6,3096.5,2991.7,2744.7,3399.5,491.8
2025-01-30,2750.9,3010.0,2938.7,2640.4,3328.5,480.5
2025-02-06,2698.8,2943.9,2902.3,2541.5,3290.7,472.0
2025-02-13,2669.5,2910.4,2891.5,2469.7,3294.4,468.2
2025-02-20,2669.7,2917.1,2911.9,2442.1,3341.7,470.1
2025-02-27,2701.5,2965.6,2963.8,2467.6,3427.8,478.2
2025-03-06,2761.9,3051.5,3042.5,2544.5,3541.6,491.8
2025-03-13,2843.4,3164.9,3138.7,2660.8,3667.7,509.3
2025-03-20,2935.2,3291.5,3239.9,2796.8,3788.7,528.8
2025-03-27,3024.9,3415.4,3332.6,2928.8,3888.3,548.0
2025-04-03,3100.3,3520.8,3404.0,3033.7,3953.0,564.4
2025-04-10,3151.7,3595.0,3444.5,3094.1,3975.5,576.2
2025-04-17,3173.0,3629.7,3448.9,3101.5,3954.7,582.2
2025-04-24,3162.8,3622.3,3417.2,3057.6,3896.3,582.2
2025-05-01,3124.9,3576.8,3355.6,2974.4,3812.4,576.6
2025-05-08,3067.2,3502.2,3274.2,2871.0,3718.5,567.0
2025-05-15,3001.0,3412.1,3187.1,2770.0,3632.2,555.2
2025-05-22,2938.8,3322.0,3109.2,2692.7,3569.7,543.5
2025-05-29,2892.4,3246.8,3054.1,2654.6,3543.3,534.1
2025-06-05,2871.2,3199.2,3032.4,2663.3,3559.9,528.6
2025-06-12,2880.7,3187.4,3050.0,2716.9,3619.4,528.3
2025-06-19,2921.3,3214.0,3106.7,2804.9,3714.8,533.1
2025-06-26,2988.8,3275.8,3196.7,2911.2,3833.9,542.5
2025-07-03,3074.5,3364.5,3309.2,3017.2,3960.3,555.0
2025-07-10,3167.0,3467.8,3430.0,3106.0,4076.7,568.7
2025-07-17,3253.8,3571.8,3543.8,3165.6,4167.4,581.4
2025-07-24,3323.1,3662.7,3636.0,3190.4,4220.3,591.1
2025-07-31,3366.1,3729.4,3695.7,3181.9,4229.9,596.3
2025-08-07,3378.1,3765.0,3716.5,3147.9,4197.2,596.4
2025-08-14,3359.2,3767.7,3697.8,3099.6,4129.9,591.3
2025-08-21,3314.5,3741.0,3645.0,3049.2,4041.3,582.2
2025-08-28,3253.1,3693.0,3568.3,3007.3,3947.9,570.6
2025-09-04,3186.8,3635.1,3481.5,2981.1,3867.0,558.7
2025-09-11,3128.0,3579.7,3399.2,2973.4,3813.9,548.8
2025-09-18,3088.1,3538.7,3335.4,2983.2,3799.6,542.8
2025-09-25,3075.6,3521.2,3301.2,3006.9,3829.1,542.3
2025-10-02,3094.3,3531.8,3302.5,3039.4,3900.1,547.9
2025-10-09,3143.4,3570.6,3340.2,3076.4,4003.9,559.3
2025-10-16,3217.3,3632.6,3409.5,3114.9,4127.0,575.4
2025-10-23,3306.3,3709.0,3501.0,3153.3,4252.3,594.4
2025-10-30,3398.4,3788.3,3602.0,3191.7,4362.6,614.0
2025-11-06,3481.2,3858.8,3699.1,3230.3,4443.2,631.8
2025-11-13,3543.5,3909.9,3779.5,3268.2,4483.7,645.7
2025-11-20,3577.8,3934.9,3833.9,3303.5,4480.6,654.2
2025-11-27,3580.5,3931.0,3856.8,3332.2,4436.7,656.7
2025-12-04,3553.4,3900.8,3848.5,3349.5,4361.7,653.3
2025-12-11,3502.7,3851.2,3813.7,3350.8,4269.8,645.1
2025-12-18,3438.6,3793.0,3761.7,3333.7,4178.3,633.9
2025-12-25,3373.2,3738.5,3703.9,3298.9,4104.2,621.9
2026-01-01,3318.8,3699.9,3652.7,3251.5,4061.5,611.3
2026-01-08,3286.3,3687.4,3619.0,3200.8,4059.9,604.1
2026-01-15,3282.6,3706.5,3610.1,3158.1,4101.9,601.5
2026-01-22,3310.6,3758.4,3629.7,3135.8,4183.7,604.3
2026-01-29,3367.7,3838.4,3675.9,3143.4,4294.7,611.9
2026-02-05,3447.1,3937.5,3742.7,3185.9,4420.2,623.3
2026-02-12,3538.3,4042.9,3820.4,3261.4,4542.9,636.8
2026-02-19,3629.0,4140.6,3897.7,3360.9,4645.9,650.1
2026-02-26,3706.8,4217.0,3963.1,3469.3,4715.6,661.3
2026-03-05,3761.6,4261.9,4007.1,3568.7,4743.5,668.5
2026-03-12,3786.7,4269.1,4024.1,3641.0,4727.7,670.8
2026-03-19,3780.4,4238.6,4012.9,3672.8,4673.6,667.8
2026-03-26,3745.5,4175.8,3977.2,3657.5,4592.0,660.2
2026-04-02,3689.7,4091.2,3924.9,3598.1,4498.4,649.3
2026-04-09,3623.9,3999.1,3867.2,3506.4,4410.2,637.3
2026-04-16,3560.5,3915.0,3816.3,3401.4,4344.0,626.3
2026-04-23,3511.6,3853.6,3783.6,3305.5,4312.7,618.5
2026-04-30,3486.9,3826.5,3777.8,3240.1,4323.8,615.6
2026-05-07,3492.4,3840.2,3803.6,3221.2,4378.1,618.6
2026-05-14,3529.3,3895.5,3860.5,3255.7,4469.7,627.7
2026-05-21,3593.9,3986.9,3942.9,3340.3,4586.8,642.0
2026-05-28,3678.0,4103.5,4040.9,3461.5,4713.3,660.1
2026-06-04,3770.3,4230.8,4141.6,3598.5,4831.8,679.7
2026-06-11,3858.4,4352.6,4231.5,3727.4,4926.3,698.5
2026-06-18,3930.4,4453.6,4298.3,3825.9,4984.3,714.2
2026-06-25,3977.1,4521.7,4333.0,3877.8,4999.5,725.2
2026-07-02,3993.0,4549.3,4331.1,3876.0,4971.7,730.2
2026-07-09,3977.8,4535.1,4293.9,3824.5,4908.1,729.1
2026-07-16,3935.8,4483.8,4228.0,3736.4,4821.2,722.8
2026-07-23,3875.9,4405.6,4144.7,3631.8,4727.4,712.6
2026-07-30,3809.5,4314.5,4058.1,3533.5,4644.1,700.6
2026-08-06,3749.1,4225.7,3983.1,3461.7,4586.9,689.2
2026-08-13,3706.4,4154.4,3933.0,3431.3,4567.5,680.3
2026-08-20,3690.1,4112.4,3917.6,3447.9,4591.4,675.7
2026-08-25,4526.0,4955.0,4955.0,,9507.0,
2026-09-04,4465.0,4368.0,4368.0,7185.0,7185.0,
2026-09-06,4465.0,4368.0,4368.0,7185.0,7185.0,
