user_ticker,sec_symbol,company_name,form,filing_date,accession_no,announcement_desc
BWET,BWET,Amplify Commodity Trust,8-K/A,2024-11-12,0001213900-24-096801,8-K/A
BWET,BWET,Amplify Commodity Trust,8-K,2024-11-08,0001213900-24-095627,8-K
BWET,BWET,Amplify Commodity Trust,8-K,2023-12-28,0001213900-23-099280,"COPY OF PRESS RELEASE DATED DECEMBER 28, 2023"
BWET,BWET,Amplify Commodity Trust,8-K,2023-09-06,0001213900-23-074445,AMENDMENT NO. 1 TO THE AMENDED AND RESTATED DECLARATION OF TRUST AND TRUST AGREEMENT OF ETF MANAGERS GROUP COMMODITY TRUST I
BWET,BWET,Amplify Commodity Trust,8-K,2023-08-16,0001213900-23-068226,8-K
BWET,BWET,Amplify Commodity Trust,8-K,2023-07-18,0001213900-23-057887,8-K
BWET,BWET,Amplify Commodity Trust,8-K,2022-09-06,0001213900-22-054215,8-K
BWET,BWET,Amplify Commodity Trust,8-K,2022-04-28,0001213900-22-022296,"AUDITED FINANCIAL STATEMENTS OF ETF MANAGERS CAPITAL LLC AS OF AND FOR THE YEARS ENDED DECEMBER 31, 2021 AND 2020 AND THE NOTES RELATED THERETO"
EDRY,EDRY,EuroDry Ltd.,6-K,2026-08-06,0001317861-26-000038,6-K
EDRY,EDRY,EuroDry Ltd.,6-K,2026-07-24,0000919574-26-004572,6-K
EDRY,EDRY,EuroDry Ltd.,6-K,2026-06-23,0000919574-26-004080,p15006762_ex-1.htm
EDRY,EDRY,EuroDry Ltd.,6-K,2026-05-20,0001317861-26-000023,6-K
EDRY,EDRY,EuroDry Ltd.,6-K,2026-02-20,0001317861-26-000007,6-K
EDRY,EDRY,EuroDry Ltd.,6-K,2025-11-14,0001317861-25-000058,6-K
EDRY,EDRY,EuroDry Ltd.,6-K,2025-09-30,0001171843-25-006164,6-K
EDRY,EDRY,EuroDry Ltd.,6-K,2025-09-15,0001317861-25-000051,6-K
GOGL,0001029145,Golden Ocean Group Ltd,6-K,2025-08-19,0000919574-25-005010,d11966512_ex99-1.htm
GOGL,0001029145,Golden Ocean Group Ltd,6-K,2025-07-29,0000919574-25-004260,6-K
GOGL,0001029145,Golden Ocean Group Ltd,6-K,2025-07-18,0001193125-25-161230,EX-99.1
GOGL,0001029145,Golden Ocean Group Ltd,6-K,2025-07-17,0001193125-25-160261,EX-99.1
GOGL,0001029145,Golden Ocean Group Ltd,6-K,2025-05-29,0000919574-25-003411,d11816392_ex99-1.htm
GOGL,0001029145,Golden Ocean Group Ltd,6-K,2025-05-21,0000919574-25-003323,d11808032_ex99-1.htm
GOGL,0001029145,Golden Ocean Group Ltd,6-K,2025-05-09,0000919574-25-002822,6-K
GOGL,0001029145,Golden Ocean Group Ltd,6-K,2025-04-23,0000919574-25-002567,6-K
GLBS,GLBS,GLOBUS MARITIME LTD,6-K,2026-08-07,0001104659-26-092722,EXHIBIT 99.1
GLBS,GLBS,GLOBUS MARITIME LTD,6-K,2026-08-04,0001104659-26-090384,EXHIBIT 99.1
GLBS,GLBS,GLOBUS MARITIME LTD,6-K,2026-07-22,0001104659-26-085811,6-K
GLBS,GLBS,GLOBUS MARITIME LTD,6-K,2026-06-10,0001104659-26-072333,EXHIBIT 99.1
GLBS,GLBS,GLOBUS MARITIME LTD,6-K,2025-11-28,0001104659-25-116974,EXHIBIT 99.1
GLBS,GLBS,GLOBUS MARITIME LTD,6-K,2025-09-25,0001104659-25-093347,EXHIBIT 99.1
GLBS,GLBS,GLOBUS MARITIME LTD,6-K,2025-09-19,0001104659-25-091653,EXHIBIT 99.1
GLBS,GLBS,GLOBUS MARITIME LTD,6-K,2025-08-11,0001104659-25-076156,EXHIBIT 99.1
TORO,TORO,TORO CORP.,6-K,2026-07-20,0001140361-26-028882,EXHIBIT 99.1
TORO,TORO,TORO CORP.,6-K,2026-06-05,0001140361-26-024183,EXHIBIT 99.1
TORO,TORO,TORO CORP.,6-K,2026-05-28,0001140361-26-023065,EXHIBIT 99.1
TORO,TORO,TORO CORP.,6-K,2026-05-05,0001140361-26-019006,EXHIBIT 99.1
TORO,TORO,TORO CORP.,6-K,2026-04-22,0001140361-26-016045,EXHIBIT 99.1
TORO,TORO,TORO CORP.,6-K,2026-04-15,0001140361-26-014704,EXHIBIT 99.1
TORO,TORO,TORO CORP.,6-K,2026-04-02,0001140361-26-012900,EXHIBIT 99.1
TORO,TORO,TORO CORP.,6-K,2026-01-16,0001140361-26-001505,EXHIBIT 99.1
LPG,LPG,DORIAN LPG LTD.,8-K,2026-09-04,0001596993-26-000041,EX-99.1
LPG,LPG,DORIAN LPG LTD.,8-K,2026-08-05,0001596993-26-000038,EX-99.1
LPG,LPG,DORIAN LPG LTD.,8-K,2026-07-30,0001104659-26-088672,8-K
LPG,LPG,DORIAN LPG LTD.,8-K,2026-07-16,0001596993-26-000031,EX-99.1
LPG,LPG,DORIAN LPG LTD.,8-K,2026-06-23,0001596993-26-000028,EX-99.1
LPG,LPG,DORIAN LPG LTD.,8-K,2026-05-20,0001596993-26-000022,EX-99.1
LPG,LPG,DORIAN LPG LTD.,8-K,2026-05-07,0001596993-26-000019,EX-99.1
LPG,LPG,DORIAN LPG LTD.,8-K,2026-05-05,0001596993-26-000016,EX-99.1
PXS,PXS,Pyxis Tankers Inc.,6-K,2026-09-04,0001493152-26-041540,EX-99.1
PXS,PXS,Pyxis Tankers Inc.,6-K,2026-05-26,0001493152-26-025165,EX-99.1
PXS,PXS,Pyxis Tankers Inc.,6-K,2026-04-24,0001493152-26-018925,EX-99.1
PXS,PXS,Pyxis Tankers Inc.,6-K,2026-04-10,0001493152-26-016046,EX-99.1
PXS,PXS,Pyxis Tankers Inc.,6-K,2026-02-02,0001493152-26-004705,EX-99.1
PXS,PXS,Pyxis Tankers Inc.,6-K,2025-11-26,0001493152-25-025064,EX-99.1
PXS,PXS,Pyxis Tankers Inc.,6-K,2025-10-06,0001493152-25-017015,6-K
PXS,PXS,Pyxis Tankers Inc.,6-K,2025-08-11,0001641172-25-022907,EX-99.1
USEA,USEA,United Maritime Corp,6-K,2026-08-07,0001140361-26-031826,EXHIBIT 99.1
USEA,USEA,United Maritime Corp,6-K,2026-05-22,0001140361-26-022602,EXHIBIT 99.1
USEA,USEA,United Maritime Corp,6-K,2026-04-09,0001140361-26-014001,EXHIBIT 99.1
USEA,USEA,United Maritime Corp,6-K,2026-03-18,0001140361-26-010247,EXHIBIT 99.1
USEA,USEA,United Maritime Corp,6-K,2026-02-19,0001140361-26-006177,EXHIBIT 99.1
USEA,USEA,United Maritime Corp,6-K,2025-11-21,0001140361-25-042970,EXHIBIT 99.1
USEA,USEA,United Maritime Corp,6-K,2025-11-03,0001140361-25-040210,6-K
USEA,USEA,United Maritime Corp,6-K,2025-10-06,0001140361-25-037268,EXHIBIT 99.1
RHB,SHIP,Seanergy Maritime Holdings Corp.,6-K,2026-08-06,0001140361-26-031674,EXHIBIT 99.1
RHB,SHIP,Seanergy Maritime Holdings Corp.,6-K,2026-07-08,0001140361-26-027976,EXHIBIT 99.1
RHB,SHIP,Seanergy Maritime Holdings Corp.,6-K,2026-07-01,0001140361-26-027075,6-K
RHB,SHIP,Seanergy Maritime Holdings Corp.,6-K,2026-05-29,0001140361-26-023314,EXHIBIT 99.1
RHB,SHIP,Seanergy Maritime Holdings Corp.,6-K,2026-04-01,0001140361-26-012740,EXHIBIT 99.1
RHB,SHIP,Seanergy Maritime Holdings Corp.,6-K,2026-03-18,0001140361-26-010248,EXHIBIT 99.1
RHB,SHIP,Seanergy Maritime Holdings Corp.,6-K,2026-02-19,0001140361-26-006178,EXHIBIT 99.1
RHB,SHIP,Seanergy Maritime Holdings Corp.,6-K,2025-11-14,0001140361-25-042316,EXHIBIT 99.1
LIND,LIND,"LINDBLAD EXPEDITIONS HOLDINGS, INC.",8-K,2026-08-03,0001437749-26-025309,"EXHIBIT 99.1 - EARNINGS PRESS RELEASE DATED AUGUST 3, 2026"
LIND,LIND,"LINDBLAD EXPEDITIONS HOLDINGS, INC.",8-K,2026-06-11,0001437749-26-020326,8-K
LIND,LIND,"LINDBLAD EXPEDITIONS HOLDINGS, INC.",8-K,2026-05-05,0001437749-26-014742,"EXHIBIT 99.1 - EARNINGS PRESS RELEASE DATED MAY 5, 2026"
LIND,LIND,"LINDBLAD EXPEDITIONS HOLDINGS, INC.",8-K,2026-03-25,0001437749-26-009801,8-K
LIND,LIND,"LINDBLAD EXPEDITIONS HOLDINGS, INC.",8-K,2026-03-03,0001437749-26-006604,8-K
LIND,LIND,"LINDBLAD EXPEDITIONS HOLDINGS, INC.",8-K,2026-02-26,0001437749-26-005736,EXHIBIT 99.1 - LINDBLAD EXPEDITIONS FOURTH QUARTER AND FULL YEAR EARNINGS PRESS RELEASE
LIND,LIND,"LINDBLAD EXPEDITIONS HOLDINGS, INC.",8-K,2026-01-20,0001437749-26-001488,"EXHIBIT 99.1 - PRESS RELEASE DATED JANUARY 20, 2026"
LIND,LIND,"LINDBLAD EXPEDITIONS HOLDINGS, INC.",8-K,2025-12-11,0001437749-25-037487,EXHIBIT 99.1 PRESS RELEASE - NATIONAL GEOGRAPHIC-LINDBLAD EXPEDITIONS EXPANDS ALASKA PROGRAM TO MEET SURGING DEMAND
SB,SB,"SAFE BULKERS, INC.",6-K,2026-07-29,0001317861-26-000037,6-K
SB,SB,"SAFE BULKERS, INC.",6-K,2026-07-27,0000930413-26-002185,c117114_ex99-1.htm
SB,SB,"SAFE BULKERS, INC.",6-K,2026-07-01,0001317861-26-000034,6-K
SB,SB,"SAFE BULKERS, INC.",6-K,2026-06-23,0001434754-26-000001,6-K
SB,SB,"SAFE BULKERS, INC.",6-K,2026-06-18,0001317861-26-000033,6-K
SB,SB,"SAFE BULKERS, INC.",6-K,2026-06-04,0000930413-26-001799,6-K
SB,SB,"SAFE BULKERS, INC.",6-K,2026-06-02,0001317861-26-000031,6-K
SB,SB,"SAFE BULKERS, INC.",6-K,2026-06-02,0000930413-26-001781,6-K
BDRY,BDRY,Amplify Commodity Trust,8-K/A,2024-11-12,0001213900-24-096801,8-K/A
BDRY,BDRY,Amplify Commodity Trust,8-K,2024-11-08,0001213900-24-095627,8-K
BDRY,BDRY,Amplify Commodity Trust,8-K,2023-12-28,0001213900-23-099280,"COPY OF PRESS RELEASE DATED DECEMBER 28, 2023"
BDRY,BDRY,Amplify Commodity Trust,8-K,2023-09-06,0001213900-23-074445,AMENDMENT NO. 1 TO THE AMENDED AND RESTATED DECLARATION OF TRUST AND TRUST AGREEMENT OF ETF MANAGERS GROUP COMMODITY TRUST I
BDRY,BDRY,Amplify Commodity Trust,8-K,2023-08-16,0001213900-23-068226,8-K
BDRY,BDRY,Amplify Commodity Trust,8-K,2023-07-18,0001213900-23-057887,8-K
BDRY,BDRY,Amplify Commodity Trust,8-K,2022-09-06,0001213900-22-054215,8-K
BDRY,BDRY,Amplify Commodity Trust,8-K,2022-04-28,0001213900-22-022296,"AUDITED FINANCIAL STATEMENTS OF ETF MANAGERS CAPITAL LLC AS OF AND FOR THE YEARS ENDED DECEMBER 31, 2021 AND 2020 AND THE NOTES RELATED THERETO"
INSW,INSW,"International Seaways, Inc.",8-K,2026-08-10,0001104659-26-093033,EXHIBIT 99.1
INSW,INSW,"International Seaways, Inc.",8-K,2026-06-12,0001104659-26-073576,8-K
INSW,INSW,"International Seaways, Inc.",8-K,2026-05-11,0001104659-26-058763,8-K
INSW,INSW,"International Seaways, Inc.",8-K,2026-05-07,0001104659-26-056695,EXHIBIT 99.1
INSW,INSW,"International Seaways, Inc.",8-K,2026-04-09,0001104659-26-041552,8-K
INSW,INSW,"International Seaways, Inc.",8-K,2026-03-31,0001104659-26-037866,8-K
INSW,INSW,"International Seaways, Inc.",8-K,2026-02-26,0001104659-26-020057,EXHIBIT 99.1
INSW,INSW,"International Seaways, Inc.",8-K,2026-01-29,0001104659-26-007733,EXHIBIT 99.1
CMBT,CMBT,CMB.TECH NV,6-K,2026-09-04,0000919574-26-006193,p15074444_ex99-1.htm
CMBT,CMBT,CMB.TECH NV,6-K,2026-08-28,0000919574-26-005821,p15059931ex_99-1.htm
CMBT,CMBT,CMB.TECH NV,6-K,2026-08-13,0000919574-26-005129,p15049955_exh99-1.htm
CMBT,CMBT,CMB.TECH NV,6-K,2026-08-11,0000919574-26-004935,p15047752ex-99_1.htm
CMBT,CMBT,CMB.TECH NV,6-K,2026-08-03,0000919574-26-004739,p15041800_ex99-1.htm
CMBT,CMBT,CMB.TECH NV,6-K,2026-06-29,0000919574-26-004142,p15022533_ex99-1.htm
CMBT,CMBT,CMB.TECH NV,6-K,2026-06-22,0000919574-26-004062,p15005411_ex99-1.htm
CMBT,CMBT,CMB.TECH NV,6-K,2026-05-26,0000919574-26-003698,p12168126_ex99.htm
OET,ECO,Okeanis Eco Tankers Corp.,6-K,2026-08-17,0001104659-26-097930,EXHIBIT 99.1
OET,ECO,Okeanis Eco Tankers Corp.,6-K,2026-08-13,0001104659-26-095242,EXHIBIT 99.1
OET,ECO,Okeanis Eco Tankers Corp.,6-K,2026-08-04,0001104659-26-090446,EXHIBIT 99.1
OET,ECO,Okeanis Eco Tankers Corp.,6-K,2026-08-04,0001104659-26-090431,EXHIBIT 99.1
OET,ECO,Okeanis Eco Tankers Corp.,6-K,2026-08-04,0001104659-26-090429,EXHIBIT 99.1
OET,ECO,Okeanis Eco Tankers Corp.,6-K,2026-07-30,0001104659-26-088713,EXHIBIT 99.1
OET,ECO,Okeanis Eco Tankers Corp.,6-K,2026-07-30,0001104659-26-088444,EXHIBIT 99.1
OET,ECO,Okeanis Eco Tankers Corp.,6-K,2026-05-29,0001104659-26-068293,EXHIBIT 99.1
DAC,DAC,Danaos Corp,6-K,2026-08-04,0001104659-26-089986,EXHIBIT 99.1
DAC,DAC,Danaos Corp,6-K,2026-06-18,0001104659-26-075446,EXHIBIT 99.1
DAC,DAC,Danaos Corp,6-K,2026-05-12,0001104659-26-059060,EXHIBIT 99.1
DAC,DAC,Danaos Corp,6-K,2026-01-20,0001104659-26-005042,EXHIBIT 99.1
DAC,DAC,Danaos Corp,6-K,2025-11-18,0001104659-25-113491,EXHIBIT 99.1
DAC,DAC,Danaos Corp,6-K,2025-10-16,0001104659-25-100092,EXHIBIT 99.1
DAC,DAC,Danaos Corp,6-K,2025-10-14,0001104659-25-098993,6-K
DAC,DAC,Danaos Corp,6-K,2025-10-09,0001104659-25-098414,EXHIBIT 99.1
MATX,MATX,"Matson, Inc.",8-K,2026-08-03,0001104659-26-089794,EX-99.1
MATX,MATX,"Matson, Inc.",8-K,2026-07-15,0001104659-26-083946,EX-99.1
MATX,MATX,"Matson, Inc.",8-K,2026-05-04,0001104659-26-054889,EX-99.1
MATX,MATX,"Matson, Inc.",8-K,2026-04-27,0001104659-26-049459,8-K
MATX,MATX,"Matson, Inc.",8-K,2026-04-24,0001104659-26-048053,EX-99.1
MATX,MATX,"Matson, Inc.",8-K,2026-03-12,0001104659-26-027171,8-K
MATX,MATX,"Matson, Inc.",8-K,2026-02-24,0001104659-26-019116,EX-99.1
MATX,MATX,"Matson, Inc.",8-K,2026-01-15,0001104659-26-003829,EX-99.1
BWLPG,BWLP,BW LPG Ltd,6-K,2026-09-02,0001213900-26-096420,"PRESS RELEASE OF BW LPG LIMITED DATED SEPTEMBER 2, 2026 - BW LPG SUCCESSFULLY PLACES A USD 300 MILLION OFFERING OF SENIOR UNSECURED CONVERTIBLE BONDS"
BWLPG,BWLP,BW LPG Ltd,6-K,2026-09-01,0001213900-26-096130,"PRESS RELEASE OF BW LPG LIMITED DATED SEPTEMBER 1, 2026 - BW LPG LAUNCHES APPROXIMATELY USD 300 MILLION SENIOR UNSECURED CONVERTIBLE BOND OFFERING"
BWLPG,BWLP,BW LPG Ltd,6-K,2026-08-28,0001104659-26-102581,EXHIBIT 99.1
BWLPG,BWLP,BW LPG Ltd,6-K,2026-08-25,0001213900-26-093508,"PRESS RELEASE OF BW LPG LIMITED DATED AUGUST 25, 2026 - BW LPG LIMITED ANNOUNCES SALE OF BW BIRCH"
BWLPG,BWLP,BW LPG Ltd,6-K,2026-08-14,0001213900-26-089401,"PRESS RELEASE OF BW LPG LIMITED DATED AUGUST 14, 2026 - Q2 2026 FINANCIAL REPORT RELEASE AND EARNINGS PRESENTATION ON 28 AUGUST 2026"
BWLPG,BWLP,BW LPG Ltd,6-K,2026-07-20,0001213900-26-079614,"PRESS RELEASE OF BW LPG LIMITED DATED JULY 20, 2026 - BW LPG ANNOUNCES SALE OF BW LEVANT"
BWLPG,BWLP,BW LPG Ltd,6-K,2026-07-16,0001213900-26-078478,"PRESS RELEASE OF BW LPG LIMITED DATED JULY 16, 2026 - UPDATE ON BW LPG'S PRODUCT SERVICES Q2 2026 SEGMENT PERFORMANCE"
BWLPG,BWLP,BW LPG Ltd,6-K,2026-07-10,0001213900-26-077135,"PRESS RELEASE OF BW LPG LIMITED DATED JULY 10, 2026"
SHIP,SHIP,Seanergy Maritime Holdings Corp.,6-K,2026-08-06,0001140361-26-031674,EXHIBIT 99.1
SHIP,SHIP,Seanergy Maritime Holdings Corp.,6-K,2026-07-08,0001140361-26-027976,EXHIBIT 99.1
SHIP,SHIP,Seanergy Maritime Holdings Corp.,6-K,2026-07-01,0001140361-26-027075,6-K
SHIP,SHIP,Seanergy Maritime Holdings Corp.,6-K,2026-05-29,0001140361-26-023314,EXHIBIT 99.1
SHIP,SHIP,Seanergy Maritime Holdings Corp.,6-K,2026-04-01,0001140361-26-012740,EXHIBIT 99.1
SHIP,SHIP,Seanergy Maritime Holdings Corp.,6-K,2026-03-18,0001140361-26-010248,EXHIBIT 99.1
SHIP,SHIP,Seanergy Maritime Holdings Corp.,6-K,2026-02-19,0001140361-26-006178,EXHIBIT 99.1
SHIP,SHIP,Seanergy Maritime Holdings Corp.,6-K,2025-11-14,0001140361-25-042316,EXHIBIT 99.1
SMHI,SMHI,SEACOR Marine Holdings Inc.,8-K,2026-07-29,0001690334-26-000021,EX-99.1
SMHI,SMHI,SEACOR Marine Holdings Inc.,8-K,2026-06-04,0001690334-26-000014,8-K
SMHI,SMHI,SEACOR Marine Holdings Inc.,8-K,2026-05-21,0001690334-26-000012,8-K
SMHI,SMHI,SEACOR Marine Holdings Inc.,8-K,2026-04-29,0001690334-26-000009,EX-99.1
SMHI,SMHI,SEACOR Marine Holdings Inc.,8-K,2026-02-25,0001193125-26-072103,EX-99.1
SMHI,SMHI,SEACOR Marine Holdings Inc.,8-K,2025-11-13,0001193125-25-280517,EX-99.1
SMHI,SMHI,SEACOR Marine Holdings Inc.,8-K,2025-10-29,0001193125-25-256404,EX-99.1
SMHI,SMHI,SEACOR Marine Holdings Inc.,8-K,2025-10-03,0001193125-25-230252,EX-99.1
IMPP,IMPP,Imperial Petroleum Inc./Marshall Islands,6-K,2026-08-28,0001193125-26-372414,EX-99.1
IMPP,IMPP,Imperial Petroleum Inc./Marshall Islands,6-K,2026-05-22,0001193125-26-237038,EX-99.1
IMPP,IMPP,Imperial Petroleum Inc./Marshall Islands,6-K,2026-03-06,0001193125-26-095219,EX-99.1
IMPP,IMPP,Imperial Petroleum Inc./Marshall Islands,6-K,2026-02-09,0001193125-26-042026,EX-99.1
IMPP,IMPP,Imperial Petroleum Inc./Marshall Islands,6-K,2025-12-19,0001193125-25-327042,6-K
IMPP,IMPP,Imperial Petroleum Inc./Marshall Islands,6-K,2025-12-12,0001193125-25-317647,EX-99.1
IMPP,IMPP,Imperial Petroleum Inc./Marshall Islands,6-K,2025-12-01,0001193125-25-303156,EX-99.1
IMPP,IMPP,Imperial Petroleum Inc./Marshall Islands,6-K,2025-09-29,0001193125-25-223281,EX-99.1
FRO,FRO,Frontline plc,6-K,2026-08-28,0000919574-26-005942,6-K
FRO,FRO,Frontline plc,6-K,2026-05-26,0000919574-26-003700,6-K
FRO,FRO,Frontline plc,6-K,2026-03-30,0000919574-26-001955,6-K
FRO,FRO,Frontline plc,6-K,2026-03-03,0000919574-26-001455,6-K
FRO,FRO,Frontline plc,6-K,2026-02-27,0000919574-26-001430,6-K
FRO,FRO,Frontline plc,6-K,2026-01-09,0000919574-26-000206,6-K
FRO,FRO,Frontline plc,6-K,2025-12-30,0000919574-25-007519,6-K
FRO,FRO,Frontline plc,6-K,2025-11-21,0000919574-25-007144,6-K
SBLK,SBLK,Star Bulk Carriers Corp.,6-K,2026-09-04,0000950157-26-000983,ex99-1.htm
SBLK,SBLK,Star Bulk Carriers Corp.,6-K,2026-09-04,0000950157-26-000982,PRESS RELEASE
SBLK,SBLK,Star Bulk Carriers Corp.,6-K,2026-08-11,0000950157-26-000874,TERMINATION LETTER
SBLK,SBLK,Star Bulk Carriers Corp.,6-K,2026-08-07,0000950157-26-000860,6-K
SBLK,SBLK,Star Bulk Carriers Corp.,6-K,2026-08-05,0000950157-26-000846,PRESS RELEASE
SBLK,SBLK,Star Bulk Carriers Corp.,6-K,2026-05-26,0000950157-26-000639,MANAGEMENT'S DISCUSSION AND ANALYSIS OF FINANCIAL CONDITION AND RESULTS OF OPERATIONS AND OUR UNAUDITED INTERIM CONDENSED CONSOLIDATED FINANCIAL STATEMENTS OF THE COMPANY
SBLK,SBLK,Star Bulk Carriers Corp.,6-K,2026-04-06,0000950157-26-000476,THE NOTICE OF ANNUAL MEETING AND PROXY STATEMENT FOR THE ANNUAL MEETING OF SHAREHOLDERS OF THE COMPANY
SBLK,SBLK,Star Bulk Carriers Corp.,6-K,2025-11-26,0000950157-25-000972,MANAGEMENT'S DISCUSSION AND ANALYSIS OF FINANCIAL CONDITION AND RESULTS OF OPERATIONS
NAT,NAT,NORDIC AMERICAN TANKERS Ltd,6-K,2026-08-27,0000919574-26-005786,p15060137_ex-1.htm
NAT,NAT,NORDIC AMERICAN TANKERS Ltd,6-K,2026-06-01,0000919574-26-003779,6-K
NAT,NAT,NORDIC AMERICAN TANKERS Ltd,6-K,2026-03-02,0000919574-26-001450,d12110853_ex99-1.htm
NAT,NAT,NORDIC AMERICAN TANKERS Ltd,6-K,2025-11-28,0000919574-25-007208,6-K
NAT,NAT,NORDIC AMERICAN TANKERS Ltd,6-K,2025-11-24,0000919574-25-007160,6-K
NAT,NAT,NORDIC AMERICAN TANKERS Ltd,6-K,2025-09-30,0000919574-25-005891,d12007573_ex99-1.htm
NAT,NAT,NORDIC AMERICAN TANKERS Ltd,6-K,2025-09-03,0000919574-25-005538,d11976558_ex99-1.htm
NAT,NAT,NORDIC AMERICAN TANKERS Ltd,6-K,2025-06-04,0000919574-25-003500,6-K
HSHP,HSHP,Himalaya Shipping Ltd.,6-K,2026-08-27,0001959455-26-000114,EX-99.1
HSHP,HSHP,Himalaya Shipping Ltd.,6-K,2026-08-18,0001959455-26-000112,EX-99.1
HSHP,HSHP,Himalaya Shipping Ltd.,6-K,2026-08-11,0001959455-26-000110,6-K
HSHP,HSHP,Himalaya Shipping Ltd.,6-K,2026-08-11,0001959455-26-000108,EX-99.1
HSHP,HSHP,Himalaya Shipping Ltd.,6-K,2026-08-11,0001959455-26-000106,EX-99.1
HSHP,HSHP,Himalaya Shipping Ltd.,6-K,2026-08-11,0001959455-26-000104,EX-99.1
HSHP,HSHP,Himalaya Shipping Ltd.,6-K,2026-08-06,0001959455-26-000102,EX-99.1
HSHP,HSHP,Himalaya Shipping Ltd.,6-K,2026-08-03,0001959455-26-000100,EX-99.1
TEN,TEN,TSAKOS ENERGY NAVIGATION LTD,6-K,2026-05-22,0001193125-26-236934,EX-99.1
TEN,TEN,TSAKOS ENERGY NAVIGATION LTD,6-K,2026-04-17,0001193125-26-161510,EX-99.1
TEN,TEN,TSAKOS ENERGY NAVIGATION LTD,6-K,2026-03-06,0001193125-26-096571,6-K
TEN,TEN,TSAKOS ENERGY NAVIGATION LTD,6-K,2025-11-21,0001193125-25-290729,EX-99.1
TEN,TEN,TSAKOS ENERGY NAVIGATION LTD,6-K,2025-10-30,0001193125-25-258668,6-K
TEN,TEN,TSAKOS ENERGY NAVIGATION LTD,6-K,2025-09-30,0001193125-25-225057,6-K
TEN,TEN,TSAKOS ENERGY NAVIGATION LTD,6-K,2025-06-25,0001193125-25-146128,EX-99.1
TEN,TEN,TSAKOS ENERGY NAVIGATION LTD,6-K,2025-04-30,0001193125-25-105752,EX-99.1
TNK,TNK,TEEKAY TANKERS LTD.,6-K,2026-07-31,0001419945-26-000056,6-K
TNK,TNK,TEEKAY TANKERS LTD.,6-K,2026-07-29,0001419945-26-000054,6-K
TNK,TNK,TEEKAY TANKERS LTD.,6-K,2026-05-15,0001419945-26-000018,6-K
TNK,TNK,TEEKAY TANKERS LTD.,6-K,2026-05-13,0001419945-26-000016,6-K
TNK,TNK,TEEKAY TANKERS LTD.,6-K,2026-05-06,0001419945-26-000011,6-K
TNK,TNK,TEEKAY TANKERS LTD.,6-K,2026-02-18,0001419945-26-000004,6-K
TNK,TNK,TEEKAY TANKERS LTD.,6-K,2025-10-31,0001419945-25-000023,6-K
TNK,TNK,TEEKAY TANKERS LTD.,6-K,2025-10-29,0001419945-25-000020,6-K
SLB,SLB,SLB LIMITED/NV,8-K,2026-08-31,0001193125-26-375358,EX-99
SLB,SLB,SLB LIMITED/NV,8-K,2026-07-24,0001193125-26-315068,EX-99
SLB,SLB,SLB LIMITED/NV,8-K,2026-06-10,0001193125-26-265771,EX-99
SLB,SLB,SLB LIMITED/NV,8-K,2026-05-12,0001193125-26-219818,8-K
SLB,SLB,SLB LIMITED/NV,8-K,2026-04-24,0001193125-26-174940,EX-99
SLB,SLB,SLB LIMITED/NV,8-K,2026-04-08,0001193125-26-147610,8-K
SLB,SLB,SLB LIMITED/NV,8-K,2026-03-11,0001193125-26-101131,EX-99
SLB,SLB,SLB LIMITED/NV,8-K,2026-01-23,0001193125-26-020133,EX-99
SFL,SFL,SFL Corp Ltd.,6-K,2026-08-26,0001289877-26-000027,6-K
SFL,SFL,SFL Corp Ltd.,6-K,2026-08-26,0001289877-26-000024,6-K
SFL,SFL,SFL Corp Ltd.,6-K,2026-05-13,0001289877-26-000021,6-K
SFL,SFL,SFL Corp Ltd.,6-K,2026-05-12,0001289877-26-000019,6-K
SFL,SFL,SFL Corp Ltd.,6-K,2026-05-12,0001289877-26-000017,6-K
SFL,SFL,SFL Corp Ltd.,6-K,2026-04-30,0001289877-26-000015,6-K
SFL,SFL,SFL Corp Ltd.,6-K,2026-04-08,0001289877-26-000013,6-K
SFL,SFL,SFL Corp Ltd.,6-K,2026-03-27,0001289877-26-000010,6-K
DSX,DSX,DIANA SHIPPING INC.,6-K,2026-08-25,0000919574-26-005707,p15057916_ex99-1.htm
DSX,DSX,DIANA SHIPPING INC.,6-K,2026-08-14,0000919574-26-005573,p15052431_exh99-1.htm
DSX,DSX,DIANA SHIPPING INC.,6-K,2026-08-11,0000919574-26-004938,p15047793ex-99_1.htm
DSX,DSX,DIANA SHIPPING INC.,6-K,2026-08-07,0000919574-26-004892,p15046354exh_99-1.htm
DSX,DSX,DIANA SHIPPING INC.,6-K,2026-08-04,0001562762-26-000088,6-K
DSX,DSX,DIANA SHIPPING INC.,6-K,2026-07-30,0000919574-26-004700,p15040324exh_99-1.htm
DSX,DSX,DIANA SHIPPING INC.,6-K,2026-07-30,0000919574-26-004697,p15040326exh_99-1.htm
DSX,DSX,DIANA SHIPPING INC.,6-K,2026-07-28,0000919574-26-004629,p15038206_ex99-1.htm
SDRL,SDRL,Seadrill Ltd,8-K,2026-08-10,0001737706-26-000023,EX-99.1 SEADRILL LIMITED 2Q 2026 PRESS RELEASE
SDRL,SDRL,Seadrill Ltd,8-K,2026-06-30,0001193125-26-290671,8-K
SDRL,SDRL,Seadrill Ltd,8-K,2026-06-22,0001193125-26-277610,EX-99.1
SDRL,SDRL,Seadrill Ltd,8-K,2026-06-18,0001193125-26-275884,8-K
SDRL,SDRL,Seadrill Ltd,8-K,2026-06-15,0001193125-26-270307,EX-99.1
SDRL,SDRL,Seadrill Ltd,8-K,2026-06-05,0001193125-26-258288,8-K
SDRL,SDRL,Seadrill Ltd,8-K,2026-05-11,0001737706-26-000013,EX-99.1 SEADRILL LIMITED 1Q 2026 PRESS RELEASE
SDRL,SDRL,Seadrill Ltd,8-K,2026-03-18,0001193125-26-113974,EX-99.1
GSL,GSL,"Global Ship Lease, Inc.",6-K,2026-08-06,0001140361-26-031697,EX-99.1
GSL,GSL,"Global Ship Lease, Inc.",6-K,2026-08-05,0001140361-26-031416,EXHIBIT 99.1
GSL,GSL,"Global Ship Lease, Inc.",6-K,2026-07-14,0001140361-26-028451,6-K
GSL,GSL,"Global Ship Lease, Inc.",6-K,2026-06-24,0001140361-26-026249,EXHIBIT 99.1
GSL,GSL,"Global Ship Lease, Inc.",6-K,2026-06-18,0001140361-26-025671,EXHIBIT 99.1
GSL,GSL,"Global Ship Lease, Inc.",6-K,2026-06-09,0001140361-26-024569,EXHIBIT 99.1
GSL,GSL,"Global Ship Lease, Inc.",6-K,2026-06-05,0001140361-26-024114,EXHIBIT 99.1
GSL,GSL,"Global Ship Lease, Inc.",6-K,2026-05-22,0001140361-26-022621,EXHIBIT 99.1
TRMDA,TRMD,TORM plc,6-K,2026-09-02,0000919574-26-006143,p15072501exh_99-1.htm
TRMDA,TRMD,TORM plc,6-K,2026-08-26,0001628280-26-058979,EX-99.1
TRMDA,TRMD,TORM plc,6-K,2026-08-26,0001628280-26-058978,EX-99.1
TRMDA,TRMD,TORM plc,6-K,2026-08-24,0000919574-26-005684,p15057626-ex99_1.htm
TRMDA,TRMD,TORM plc,6-K,2026-08-07,0000919574-26-004877,p15046186ex-99_1.htm
TRMDA,TRMD,TORM plc,6-K,2026-06-24,0000919574-26-004088,p15007436exhibit99_1.htm
TRMDA,TRMD,TORM plc,6-K,2026-06-02,0000919574-26-003796,EX-99.1
TRMDA,TRMD,TORM plc,6-K,2026-05-21,0000919574-26-003642,d12166187_ex99-1.htm
GNK,GNK,GENCO SHIPPING & TRADING LTD,8-K,2026-08-05,0001140361-26-031442,EXHIBIT 99.1
GNK,GNK,GENCO SHIPPING & TRADING LTD,8-K,2026-06-23,0001140361-26-026099,8-K
GNK,GNK,GENCO SHIPPING & TRADING LTD,8-K,2026-06-02,0001140361-26-023619,8-K
GNK,GNK,GENCO SHIPPING & TRADING LTD,8-K,2026-05-06,0001140361-26-019316,EXHIBIT 99.1
GNK,GNK,GENCO SHIPPING & TRADING LTD,8-K,2026-05-01,0001140361-26-018601,8-K
GNK,GNK,GENCO SHIPPING & TRADING LTD,8-K,2026-03-27,0001140361-26-011782,8-K
GNK,GNK,GENCO SHIPPING & TRADING LTD,8-K,2026-03-05,0001140361-26-008085,8-K
GNK,GNK,GENCO SHIPPING & TRADING LTD,8-K,2026-02-17,0001140361-26-005832,EXHIBIT 99.1
TRMD,TRMD,TORM plc,6-K,2026-09-02,0000919574-26-006143,p15072501exh_99-1.htm
TRMD,TRMD,TORM plc,6-K,2026-08-26,0001628280-26-058979,EX-99.1
TRMD,TRMD,TORM plc,6-K,2026-08-26,0001628280-26-058978,EX-99.1
TRMD,TRMD,TORM plc,6-K,2026-08-24,0000919574-26-005684,p15057626-ex99_1.htm
TRMD,TRMD,TORM plc,6-K,2026-08-07,0000919574-26-004877,p15046186ex-99_1.htm
TRMD,TRMD,TORM plc,6-K,2026-06-24,0000919574-26-004088,p15007436exhibit99_1.htm
TRMD,TRMD,TORM plc,6-K,2026-06-02,0000919574-26-003796,EX-99.1
TRMD,TRMD,TORM plc,6-K,2026-05-21,0000919574-26-003642,d12166187_ex99-1.htm
VIK,VIK,Viking Holdings Ltd,6-K,2026-08-19,0001745201-26-000021,6-K
VIK,VIK,Viking Holdings Ltd,6-K,2026-08-19,0001745201-26-000020,EX-99.1
VIK,VIK,Viking Holdings Ltd,6-K,2026-05-15,0001193125-26-227005,6-K
VIK,VIK,Viking Holdings Ltd,6-K,2026-05-14,0001745201-26-000017,6-K
VIK,VIK,Viking Holdings Ltd,6-K,2026-05-14,0001745201-26-000016,EX-99.1
VIK,VIK,Viking Holdings Ltd,6-K,2026-03-31,0001193125-26-134815,EX-99.1
VIK,VIK,Viking Holdings Ltd,6-K,2026-03-03,0001745201-26-000004,EX-99.1
VIK,VIK,Viking Holdings Ltd,6-K,2025-11-19,0001193125-25-287111,6-K
TDW,TDW,TIDEWATER INC,8-K,2026-08-31,0001104659-26-103962,EXHIBIT 99.1
TDW,TDW,TIDEWATER INC,8-K,2026-08-03,0001437749-26-025451,EXHIBIT 99.1
TDW,TDW,TIDEWATER INC,8-K,2026-07-06,0001437749-26-022594,8-K
TDW,TDW,TIDEWATER INC,8-K,2026-06-18,0001104659-26-075757,8-K
TDW,TDW,TIDEWATER INC,8-K,2026-05-04,0001437749-26-014666,EXHIBIT 99.1
TDW,TDW,TIDEWATER INC,8-K,2026-03-19,0001104659-26-032151,8-K
TDW,TDW,TIDEWATER INC,8-K,2026-03-02,0001437749-26-006392,EXHIBIT 99.1
TDW,TDW,TIDEWATER INC,8-K,2026-02-24,0001104659-26-018759,EXHIBIT 99.1
DHT,DHT,"DHT Holdings, Inc.",6-K,2026-08-05,0000950157-26-000847,PRESS RELEASE
DHT,DHT,"DHT Holdings, Inc.",6-K,2026-07-27,0000950157-26-000813,"DHT HOLDINGS, INC. ANNOUNCES FLEET UPDATE"
DHT,DHT,"DHT Holdings, Inc.",6-K,2026-07-14,0000950157-26-000799,PRESS RELEASE
DHT,DHT,"DHT Holdings, Inc.",6-K,2026-06-29,0000950157-26-000764,PRESS RELEASE
DHT,DHT,"DHT Holdings, Inc.",6-K,2026-06-22,0000950157-26-000734,PRESS RELEASE
DHT,DHT,"DHT Holdings, Inc.",6-K,2026-06-12,0000950157-26-000711,PRESS RELEASE
DHT,DHT,"DHT Holdings, Inc.",6-K,2026-05-05,0000950157-26-000576,PRESS RELEASE
DHT,DHT,"DHT Holdings, Inc.",6-K,2026-05-05,0000950157-26-000571,NOTICE OF INTERNET AVAILABILITY OF PROXY MATERIALS
GLNG,GLNG,GOLAR LNG LTD,6-K,2026-08-19,0001628280-26-057847,6-K
GLNG,GLNG,GOLAR LNG LTD,6-K,2026-08-13,0001171843-26-005484,PRESS RELEASE
GLNG,GLNG,GOLAR LNG LTD,6-K,2026-08-13,0001171843-26-005483,PRESS RELEASE
GLNG,GLNG,GOLAR LNG LTD,6-K,2026-08-13,0001171843-26-005476,PRESS RELEASE
GLNG,GLNG,GOLAR LNG LTD,6-K,2026-08-03,0001171843-26-005149,PRESS RELEASE
GLNG,GLNG,GOLAR LNG LTD,6-K,2026-06-29,0001171843-26-004337,PRESS RELEASE
GLNG,GLNG,GOLAR LNG LTD,6-K,2026-06-18,0001628280-26-044294,6-K
GLNG,GLNG,GOLAR LNG LTD,6-K,2026-05-20,0001171843-26-003564,PRESS RELEASE
ESEA,ESEA,EUROSEAS LTD.,6-K,2026-08-25,0001317861-26-000042,6-K
ESEA,ESEA,EUROSEAS LTD.,6-K,2026-08-14,0001317861-26-000041,6-K
ESEA,ESEA,EUROSEAS LTD.,6-K,2026-07-24,0000919574-26-004571,6-K
ESEA,ESEA,EUROSEAS LTD.,6-K,2026-06-23,0000919574-26-004081,p15006765_ex-1.htm
ESEA,ESEA,EUROSEAS LTD.,6-K,2026-06-16,0001317861-26-000032,6-K
ESEA,ESEA,EUROSEAS LTD.,6-K,2026-05-26,0001317861-26-000026,6-K
ESEA,ESEA,EUROSEAS LTD.,6-K,2026-05-21,0001317861-26-000024,6-K
ESEA,ESEA,EUROSEAS LTD.,6-K,2026-04-30,0001317861-26-000019,6-K
HAFNI,HAFN,Hafnia Ltd,6-K,2026-09-03,0001140361-26-035525,EXHIBIT 99.1
HAFNI,HAFN,Hafnia Ltd,6-K,2026-09-01,0001140361-26-035149,EXHIBIT 99.1
HAFNI,HAFN,Hafnia Ltd,6-K,2026-08-28,0001140361-26-034767,EXHIBIT-99.1
HAFNI,HAFN,Hafnia Ltd,6-K,2026-08-21,0001140361-26-033955,EXHIBIT 99.1
HAFNI,HAFN,Hafnia Ltd,6-K,2026-06-30,0001140361-26-026856,EXHIBIT 99.1
HAFNI,HAFN,Hafnia Ltd,6-K,2026-06-03,0001140361-26-023806,EXHIBIT 99.1
HAFNI,HAFN,Hafnia Ltd,6-K,2026-05-27,0001140361-26-022910,EXHIBIT 99.1
HAFNI,HAFN,Hafnia Ltd,6-K,2026-05-26,0001140361-26-022738,EXHIBIT 99.1
ASC,ASC,Ardmore Shipping Corp,6-K,2026-07-29,0001104659-26-087836,EX-99.1
ASC,ASC,Ardmore Shipping Corp,6-K,2026-07-29,0001104659-26-087834,6-K
ASC,ASC,Ardmore Shipping Corp,6-K,2026-06-16,0001104659-26-074572,6-K
ASC,ASC,Ardmore Shipping Corp,6-K,2026-05-07,0001104659-26-056716,EX-99.1
ASC,ASC,Ardmore Shipping Corp,6-K,2026-05-07,0001104659-26-056715,6-K
ASC,ASC,Ardmore Shipping Corp,6-K,2026-05-01,0001104659-26-054115,6-K
ASC,ASC,Ardmore Shipping Corp,6-K,2026-02-12,0001104659-26-013903,EX-99.1
ASC,ASC,Ardmore Shipping Corp,6-K,2025-11-05,0001104659-25-106689,EX-99.1
KNOP,KNOP,KNOT Offshore Partners LP,6-K,2026-09-03,0001104659-26-105067,EX-99.1
KNOP,KNOP,KNOT Offshore Partners LP,6-K,2026-08-26,0001104659-26-101087,EX-99.1
KNOP,KNOP,KNOT Offshore Partners LP,6-K,2026-06-10,0001104659-26-072081,EX-99.1
KNOP,KNOP,KNOT Offshore Partners LP,6-K,2026-05-28,0001104659-26-067518,EX-99.1
KNOP,KNOP,KNOT Offshore Partners LP,6-K,2026-03-25,0001104659-26-034126,EX-99.1
KNOP,KNOP,KNOT Offshore Partners LP,6-K,2026-03-19,0001104659-26-032074,EX-99.1
KNOP,KNOP,KNOT Offshore Partners LP,6-K,2026-01-05,0001104659-26-000460,EX-99.1
KNOP,KNOP,KNOT Offshore Partners LP,6-K,2025-12-22,0001104659-25-123570,EX-99.1
NVGS,NVGS,Navigator Holdings Ltd.,6-K,2026-08-04,0001628280-26-052620,6-K
NVGS,NVGS,Navigator Holdings Ltd.,6-K,2026-08-03,0001193125-26-329554,EX-99.1
NVGS,NVGS,Navigator Holdings Ltd.,6-K,2026-07-14,0001193125-26-302672,EX-99.1
NVGS,NVGS,Navigator Holdings Ltd.,6-K,2026-06-18,0001193125-26-275052,EX-99.1
NVGS,NVGS,Navigator Holdings Ltd.,6-K,2026-06-15,0001193125-26-271140,EX-99.1
NVGS,NVGS,Navigator Holdings Ltd.,6-K,2026-05-11,0001193125-26-215798,EX-99.1
NVGS,NVGS,Navigator Holdings Ltd.,6-K,2026-05-06,0001628280-26-030922,6-K
NVGS,NVGS,Navigator Holdings Ltd.,6-K,2026-04-15,0001193125-26-155725,EX-99.1
HAL,HAL,HALLIBURTON CO,8-K,2026-07-21,0000045012-26-000057,EX-99.1
HAL,HAL,HALLIBURTON CO,8-K,2026-06-29,0000045012-26-000055,8-K
HAL,HAL,HALLIBURTON CO,8-K,2026-05-20,0000045012-26-000045,8-K
HAL,HAL,HALLIBURTON CO,8-K,2026-04-21,0000045012-26-000036,EX-99.1
HAL,HAL,HALLIBURTON CO,8-K/A,2026-02-11,0000045012-26-000019,8-K/A
HAL,HAL,HALLIBURTON CO,8-K,2026-01-21,0000045012-26-000008,EX-99.1
HAL,HAL,HALLIBURTON CO,8-K,2026-01-14,0000045012-26-000003,EX-99.1 PRESS RELEASE LEADERSHIP
HAL,HAL,HALLIBURTON CO,8-K,2025-12-04,0000045012-25-000077,EX-99.1 PRESS RELEASE LEADERSHIP
CTRM,CTRM,Castor Maritime Inc.,6-K,2026-08-07,0001140361-26-031765,EXHIBIT 99.1
CTRM,CTRM,Castor Maritime Inc.,6-K,2026-07-20,0001140361-26-028885,EXHIBIT 99.1
CTRM,CTRM,Castor Maritime Inc.,6-K,2026-06-30,0001140361-26-026865,EXHIBIT 99.1
CTRM,CTRM,Castor Maritime Inc.,6-K,2026-06-22,0001140361-26-025851,EXHIBIT 99.1
CTRM,CTRM,Castor Maritime Inc.,6-K,2026-06-02,0001140361-26-023657,EXHIBIT 99.1
CTRM,CTRM,Castor Maritime Inc.,6-K,2026-04-15,0001140361-26-014696,EXHIBIT 99.1
CTRM,CTRM,Castor Maritime Inc.,6-K,2026-01-05,0001140361-26-000267,EXHIBIT 99.1
CTRM,CTRM,Castor Maritime Inc.,6-K,2025-12-29,0001140361-25-046687,6-K
FLNG,FLNG,Flex LNG Ltd.,6-K,2026-08-19,0001628280-26-057822,6-K
FLNG,FLNG,Flex LNG Ltd.,6-K,2026-08-19,0001628280-26-057820,EX-99.1
FLNG,FLNG,Flex LNG Ltd.,6-K,2026-05-13,0001628280-26-034365,EX-99.1
FLNG,FLNG,Flex LNG Ltd.,6-K,2026-03-25,0001628280-26-020904,EX-99.1
FLNG,FLNG,Flex LNG Ltd.,6-K,2026-03-18,0001628280-26-019050,EX-99.1
FLNG,FLNG,Flex LNG Ltd.,6-K,2026-02-11,0001628280-26-007130,EX-99.1
FLNG,FLNG,Flex LNG Ltd.,6-K,2025-12-05,0001628280-25-055489,EX-99.1
FLNG,FLNG,Flex LNG Ltd.,6-K,2025-11-12,0001628280-25-051318,EX-99.1
KEX,KEX,KIRBY CORP,8-K,2026-07-29,0001193125-26-323594,EX-99.1
KEX,KEX,KIRBY CORP,8-K,2026-04-30,0001193125-26-196337,EX-99.1
KEX,KEX,KIRBY CORP,8-K,2026-03-30,0001193125-26-131714,8-K
KEX,KEX,KIRBY CORP,8-K,2026-02-20,0001193125-26-060772,EX-99.1
KEX,KEX,KIRBY CORP,8-K,2026-01-29,0001193125-26-028839,EX-99.1
KEX,KEX,KIRBY CORP,8-K,2025-10-29,0001193125-25-255469,EX-99.1
KEX,KEX,KIRBY CORP,8-K,2025-09-08,0000950170-25-113520,EX-99.1
KEX,KEX,KIRBY CORP,8-K,2025-07-31,0000950170-25-100695,EX-99.1
STNG,STNG,Scorpio Tankers Inc.,6-K,2026-09-03,0001628280-26-060459,EX-99.1
STNG,STNG,Scorpio Tankers Inc.,6-K,2026-08-17,0001628280-26-057375,6-K
STNG,STNG,Scorpio Tankers Inc.,6-K,2026-07-30,0001628280-26-051064,EX-99.1
STNG,STNG,Scorpio Tankers Inc.,6-K,2026-07-22,0001628280-26-049198,EX-99.1
STNG,STNG,Scorpio Tankers Inc.,6-K,2026-07-01,0001628280-26-046547,EX-99.1
STNG,STNG,Scorpio Tankers Inc.,6-K,2026-06-18,0001628280-26-044319,EX-99.1
STNG,STNG,Scorpio Tankers Inc.,6-K,2026-05-28,0001628280-26-038830,6-K
STNG,STNG,Scorpio Tankers Inc.,6-K,2026-05-28,0001628280-26-038827,EX-99.1
NE,NE,Noble Corp plc,8-K,2026-07-27,0001895262-26-000138,EX-99.1
NE,NE,Noble Corp plc,8-K,2026-06-12,0001895262-26-000134,8-K
NE,NE,Noble Corp plc,8-K,2026-06-01,0001895262-26-000131,EX-99.1
NE,NE,Noble Corp plc,8-K,2026-06-01,0001895262-26-000129,EX-99.1
NE,NE,Noble Corp plc,8-K,2026-05-22,0001895262-26-000127,EX-99.1
NE,NE,Noble Corp plc,8-K,2026-04-30,0001895262-26-000114,8-K
NE,NE,Noble Corp plc,8-K,2026-04-27,0001895262-26-000108,EX-99.1
NE,NE,Noble Corp plc,8-K,2026-03-16,0001895262-26-000099,8-K
ZIM,ZIM,ZIM Integrated Shipping Services Ltd.,6-K,2026-08-19,0001178913-26-004191,EXHIBIT 99.1
ZIM,ZIM,ZIM Integrated Shipping Services Ltd.,6-K,2026-07-28,0001178913-26-003615,6-K
ZIM,ZIM,ZIM Integrated Shipping Services Ltd.,6-K,2026-07-06,0001178913-26-003413,EXHIBIT 99.1
ZIM,ZIM,ZIM Integrated Shipping Services Ltd.,6-K,2026-06-15,0001178913-26-003195,EXHIBIT 99.1
ZIM,ZIM,ZIM Integrated Shipping Services Ltd.,6-K,2026-06-01,0001178913-26-002996,EXHIBIT 99.1
ZIM,ZIM,ZIM Integrated Shipping Services Ltd.,6-K,2026-05-20,0001178913-26-002824,EXHIBIT 99.1
ZIM,ZIM,ZIM Integrated Shipping Services Ltd.,6-K,2026-05-06,0001178913-26-002420,6-K
ZIM,ZIM,ZIM Integrated Shipping Services Ltd.,6-K,2026-04-30,0001178913-26-002319,6-K
CADLR,CDLR,Cadeler A/S,6-K,2026-08-27,0001978867-26-000102,6-K
CADLR,CDLR,Cadeler A/S,6-K,2026-08-27,0001978867-26-000099,6-K
CADLR,CDLR,Cadeler A/S,6-K,2026-08-25,0001978867-26-000095,EX-99.1
CADLR,CDLR,Cadeler A/S,6-K,2026-08-25,0001978867-26-000094,EX-99
CADLR,CDLR,Cadeler A/S,6-K,2026-08-25,0001978867-26-000089,6-K
CADLR,CDLR,Cadeler A/S,6-K,2026-08-14,0001978867-26-000086,6-K
CADLR,CDLR,Cadeler A/S,6-K,2026-08-12,0001978867-26-000084,EX-99.1
CADLR,CDLR,Cadeler A/S,6-K,2026-08-11,0001978867-26-000082,6-K
OSG,OSG,OCTAVE SPECIALTY GROUP INC,8-K,2026-08-06,0001628280-26-054440,EX-99.1
OSG,OSG,OCTAVE SPECIALTY GROUP INC,8-K,2026-05-29,0001628280-26-039234,8-K
OSG,OSG,OCTAVE SPECIALTY GROUP INC,8-K,2026-05-06,0001628280-26-031377,EX-99.1
OSG,OSG,OCTAVE SPECIALTY GROUP INC,8-K,2026-04-07,0001628280-26-024072,8-K
OSG,OSG,OCTAVE SPECIALTY GROUP INC,8-K,2026-02-23,0001628280-26-010639,EX-99.1
OSG,OSG,OCTAVE SPECIALTY GROUP INC,8-K,2026-01-06,0001628280-26-000870,EX-99.1
OSG,OSG,OCTAVE SPECIALTY GROUP INC,8-K,2025-12-15,0001628280-25-057024,EX-99.1
OSG,OSG,OCTAVE SPECIALTY GROUP INC,8-K,2025-11-10,0001628280-25-051169,EX-99.1
GASS,GASS,StealthGas Inc.,6-K,2026-09-03,0001193125-26-381114,EX-99.1
GASS,GASS,StealthGas Inc.,6-K,2026-08-28,0001193125-26-372413,EX-99.1
GASS,GASS,StealthGas Inc.,6-K,2026-06-08,0001193125-26-261843,EX-99.1
GASS,GASS,StealthGas Inc.,6-K,2026-03-03,0001193125-26-088361,EX-99.1
GASS,GASS,StealthGas Inc.,6-K,2025-11-25,0001193125-25-297329,EX-99.1
GASS,GASS,StealthGas Inc.,6-K,2025-08-29,0001193125-25-191688,EX-99.1
GASS,GASS,StealthGas Inc.,6-K,2025-08-25,0001193125-25-187735,EX-99.1
GASS,GASS,StealthGas Inc.,6-K,2025-05-30,0001193125-25-131459,EX-99.1
PANL,PANL,Pangaea Logistics Solutions Ltd.,8-K,2026-08-10,0001628280-26-055346,EX-99.1
PANL,PANL,Pangaea Logistics Solutions Ltd.,8-K,2026-06-08,0001628280-26-041387,8-K
PANL,PANL,Pangaea Logistics Solutions Ltd.,8-K,2026-05-12,0001628280-26-033728,8-K
PANL,PANL,Pangaea Logistics Solutions Ltd.,8-K,2026-05-11,0001628280-26-033663,EX-99.1
PANL,PANL,Pangaea Logistics Solutions Ltd.,8-K,2026-03-11,0001628280-26-016596,EX-99.1
PANL,PANL,Pangaea Logistics Solutions Ltd.,8-K,2026-02-17,0001606909-26-000004,EX-99.1
PANL,PANL,Pangaea Logistics Solutions Ltd.,8-K,2025-12-18,0001606909-25-000178,EX-99.1
PANL,PANL,Pangaea Logistics Solutions Ltd.,8-K,2025-11-28,0001606909-25-000169,EX-99.1
RCL,RCL,ROYAL CARIBBEAN CRUISES LTD,8-K,2026-08-20,0001104659-26-099245,8-K
RCL,RCL,ROYAL CARIBBEAN CRUISES LTD,8-K,2026-08-07,0001104659-26-092371,8-K
RCL,RCL,ROYAL CARIBBEAN CRUISES LTD,8-K,2026-07-28,0000884887-26-000036,EX-99.1
RCL,RCL,ROYAL CARIBBEAN CRUISES LTD,8-K,2026-07-20,0001104659-26-085080,EXHIBIT 99.1
RCL,RCL,ROYAL CARIBBEAN CRUISES LTD,8-K,2026-05-28,0000884887-26-000030,8-K
RCL,RCL,ROYAL CARIBBEAN CRUISES LTD,8-K,2026-05-20,0001104659-26-064412,8-K
RCL,RCL,ROYAL CARIBBEAN CRUISES LTD,8-K,2026-04-30,0000884887-26-000024,EX-99.1
RCL,RCL,ROYAL CARIBBEAN CRUISES LTD,8-K,2026-02-27,0001104659-26-021624,8-K
VAL,VAL,Valaris Ltd,8-K,2026-08-05,0000314808-26-000139,EX-99.1
VAL,VAL,Valaris Ltd,8-K,2026-08-05,0000314808-26-000138,EX-99.1
VAL,VAL,Valaris Ltd,8-K,2026-07-01,0001140361-26-027091,8-K
VAL,VAL,Valaris Ltd,8-K,2026-06-10,0000314808-26-000107,8-K
VAL,VAL,Valaris Ltd,8-K,2026-05-05,0001140361-26-018999,8-K
VAL,VAL,Valaris Ltd,8-K,2026-05-04,0000314808-26-000098,EX-99.1
VAL,VAL,Valaris Ltd,8-K,2026-05-04,0000314808-26-000097,EX-99.1
VAL,VAL,Valaris Ltd,8-K,2026-02-19,0000314808-26-000025,EX-99.1
RIG,RIG,Transocean Ltd.,8-K,2026-08-20,0001451505-26-000064,EX-99.1
RIG,RIG,Transocean Ltd.,8-K,2026-08-05,0001451505-26-000058,EX-99.1
RIG,RIG,Transocean Ltd.,8-K,2026-07-01,0001104659-26-079622,EXHIBIT 99.1
RIG,RIG,Transocean Ltd.,8-K,2026-06-16,0001451505-26-000052,EX-99.1
RIG,RIG,Transocean Ltd.,8-K,2026-05-26,0001451505-26-000049,8-K
RIG,RIG,Transocean Ltd.,8-K,2026-05-19,0001104659-26-063883,8-K
RIG,RIG,Transocean Ltd.,8-K,2026-05-05,0001104659-26-055235,8-K
RIG,RIG,Transocean Ltd.,8-K,2026-05-04,0001451505-26-000041,EX-99.1
CMRE,CMRE,Costamare Inc.,6-K,2026-08-13,0001171843-26-005469,EXHIBIT 99.1
CMRE,CMRE,Costamare Inc.,6-K,2026-08-12,0001140361-26-032386,EXHIBIT 99.1
CMRE,CMRE,Costamare Inc.,6-K,2026-07-27,0001171843-26-004877,EXHIBIT 99.1
CMRE,CMRE,Costamare Inc.,6-K,2026-07-13,0001171843-26-004591,PRESS RELEASE
CMRE,CMRE,Costamare Inc.,6-K,2026-07-01,0001171843-26-004411,PRESS RELEASE
CMRE,CMRE,Costamare Inc.,6-K,2026-05-20,0001171843-26-003578,EXHIBIT 99.1
CMRE,CMRE,Costamare Inc.,6-K,2026-04-29,0001171843-26-002794,EXHIBIT 99.1
CMRE,CMRE,Costamare Inc.,6-K,2026-04-02,0001171843-26-002199,PRESS RELEASE
DLNG,DLNG,Dynagas LNG Partners LP,6-K,2026-08-13,0001317861-26-000040,6-K
DLNG,DLNG,Dynagas LNG Partners LP,6-K,2026-07-23,0001317861-26-000035,6-K
DLNG,DLNG,Dynagas LNG Partners LP,6-K,2026-05-29,0001317861-26-000029,6-K
DLNG,DLNG,Dynagas LNG Partners LP,6-K,2026-05-11,0001317861-26-000020,6-K
DLNG,DLNG,Dynagas LNG Partners LP,6-K,2026-04-24,0001317861-26-000018,6-K
DLNG,DLNG,Dynagas LNG Partners LP,6-K,2026-03-13,0001317861-26-000012,6-K
DLNG,DLNG,Dynagas LNG Partners LP,6-K,2026-02-12,0001317861-26-000005,6-K
DLNG,DLNG,Dynagas LNG Partners LP,6-K,2026-01-23,0001317861-26-000003,6-K
CCL,CCL,Carnival Corp Ltd.,8-K,2026-08-05,0000950142-26-002267,8-K
CCL,CCL,Carnival Corp Ltd.,8-K,2026-06-23,0000815097-26-000086,EX-99.1
CCL,CCL,Carnival Corp Ltd.,8-K,2026-05-07,0001104659-26-057200,EXHIBIT 99.1
CCL,CCL,Carnival Corp Ltd.,8-K,2026-04-20,0000815097-26-000043,8-K
CCL,CCL,Carnival Corp Ltd.,8-K,2026-03-27,0000815097-26-000034,EX-99.1
CCL,CCL,Carnival Corp Ltd.,8-K,2026-02-20,0000950142-26-000454,8-K
CCL,CCL,Carnival Corp Ltd.,8-K,2026-02-12,0000950142-26-000354,8-K
CCL,CCL,Carnival Corp Ltd.,8-K,2025-12-19,0001628280-25-058106,EX-99.1
SVRN,SVRN,OceanPal Inc.,6-K,2026-08-27,0000919574-26-005810,p15060228_ex99-1.htm
SVRN,SVRN,OceanPal Inc.,6-K,2026-08-03,0000919574-26-004742,p15043250ex_99-1.htm
SVRN,SVRN,OceanPal Inc.,6-K,2026-06-18,0000919574-26-004049,p15004346_ex99-1.htm
SVRN,SVRN,OceanPal Inc.,6-K,2026-05-22,0000919574-26-003683,EX-99.1
SVRN,SVRN,OceanPal Inc.,6-K,2026-05-15,0000919574-26-003444,6-K
SVRN,SVRN,OceanPal Inc.,6-K,2026-05-13,0000919574-26-002998,d12161479_ex99-1.htm
SVRN,SVRN,OceanPal Inc.,6-K,2026-04-16,0000919574-26-002260,d12143332_ex99-1.htm
SVRN,SVRN,OceanPal Inc.,6-K,2026-04-09,0000919574-26-002157,s12139259_ex99-1.htm
MMLP,MMLP,MARTIN MIDSTREAM PARTNERS L.P.,8-K,2026-07-22,0001176334-26-000025,EX-99.1
MMLP,MMLP,MARTIN MIDSTREAM PARTNERS L.P.,8-K,2026-04-22,0001176334-26-000019,EX-99.1
MMLP,MMLP,MARTIN MIDSTREAM PARTNERS L.P.,8-K,2026-04-06,0001176334-26-000016,8-K
MMLP,MMLP,MARTIN MIDSTREAM PARTNERS L.P.,8-K,2026-02-18,0001176334-26-000006,EX-99.1
MMLP,MMLP,MARTIN MIDSTREAM PARTNERS L.P.,8-K,2025-10-15,0001176334-25-000124,EX-99.1
MMLP,MMLP,MARTIN MIDSTREAM PARTNERS L.P.,8-K,2025-09-24,0001176334-25-000121,EX-99.1
MMLP,MMLP,MARTIN MIDSTREAM PARTNERS L.P.,8-K,2025-07-16,0001176334-25-000110,EX-99.1
MMLP,MMLP,MARTIN MIDSTREAM PARTNERS L.P.,8-K,2025-04-16,0001176334-25-000057,EX-99.1
PSHG,PSHG,Performance Shipping Inc.,6-K,2026-07-31,0001140361-26-030484,6-K
PSHG,PSHG,Performance Shipping Inc.,6-K,2026-07-15,0001140361-26-028544,EXHIBIT 99.1
PSHG,PSHG,Performance Shipping Inc.,6-K,2026-07-08,0001140361-26-027962,EXHIBIT 99.1
PSHG,PSHG,Performance Shipping Inc.,6-K,2026-07-06,0001140361-26-027635,EXHIBIT 99.1
PSHG,PSHG,Performance Shipping Inc.,6-K,2026-06-29,0001140361-26-026720,EXHIBIT 99.1
PSHG,PSHG,Performance Shipping Inc.,6-K,2026-05-26,0001140361-26-022858,EXHIBIT 99.1
PSHG,PSHG,Performance Shipping Inc.,6-K,2026-04-16,0001140361-26-015132,EXHIBIT 99.1
PSHG,PSHG,Performance Shipping Inc.,6-K,2026-04-14,0001140361-26-014604,EXHIBIT 99.1
BORR,BORR,Borr Drilling Ltd,6-K,2026-08-13,0001140361-26-032660,EXHIBIT 99.1
BORR,BORR,Borr Drilling Ltd,6-K,2026-08-13,0001140361-26-032598,EXHIBIT 99.1
BORR,BORR,Borr Drilling Ltd,6-K,2026-08-12,0001628280-26-055957,6-K
BORR,BORR,Borr Drilling Ltd,6-K,2026-07-29,0001140361-26-029929,EXHIBIT 99.1
BORR,BORR,Borr Drilling Ltd,6-K,2026-07-15,0001140361-26-028487,EXHIBIT 99.1
BORR,BORR,Borr Drilling Ltd,6-K,2026-06-30,0001140361-26-026831,EXHIBIT 99.1
BORR,BORR,Borr Drilling Ltd,6-K,2026-06-11,0001140361-26-024890,EXHIBIT 99.1
BORR,BORR,Borr Drilling Ltd,6-K,2026-06-09,0001140361-26-024590,EXHIBIT 99.1
NCLH,NCLH,Norwegian Cruise Line Holdings Ltd.,8-K/A,2026-08-12,0001104659-26-094888,8-K/A
NCLH,NCLH,Norwegian Cruise Line Holdings Ltd.,8-K,2026-07-30,0001171843-26-005050,PRESS RELEASE
NCLH,NCLH,Norwegian Cruise Line Holdings Ltd.,8-K,2026-06-16,0001104659-26-074589,8-K
NCLH,NCLH,Norwegian Cruise Line Holdings Ltd.,8-K,2026-05-29,0001104659-26-068271,8-K
NCLH,NCLH,Norwegian Cruise Line Holdings Ltd.,8-K,2026-05-04,0001171843-26-002957,PRESS RELEASE
NCLH,NCLH,Norwegian Cruise Line Holdings Ltd.,8-K,2026-03-27,0001104659-26-035746,EXHIBIT 99.1
NCLH,NCLH,Norwegian Cruise Line Holdings Ltd.,8-K,2026-03-27,0001104659-26-035686,EXHIBIT 99.1
NCLH,NCLH,Norwegian Cruise Line Holdings Ltd.,8-K,2026-03-16,0001104659-26-027944,8-K
OMEX,OMEX,ODYSSEY MARINE EXPLORATION INC,8-K,2026-07-24,0001193125-26-316151,8-K
OMEX,OMEX,ODYSSEY MARINE EXPLORATION INC,8-K,2026-06-03,0001193125-26-254482,8-K
OMEX,OMEX,ODYSSEY MARINE EXPLORATION INC,8-K,2026-04-14,0001193125-26-155059,EX-99.1
OMEX,OMEX,ODYSSEY MARINE EXPLORATION INC,8-K,2026-04-08,0001193125-26-146442,EX-99.1
OMEX,OMEX,ODYSSEY MARINE EXPLORATION INC,8-K,2026-02-27,0001193125-26-083261,8-K
OMEX,OMEX,ODYSSEY MARINE EXPLORATION INC,8-K,2025-10-14,0001193125-25-239071,8-K
OMEX,OMEX,ODYSSEY MARINE EXPLORATION INC,8-K,2025-09-30,0001193125-25-225114,8-K
OMEX,OMEX,ODYSSEY MARINE EXPLORATION INC,8-K,2025-09-23,0001193125-25-213431,8-K
HTCO,HTCO,High-Trend International Group,6-K,2026-07-22,0001213900-26-080184,"UNAUDITED CONDENSED CONSOLIDATED FINANCIAL STATEMENTS AS OF APRIL 30, 2026 AND FOR THE SIX MONTHS ENDED APRIL 30, 2026"
HTCO,HTCO,High-Trend International Group,6-K,2026-05-14,0001213900-26-056744,"PRESS RELEASE DATED MAY 13, 2026"
HTCO,HTCO,High-Trend International Group,6-K,2026-05-14,0001213900-26-056684,"PRESS RELEASE DATED MAY 14, 2026"
HTCO,HTCO,High-Trend International Group,6-K,2026-05-11,0001213900-26-054499,"PRESS RELEASE DATED MAY 11, 2026"
HTCO,HTCO,High-Trend International Group,6-K,2026-05-04,0001213900-26-051177,"PRESS RELEASE DATED MAY 4, 2026"
HTCO,HTCO,High-Trend International Group,6-K,2026-04-06,0001213900-26-040494,NOTICE OF MEETING OF HOLDERS OF CLASS A ORDINARY SHARES
HTCO,HTCO,High-Trend International Group,6-K,2026-03-13,0001213900-26-027299,"PRESS RELEASE DATED MARCH 13, 2026"
HTCO,HTCO,High-Trend International Group,6-K,2026-01-28,0001213900-26-008573,"PRESS RELEASE DATED JANUARY 28, 2026"
NFE,NFE,New Fortress Energy Inc.,8-K,2026-08-21,0001749723-26-000110,8-K
NFE,NFE,New Fortress Energy Inc.,8-K,2026-06-25,0001749723-26-000101,8-K
NFE,NFE,New Fortress Energy Inc.,8-K,2026-06-17,0001749723-26-000094,8-K
NFE,NFE,New Fortress Energy Inc.,8-K,2026-06-05,0001749723-26-000088,8-K
NFE,NFE,New Fortress Energy Inc.,8-K,2026-05-18,0001749723-26-000067,EX-99.1
NFE,NFE,New Fortress Energy Inc.,8-K,2026-05-12,0001749723-26-000054,EX-99.1
NFE,NFE,New Fortress Energy Inc.,8-K,2026-05-07,0001749723-26-000045,8-K
NFE,NFE,New Fortress Energy Inc.,8-K,2026-04-14,0001749723-26-000035,8-K
TOPS,TOPS,TOP SHIPS INC.,6-K,2026-08-17,0001171843-26-005592,PRESS RELEASE
TOPS,TOPS,TOP SHIPS INC.,6-K,2026-07-28,0001171843-26-004920,PRESS RELEASE
TOPS,TOPS,TOP SHIPS INC.,6-K,2026-07-27,0001171843-26-004884,PRESS RELEASE
TOPS,TOPS,TOP SHIPS INC.,6-K,2026-07-22,0001171843-26-004816,PRESS RELEASE
TOPS,TOPS,TOP SHIPS INC.,6-K,2026-07-16,0001171843-26-004712,PRESS RELEASE
TOPS,TOPS,TOP SHIPS INC.,6-K,2026-07-15,0001171843-26-004667,PRESS RELEASE
TOPS,TOPS,TOP SHIPS INC.,6-K,2026-06-26,0001140361-26-026572,EXHIBIT 99.1
TOPS,TOPS,TOP SHIPS INC.,6-K,2026-05-29,0001171843-26-003792,6-K
TRTN,TRTN,Triton International Ltd,6-K,2026-08-18,0001628280-26-057537,6-K
TRTN,TRTN,Triton International Ltd,6-K,2026-07-31,0001628280-26-051232,6-K
TRTN,TRTN,Triton International Ltd,6-K,2026-04-28,0001628280-26-027868,6-K
TRTN,TRTN,Triton International Ltd,6-K,2026-01-21,0001193125-26-017350,6-K
TRTN,TRTN,Triton International Ltd,6-K,2026-01-12,0001193125-26-009977,EX-99.1
TRTN,TRTN,Triton International Ltd,6-K,2025-11-25,0001660734-25-000036,6-K
TRTN,TRTN,Triton International Ltd,6-K,2025-11-06,0001660734-25-000034,6-K
TRTN,TRTN,Triton International Ltd,6-K,2025-08-22,0001660734-25-000030,6-K
VALE,VALE,Vale S.A.,6-K,2026-08-28,0001292814-26-004381,6-K
VALE,VALE,Vale S.A.,6-K/A,2026-08-24,0001292814-26-004322,6-K/A
VALE,VALE,Vale S.A.,6-K,2026-08-20,0001292814-26-004308,6-K
VALE,VALE,Vale S.A.,6-K,2026-08-13,0001292814-26-004212,6-K
VALE,VALE,Vale S.A.,6-K/A,2026-08-06,0001292814-26-004095,6-K/A
VALE,VALE,Vale S.A.,6-K,2026-08-06,0001292814-26-004085,6-K
VALE,VALE,Vale S.A.,6-K,2026-08-05,0001292814-26-004075,6-K
VALE,VALE,Vale S.A.,6-K,2026-08-05,0001292814-26-004049,6-K
RIO,RIO,RIO TINTO PLC,6-K,2026-09-01,0001628280-26-059733,EX-99.1
RIO,RIO,RIO TINTO PLC,6-K,2026-08-03,0000863064-26-000037,EX-99.1
RIO,RIO,RIO TINTO PLC,6-K,2026-07-29,0001628280-26-050377,EX-99.1
RIO,RIO,RIO TINTO PLC,6-K,2026-07-15,0000863064-26-000035,EX-99.1
RIO,RIO,RIO TINTO PLC,6-K,2026-07-01,0000863064-26-000033,EX-99.1
RIO,RIO,RIO TINTO PLC,6-K,2026-06-01,0000863064-26-000031,EX-99.1
RIO,RIO,RIO TINTO PLC,6-K,2026-05-14,0000863064-26-000029,EX-99.1
RIO,RIO,RIO TINTO PLC,6-K,2026-05-06,0000863064-26-000026,EX-99.1
BHP,BHP,BHP Group Ltd,6-K,2026-08-28,0001193125-26-371991,6-K
BHP,BHP,BHP Group Ltd,6-K,2026-08-26,0001193125-26-365512,6-K
BHP,BHP,BHP Group Ltd,6-K,2026-08-19,0001193125-26-355840,6-K
BHP,BHP,BHP Group Ltd,6-K,2026-07-17,0001193125-26-306705,6-K
BHP,BHP,BHP Group Ltd,6-K,2026-07-01,0001193125-26-291598,6-K
BHP,BHP,BHP Group Ltd,6-K,2026-07-01,0001193125-26-291596,6-K
BHP,BHP,BHP Group Ltd,6-K,2026-06-30,0001193125-26-290837,6-K
BHP,BHP,BHP Group Ltd,6-K,2026-06-26,0001193125-26-283778,6-K
TECK,TECK,TECK RESOURCES LTD,6-K,2026-09-01,0000950142-26-002470,EXHIBIT 99.1
TECK,TECK,TECK RESOURCES LTD,6-K,2026-08-12,0000950142-26-002318,EXHIBIT 99.1
TECK,TECK,TECK RESOURCES LTD,6-K,2026-08-03,0000950142-26-002250,EXHIBIT 99.1
TECK,TECK,TECK RESOURCES LTD,6-K,2026-07-30,0000950142-26-002197,EXHIBIT 99.1
TECK,TECK,TECK RESOURCES LTD,6-K,2026-07-24,0000950142-26-002159,EXHIBIT 99.1
TECK,TECK,TECK RESOURCES LTD,6-K,2026-07-24,0000950142-26-002158,EXHIBIT 99.1
TECK,TECK,TECK RESOURCES LTD,6-K,2026-07-09,0000950142-26-002006,EXHIBIT 99.1
TECK,TECK,TECK RESOURCES LTD,6-K,2026-07-07,0000950142-26-001993,EXHIBIT 99.1
SID,SID,NATIONAL STEEL CO,6-K,2026-09-03,0001292814-26-004460,6-K
SID,SID,NATIONAL STEEL CO,6-K,2026-08-27,0001292814-26-004375,6-K
SID,SID,NATIONAL STEEL CO,6-K,2026-08-13,0001292814-26-004216,6-K
SID,SID,NATIONAL STEEL CO,6-K,2026-08-11,0001292814-26-004188,6-K
SID,SID,NATIONAL STEEL CO,6-K,2026-08-11,0001292814-26-004186,6-K
SID,SID,NATIONAL STEEL CO,6-K,2026-08-10,0001292814-26-004156,6-K
SID,SID,NATIONAL STEEL CO,6-K,2026-07-31,0001292814-26-003996,6-K
SID,SID,NATIONAL STEEL CO,6-K,2026-07-31,0001292814-26-003994,6-K
FCX,FCX,FREEPORT-MCMORAN INC,8-K,2026-07-23,0000831259-26-000033,EX-99.1
FCX,FCX,FREEPORT-MCMORAN INC,8-K,2026-06-10,0000831259-26-000030,8-K
FCX,FCX,FREEPORT-MCMORAN INC,8-K,2026-05-20,0000831259-26-000027,8-K
FCX,FCX,FREEPORT-MCMORAN INC,8-K,2026-04-23,0000831259-26-000021,EX-99.1
FCX,FCX,FREEPORT-MCMORAN INC,8-K,2026-03-23,0000831259-26-000018,8-K
FCX,FCX,FREEPORT-MCMORAN INC,8-K/A,2026-02-27,0000831259-26-000016,EX-99.2
FCX,FCX,FREEPORT-MCMORAN INC,8-K,2026-02-24,0000831259-26-000014,EX-99.1
FCX,FCX,FREEPORT-MCMORAN INC,8-K,2026-01-22,0000831259-26-000006,EX-99.1
AA,AA,Alcoa Corp,8-K,2026-07-16,0001193125-26-306118,EX-99.1
AA,AA,Alcoa Corp,8-K,2026-07-02,0000950103-26-010155,8-K
AA,AA,Alcoa Corp,8-K,2026-07-01,0000950103-26-009899,EXHIBIT 99.1
AA,AA,Alcoa Corp,8-K,2026-05-11,0001193125-26-216915,8-K
AA,AA,Alcoa Corp,8-K,2026-05-04,0001193125-26-203996,8-K
AA,AA,Alcoa Corp,8-K,2026-04-16,0001193125-26-159018,EX-99.1
AA,AA,Alcoa Corp,8-K,2026-04-14,0001193125-26-154986,EX-99.1
AA,AA,Alcoa Corp,8-K,2026-01-22,0001193125-26-019438,EX-99.1
MT,MT,ArcelorMittal,6-K,2026-08-17,0001243429-26-000080,EX-99.1
MT,MT,ArcelorMittal,6-K,2026-08-03,0001243429-26-000077,EX-99.1
MT,MT,ArcelorMittal,6-K,2026-07-31,0001243429-26-000075,6-K
MT,MT,ArcelorMittal,6-K,2026-07-30,0001243429-26-000072,EX-99.1
MT,MT,ArcelorMittal,6-K,2026-07-24,0001243429-26-000069,EX-99.1
MT,MT,ArcelorMittal,6-K,2026-07-06,0001243429-26-000063,EX-99.1
MT,MT,ArcelorMittal,6-K,2026-06-30,0001243429-26-000058,EX-99.1
MT,MT,ArcelorMittal,6-K,2026-06-26,0001243429-26-000056,EX-99.1
CLF,CLF,CLEVELAND-CLIFFS INC.,8-K,2026-07-24,0000764065-26-000102,8-K
CLF,CLF,CLEVELAND-CLIFFS INC.,8-K,2026-07-23,0000764065-26-000097,EX-99.1
CLF,CLF,CLEVELAND-CLIFFS INC.,8-K,2026-05-20,0000764065-26-000086,8-K
CLF,CLF,CLEVELAND-CLIFFS INC.,8-K,2026-04-20,0000764065-26-000067,EX-99.1
CLF,CLF,CLEVELAND-CLIFFS INC.,8-K,2026-02-23,0000764065-26-000044,8-K
CLF,CLF,CLEVELAND-CLIFFS INC.,8-K,2026-02-09,0000764065-26-000022,EX-99.1
CLF,CLF,CLEVELAND-CLIFFS INC.,8-K,2025-11-12,0000764065-25-000162,8-K
CLF,CLF,CLEVELAND-CLIFFS INC.,8-K,2025-10-31,0000764065-25-000160,8-K
BTU,BTU,PEABODY ENERGY CORP,8-K,2026-08-28,0001064728-26-000059,8-K
BTU,BTU,PEABODY ENERGY CORP,8-K,2026-08-11,0001064728-26-000055,EX-99.1
BTU,BTU,PEABODY ENERGY CORP,8-K,2026-07-29,0001064728-26-000038,EX-99.1
BTU,BTU,PEABODY ENERGY CORP,8-K,2026-07-01,0001193125-26-291466,8-K
BTU,BTU,PEABODY ENERGY CORP,8-K,2026-06-15,0001193125-26-270268,EX-99.1
BTU,BTU,PEABODY ENERGY CORP,8-K,2026-06-02,0001193125-26-252668,8-K
BTU,BTU,PEABODY ENERGY CORP,8-K,2026-05-29,0001193125-26-245937,EX-99.1
BTU,BTU,PEABODY ENERGY CORP,8-K,2026-05-28,0001193125-26-242965,EX-99.1
HCC,HCC,"WARRIOR MET COAL, INC.",8-K,2026-08-05,0001193125-26-335017,EX-99.1
HCC,HCC,"WARRIOR MET COAL, INC.",8-K,2026-04-30,0001193125-26-197165,EX-99.1
HCC,HCC,"WARRIOR MET COAL, INC.",8-K,2026-04-21,0001691303-26-000011,8-K
HCC,HCC,"WARRIOR MET COAL, INC.",8-K,2026-02-12,0001193125-26-048678,EX-99.1
HCC,HCC,"WARRIOR MET COAL, INC.",8-K,2026-01-16,0001193125-26-015506,8-K
HCC,HCC,"WARRIOR MET COAL, INC.",8-K,2025-11-05,0001193125-25-266870,EX-99.1
HCC,HCC,"WARRIOR MET COAL, INC.",8-K,2025-09-26,0001691303-25-000048,EX-99.1
HCC,HCC,"WARRIOR MET COAL, INC.",8-K,2025-09-02,0001691303-25-000039,8-K
AMR,AMR,"Alpha Metallurgical Resources, Inc.",8-K,2026-08-07,0001704715-26-000032,"INVESTOR PRESENTATION DATED AUGUST 7, 2026"
AMR,AMR,"Alpha Metallurgical Resources, Inc.",8-K,2026-08-07,0001704715-26-000030,"PRESS RELEASE DATED AUGUST 7, 2026"
AMR,AMR,"Alpha Metallurgical Resources, Inc.",8-K,2026-07-27,0001704715-26-000025,"PRESS RELEASE DATED JULY 27, 2026"
AMR,AMR,"Alpha Metallurgical Resources, Inc.",8-K,2026-06-18,0001704715-26-000023,"PRESS RELEASE DATED JUNE 18, 2026"
AMR,AMR,"Alpha Metallurgical Resources, Inc.",8-K,2026-05-15,0001704715-26-000021,8-K
AMR,AMR,"Alpha Metallurgical Resources, Inc.",8-K,2026-05-08,0001704715-26-000019,"INVESTOR PRESENTATION DATED MAY 8, 2026"
AMR,AMR,"Alpha Metallurgical Resources, Inc.",8-K,2026-05-08,0001704715-26-000017,"PRESS RELEASE DATED MAY 8, 2026"
AMR,AMR,"Alpha Metallurgical Resources, Inc.",8-K,2026-04-24,0001704715-26-000013,"PRESS RELEASE DATED APRIL 24, 2026"
ARCH,0001037676,"ARCH RESOURCES, INC.",8-K,2025-01-15,0001104659-25-003782,EXHIBIT 99.1
ARCH,0001037676,"ARCH RESOURCES, INC.",8-K,2025-01-10,0001104659-25-002248,8-K
ARCH,0001037676,"ARCH RESOURCES, INC.",8-K,2025-01-03,0001104659-25-000570,8-K
ARCH,0001037676,"ARCH RESOURCES, INC.",8-K,2024-11-05,0001104659-24-114094,EXHIBIT 99.1
ARCH,0001037676,"ARCH RESOURCES, INC.",8-K,2024-10-15,0001104659-24-108344,EXHIBIT 99.1
ARCH,0001037676,"ARCH RESOURCES, INC.",8-K,2024-08-21,0001104659-24-091443,EXHIBIT 99.1
ARCH,0001037676,"ARCH RESOURCES, INC.",8-K,2024-07-25,0001104659-24-082504,EXHIBIT 99.1
ARCH,0001037676,"ARCH RESOURCES, INC.",8-K,2024-05-09,0001104659-24-059194,8-K
ADM,ADM,Archer-Daniels-Midland Co,8-K,2026-08-12,0001193125-26-345800,8-K
ADM,ADM,Archer-Daniels-Midland Co,8-K,2026-08-10,0001193125-26-342579,8-K
ADM,ADM,Archer-Daniels-Midland Co,8-K,2026-08-04,0000007084-26-000040,EX-99.1
ADM,ADM,Archer-Daniels-Midland Co,8-K,2026-07-23,0001193125-26-314103,EX-99.1
ADM,ADM,Archer-Daniels-Midland Co,8-K,2026-05-12,0000007084-26-000027,8-K
ADM,ADM,Archer-Daniels-Midland Co,8-K,2026-05-05,0000007084-26-000021,EX-99.1
ADM,ADM,Archer-Daniels-Midland Co,8-K,2026-03-10,0001193125-26-100440,EX-99.1
ADM,ADM,Archer-Daniels-Midland Co,8-K,2026-02-03,0000007084-26-000005,EX-99.1
BG,BG,Bunge Global SA,8-K,2026-09-03,0001628280-26-060388,8-K
BG,BG,Bunge Global SA,8-K,2026-08-19,0001104659-26-098782,EXHIBIT 99.1
BG,BG,Bunge Global SA,8-K,2026-07-29,0001628280-26-050334,EX-99.1
BG,BG,Bunge Global SA,8-K,2026-05-22,0001628280-26-037544,EX-99.1
BG,BG,Bunge Global SA,8-K,2026-04-29,0001628280-26-028079,EX-99.1
BG,BG,Bunge Global SA,8-K,2026-04-02,0001628280-26-023140,8-K
BG,BG,Bunge Global SA,8-K,2026-04-01,0001628280-26-022783,8-K
BG,BG,Bunge Global SA,8-K,2026-03-19,0001104659-26-032113,EXHIBIT 99.1
