date,series,val_geom_mt,val_vlm_mt,reconciled_mt,delta_pct,confidence,reconciled_by_debate,audit_status
2022-08-01,Alang,37128.7,26000.0,37128.7,35.26,86.0,False,REVIEW_REQUIRED
2022-09-01,Alang,37128.7,73554.8,37128.7,65.82,86.0,False,REVIEW_REQUIRED
2022-10-01,Alang,37128.7,76437.1,37128.7,69.23,86.0,False,REVIEW_REQUIRED
2022-11-01,Alang,71287.1,110177.0,71287.1,42.86,86.0,False,REVIEW_REQUIRED
2022-12-01,Alang,91336.6,143754.2,91336.6,44.59,86.0,False,REVIEW_REQUIRED
2023-01-01,Alang,98019.8,131612.1,98019.8,29.26,86.0,False,REVIEW_REQUIRED
2023-02-01,Alang,90594.1,93354.1,91422.1,3.0,95.0,True,PASS
2023-03-01,Alang,112871.3,70400.3,112871.3,46.35,86.0,False,REVIEW_REQUIRED
2023-04-01,Alang,83910.9,83854.3,83893.9,0.07,97.9,True,PASS
2023-05-01,Alang,62376.2,121346.5,62376.2,64.19,86.0,False,REVIEW_REQUIRED
2023-06-01,Alang,57920.8,148406.8,57920.8,87.71,86.0,False,REVIEW_REQUIRED
2023-07-01,Alang,66831.7,140156.1,66831.7,70.85,86.0,False,REVIEW_REQUIRED
2023-08-01,Alang,75742.6,104180.0,75742.6,31.61,86.0,False,REVIEW_REQUIRED
2023-09-01,Alang,74257.4,73554.8,74046.6,0.95,97.0,True,PASS
2023-10-01,Alang,65346.5,76437.1,68119.2,15.64,84.2,True,PASS
2023-11-01,Alang,144059.4,110177.0,144059.4,26.65,86.0,False,REVIEW_REQUIRED
2023-12-01,Alang,72772.3,143754.2,72772.3,65.56,86.0,False,REVIEW_REQUIRED
2024-01-01,Alang,74257.4,131612.1,74257.4,55.72,86.0,False,REVIEW_REQUIRED
2024-02-01,Alang,74257.4,93354.1,74257.4,22.79,86.0,False,REVIEW_REQUIRED
2024-03-01,Alang,25990.1,70400.3,25990.1,92.15,86.0,False,REVIEW_REQUIRED
2024-04-01,Alang,68316.8,83854.3,68316.8,20.42,86.0,False,REVIEW_REQUIRED
2024-05-01,Alang,96534.7,258000.0,96534.7,91.09,86.0,False,REVIEW_REQUIRED
2024-06-01,Alang,219802.0,148406.8,219802.0,38.78,86.0,False,REVIEW_REQUIRED
2024-07-01,Alang,51980.2,140156.1,51980.2,91.78,86.0,False,REVIEW_REQUIRED
2024-08-01,Alang,49009.9,104180.0,49009.9,72.03,86.0,False,REVIEW_REQUIRED
2024-09-01,Alang,69802.0,73554.8,70927.8,5.24,92.8,True,PASS
2024-10-01,Alang,59405.9,76437.1,59405.9,25.07,86.0,False,REVIEW_REQUIRED
2024-11-01,Alang,95049.5,110177.0,98831.4,14.74,84.6,True,PASS
2024-12-01,Alang,90594.1,143754.2,90594.1,45.37,86.0,False,REVIEW_REQUIRED
2025-01-01,Alang,96534.7,131612.1,96534.7,30.75,86.0,False,REVIEW_REQUIRED
2025-02-01,Alang,144802.0,93354.1,144802.0,43.21,86.0,False,REVIEW_REQUIRED
2025-03-01,Alang,89108.9,70400.3,89108.9,23.46,86.0,False,REVIEW_REQUIRED
2025-04-01,Alang,49752.5,83854.3,49752.5,51.05,86.0,False,REVIEW_REQUIRED
2025-05-01,Alang,32673.3,121346.5,32673.3,115.15,86.0,False,REVIEW_REQUIRED
2025-06-01,Alang,80198.0,148406.8,80198.0,59.67,86.0,False,REVIEW_REQUIRED
2025-07-01,Alang,136633.7,140156.1,137690.4,2.55,95.5,True,PASS
2025-08-01,Alang,126237.6,104180.0,120723.2,19.15,82.4,True,PASS
2025-09-01,Alang,181188.1,73554.8,181188.1,84.5,86.0,False,REVIEW_REQUIRED
2025-10-01,Alang,190099.0,76437.1,190099.0,85.29,86.0,False,REVIEW_REQUIRED
2025-11-01,Alang,148514.9,192000.0,148514.9,25.54,86.0,False,REVIEW_REQUIRED
2025-12-01,Alang,31188.1,143754.2,31188.1,128.69,86.0,False,REVIEW_REQUIRED
2026-01-01,Alang,83168.3,131612.1,83168.3,45.11,86.0,False,REVIEW_REQUIRED
2026-02-01,Alang,130693.1,93354.1,130693.1,33.33,86.0,False,REVIEW_REQUIRED
2026-03-01,Alang,74257.4,70400.3,73100.3,5.33,92.7,True,PASS
2026-04-01,Alang,84653.5,83854.3,84413.7,0.95,97.1,True,PASS
2026-05-01,Alang,62376.2,172000.0,62376.2,93.55,86.0,False,REVIEW_REQUIRED
2026-06-01,Alang,159653.5,148406.8,156279.5,7.3,90.7,True,PASS
2026-07-01,Alang,123267.3,140156.1,127489.5,12.82,85.6,True,PASS
2026-08-01,Alang,123267.3,101800.0,117900.5,19.08,82.5,True,PASS
2022-08-01,Chattogram,75742.6,91000.0,79556.9,18.3,82.8,True,PASS
2022-09-01,Chattogram,75742.6,109424.1,75742.6,36.38,86.0,False,REVIEW_REQUIRED
2022-10-01,Chattogram,75742.6,75959.3,75807.6,0.29,97.7,True,PASS
2022-11-01,Chattogram,63118.8,215000.0,63118.8,109.22,86.0,False,REVIEW_REQUIRED
2022-12-01,Chattogram,150000.0,76219.9,150000.0,65.23,86.0,False,REVIEW_REQUIRED
2023-01-01,Chattogram,25990.1,124451.5,25990.1,130.9,86.0,False,REVIEW_REQUIRED
2023-02-01,Chattogram,49752.5,126825.4,49752.5,87.3,86.0,False,REVIEW_REQUIRED
2023-03-01,Chattogram,63861.4,99939.2,63861.4,44.05,86.0,False,REVIEW_REQUIRED
2023-04-01,Chattogram,67574.3,68511.9,67855.6,1.38,96.6,True,PASS
2023-05-01,Chattogram,115841.6,550000.0,115841.6,130.41,86.0,False,REVIEW_REQUIRED
2023-06-01,Chattogram,399505.0,85220.5,399505.0,129.68,86.0,False,REVIEW_REQUIRED
2023-07-01,Chattogram,262871.3,117994.5,262871.3,76.08,86.0,False,REVIEW_REQUIRED
2023-08-01,Chattogram,83168.3,129627.5,83168.3,43.67,86.0,False,REVIEW_REQUIRED
2023-09-01,Chattogram,92079.2,109424.1,96415.4,17.22,83.4,True,PASS
2023-10-01,Chattogram,144059.4,75959.3,144059.4,61.9,86.0,False,REVIEW_REQUIRED
2023-11-01,Chattogram,83168.3,60000.3,83168.3,32.36,86.0,False,REVIEW_REQUIRED
2023-12-01,Chattogram,98019.8,76219.9,98019.8,25.02,86.0,False,REVIEW_REQUIRED
2024-01-01,Chattogram,22277.2,124451.5,22277.2,139.27,86.0,False,REVIEW_REQUIRED
2024-02-01,Chattogram,41584.2,126825.4,41584.2,101.23,86.0,False,REVIEW_REQUIRED
2024-03-01,Chattogram,93564.4,99939.2,95476.8,6.59,91.4,True,PASS
2024-04-01,Chattogram,46039.6,68511.9,46039.6,39.24,86.0,False,REVIEW_REQUIRED
2024-05-01,Chattogram,111386.1,138000.0,111386.1,21.34,86.0,False,REVIEW_REQUIRED
2024-06-01,Chattogram,131435.6,85220.5,131435.6,42.66,86.0,False,REVIEW_REQUIRED
2024-07-01,Chattogram,86138.6,117994.5,86138.6,31.21,86.0,False,REVIEW_REQUIRED
2024-08-01,Chattogram,34158.4,129627.5,34158.4,116.58,86.0,False,REVIEW_REQUIRED
2024-09-01,Chattogram,65346.5,109424.1,65346.5,50.44,86.0,False,REVIEW_REQUIRED
2024-10-01,Chattogram,90594.1,75959.3,86935.4,17.57,83.2,True,PASS
2024-11-01,Chattogram,46039.6,60000.3,46039.6,26.33,86.0,False,REVIEW_REQUIRED
2024-12-01,Chattogram,60148.5,76219.9,60148.5,23.57,86.0,False,REVIEW_REQUIRED
2025-01-01,Chattogram,78712.9,124451.5,78712.9,45.03,86.0,False,REVIEW_REQUIRED
2025-02-01,Chattogram,103960.4,126825.4,109676.6,19.81,82.1,True,PASS
2025-03-01,Chattogram,86881.2,99939.2,90145.7,13.98,85.0,True,PASS
2025-04-01,Chattogram,26732.7,68511.9,26732.7,87.73,86.0,False,REVIEW_REQUIRED
2025-05-01,Chattogram,59405.9,61437.7,60015.5,3.36,94.6,True,PASS
2025-06-01,Chattogram,66831.7,85220.5,66831.7,24.19,86.0,False,REVIEW_REQUIRED
2025-07-01,Chattogram,99505.0,117994.5,104127.3,17.0,83.5,True,PASS
2025-08-01,Chattogram,47524.8,129627.5,47524.8,92.69,86.0,False,REVIEW_REQUIRED
2025-09-01,Chattogram,35643.6,109424.1,35643.6,101.72,86.0,False,REVIEW_REQUIRED
2025-10-01,Chattogram,23762.4,75959.3,23762.4,104.69,86.0,False,REVIEW_REQUIRED
2025-11-01,Chattogram,75742.6,60000.3,75742.6,23.19,86.0,False,REVIEW_REQUIRED
2025-12-01,Chattogram,40841.6,76219.9,40841.6,60.44,86.0,False,REVIEW_REQUIRED
2026-01-01,Chattogram,44554.5,124451.5,44554.5,94.55,86.0,False,REVIEW_REQUIRED
2026-02-01,Chattogram,100990.1,126825.4,100990.1,22.68,86.0,False,REVIEW_REQUIRED
2026-03-01,Chattogram,68316.8,99939.2,68316.8,37.59,86.0,False,REVIEW_REQUIRED
2026-04-01,Chattogram,95049.5,68511.9,95049.5,32.45,86.0,False,REVIEW_REQUIRED
2026-05-01,Chattogram,115841.6,61437.7,115841.6,61.38,86.0,False,REVIEW_REQUIRED
2026-06-01,Chattogram,114356.4,85220.5,114356.4,29.2,86.0,False,REVIEW_REQUIRED
2026-07-01,Chattogram,118811.9,117994.5,118566.7,0.69,97.3,True,PASS
2026-08-01,Chattogram,118811.9,124500.0,120518.3,4.68,93.3,True,PASS
2022-08-01,Gadani,0.0,8500.0,0.0,200.0,86.0,False,REVIEW_REQUIRED
2022-09-01,Gadani,0.0,2500.0,0.0,200.0,86.0,False,REVIEW_REQUIRED
2022-10-01,Gadani,0.0,5500.0,0.0,200.0,86.0,False,REVIEW_REQUIRED
2022-11-01,Gadani,5940.6,8500.0,5940.6,35.45,86.0,False,REVIEW_REQUIRED
2022-12-01,Gadani,19306.9,2500.0,19306.9,154.14,86.0,False,REVIEW_REQUIRED
2023-01-01,Gadani,7425.7,5500.0,7425.7,29.8,86.0,False,REVIEW_REQUIRED
2023-02-01,Gadani,37128.7,8500.0,37128.7,125.49,86.0,False,REVIEW_REQUIRED
2023-03-01,Gadani,41584.2,2500.0,41584.2,177.32,86.0,False,REVIEW_REQUIRED
2023-04-01,Gadani,0.0,5500.0,0.0,200.0,86.0,False,REVIEW_REQUIRED
2023-05-01,Gadani,0.0,8500.0,0.0,200.0,86.0,False,REVIEW_REQUIRED
2023-06-01,Gadani,0.0,2500.0,0.0,200.0,86.0,False,REVIEW_REQUIRED
2023-07-01,Gadani,0.0,5500.0,0.0,200.0,86.0,False,REVIEW_REQUIRED
2023-08-01,Gadani,0.0,8500.0,0.0,200.0,86.0,False,REVIEW_REQUIRED
2023-09-01,Gadani,0.0,52000.0,0.0,200.0,86.0,False,REVIEW_REQUIRED
2023-10-01,Gadani,44554.5,5500.0,44554.5,156.05,86.0,False,REVIEW_REQUIRED
2023-11-01,Gadani,29703.0,8500.0,29703.0,111.0,86.0,False,REVIEW_REQUIRED
2023-12-01,Gadani,17821.8,2500.0,17821.8,150.79,86.0,False,REVIEW_REQUIRED
2024-01-01,Gadani,1485.1,5500.0,1485.1,114.95,86.0,False,REVIEW_REQUIRED
2024-02-01,Gadani,29703.0,8500.0,29703.0,111.0,86.0,False,REVIEW_REQUIRED
2024-03-01,Gadani,34158.4,2500.0,34158.4,172.72,86.0,False,REVIEW_REQUIRED
2024-04-01,Gadani,40099.0,5500.0,40099.0,151.75,86.0,False,REVIEW_REQUIRED
2024-05-01,Gadani,23762.4,52000.0,23762.4,74.54,86.0,False,REVIEW_REQUIRED
2024-06-01,Gadani,53465.3,2500.0,53465.3,182.13,86.0,False,REVIEW_REQUIRED
2024-07-01,Gadani,14108.9,5500.0,14108.9,87.81,86.0,False,REVIEW_REQUIRED
2024-08-01,Gadani,10396.0,8500.0,10396.0,20.07,86.0,False,REVIEW_REQUIRED
2024-09-01,Gadani,0.0,2500.0,0.0,200.0,86.0,False,REVIEW_REQUIRED
2024-10-01,Gadani,0.0,5500.0,0.0,200.0,86.0,False,REVIEW_REQUIRED
2024-11-01,Gadani,0.0,8500.0,0.0,200.0,86.0,False,REVIEW_REQUIRED
2024-12-01,Gadani,0.0,2500.0,0.0,200.0,86.0,False,REVIEW_REQUIRED
2025-01-01,Gadani,0.0,5500.0,0.0,200.0,86.0,False,REVIEW_REQUIRED
2025-02-01,Gadani,0.0,8500.0,0.0,200.0,86.0,False,REVIEW_REQUIRED
2025-03-01,Gadani,0.0,2500.0,0.0,200.0,86.0,False,REVIEW_REQUIRED
2025-04-01,Gadani,7425.7,5500.0,7425.7,29.8,86.0,False,REVIEW_REQUIRED
2025-05-01,Gadani,1485.1,8500.0,1485.1,140.51,86.0,False,REVIEW_REQUIRED
2025-06-01,Gadani,0.0,2500.0,0.0,200.0,86.0,False,REVIEW_REQUIRED
2025-07-01,Gadani,0.0,5500.0,0.0,200.0,86.0,False,REVIEW_REQUIRED
2025-08-01,Gadani,20792.1,8500.0,20792.1,83.93,86.0,False,REVIEW_REQUIRED
2025-09-01,Gadani,3712.9,2500.0,3712.9,39.04,86.0,False,REVIEW_REQUIRED
2025-10-01,Gadani,28217.8,5500.0,28217.8,134.75,86.0,False,REVIEW_REQUIRED
2025-11-01,Gadani,1485.1,8500.0,1485.1,140.51,86.0,False,REVIEW_REQUIRED
2025-12-01,Gadani,1485.1,2500.0,1485.1,50.93,86.0,False,REVIEW_REQUIRED
2026-01-01,Gadani,1485.1,5500.0,1485.1,114.95,86.0,False,REVIEW_REQUIRED
2026-02-01,Gadani,25247.5,8500.0,25247.5,99.25,86.0,False,REVIEW_REQUIRED
2026-03-01,Gadani,8910.9,2500.0,8910.9,112.36,86.0,False,REVIEW_REQUIRED
2026-04-01,Gadani,0.0,5500.0,0.0,200.0,86.0,False,REVIEW_REQUIRED
2026-05-01,Gadani,4455.4,8500.0,4455.4,62.44,86.0,False,REVIEW_REQUIRED
2026-06-01,Gadani,11881.2,2500.0,11881.2,130.46,86.0,False,REVIEW_REQUIRED
2026-07-01,Gadani,11881.2,5500.0,11881.2,73.43,86.0,False,REVIEW_REQUIRED
2026-08-01,Gadani,11881.2,12000.0,11916.8,1.0,97.0,True,PASS
